Day,"Ad name","Amount spent (USD)",Impressions,"Link clicks",Purchases,"Purchases conversion value","Purchase ROAS (return on ad spend)","CPC (cost per link click)","CTR (link click-through rate)","CPM (cost per 1,000 impressions)","Link (ad settings)","Reporting starts","Reporting ends"
2026-03-29,"27.03.26 | Video - 2 | LogOX_3in1tool_batch2_V2 |  Text Variation - 1 | LP : PDP",5.9,1168,3,,,,1.96666667,0.25684932,5.05136986,https://www.thelogox.com/products/logox-3-in-1,2026-03-29,2026-03-29
2026-03-29,"25.02.26 |  Static - 5 | LogOX 3-in-1 Forestry MultiTool| Text Variation - 1 | LP : PDP",1.8,159,1,,,,1.8,0.62893082,11.32075472,https://www.thelogox.com/products/logox-3-in-1,2026-03-29,2026-03-29
2026-03-29,"3-in-1 Forestry MultiTool Static",18.19,1644,11,2,370,20.34084662,1.65363636,0.66909976,11.06447689,https://www.thelogox.com/pages/multitool,2026-03-29,2026-03-29
2026-03-29,"Vid YT4 937590921720937",47.95,4447,49,4,659.1,13.7455683,0.97857143,1.10186643,10.78255003,https://www.thelogox.com/pages/multitool,2026-03-29,2026-03-29
2026-03-29,"Vid FB1 937590858387610",146.28,13867,157,5,1085.8,7.42275089,0.93171975,1.13218432,10.54878488,https://www.thelogox.com/pages/multitool,2026-03-29,2026-03-29
2026-03-29,"Video | Site B | Austin  - 816341450512552",114.16,8701,131,5,1191,10.432726,0.87145038,1.50557407,13.120331,https://www.thelogox.com/pages/multitool?utm_source=ABM,2026-03-29,2026-03-29
2026-03-29,"19.01.26 | LOGOX V1 | Hearth Bin Adjustable Firewood Rack | Text Variation - 1 | LP : PDP",0.82,56,2,,,,0.41,3.57142857,14.64285714,https://www.thelogox.com/products/logox-firewood-hearth-bin,2026-03-29,2026-03-29
2026-03-29,"3-in-1 Forestry MultiTool Static",2.89,153,2,,,,1.445,1.30718954,18.88888889,https://www.thelogox.com/pages/multitool,2026-03-29,2026-03-29
2026-03-29,"Video | Site B | Austin  - 711679707645394",98.56,6720,106,1,260.1,2.63900162,0.92981132,1.57738095,14.66666667,https://www.thelogox.com/pages/multitool?utm_source=ABM,2026-03-29,2026-03-29
2026-03-29,"17.11.25 | Video -2 | LogOX 3-in-1 Forestry MultiTool | Text Variation - 1 LP - PDP",1.53,89,1,,,,1.53,1.12359551,17.19101124,https://www.thelogox.com/products/logox-3-in-1,2026-03-29,2026-03-29
2026-03-29,"17.11.25 | Video - 6 | TimberOX Summit 30-Ton | Text Variation - 3 | LP - PDP",8.34,518,41,,,,0.20341463,7.91505792,16.1003861,https://www.thelogox.com/products/timberox,2026-03-29,2026-03-29
2026-03-29,"06.01.26 | B6.V2 | Forester Package | Text Variation - 1 | LP : Forester Package",14.08,836,22,,,,0.64,2.63157895,16.84210526,https://www.thelogox.com/products/forester-package,2026-03-29,2026-03-29
2026-03-29,"25.02.26 |  Static - 8 | LogOX 3-in-1 Forestry MultiTool| Text Variation - 1 | LP : PDP",0.13,15,1,,,,0.13,6.66666667,8.66666667,https://www.thelogox.com/products/logox-3-in-1,2026-03-29,2026-03-29
2026-03-29,"25.02.26 | Static - 7 | LogOX 3-in-1 Forestry MultiTool | Text Variation - 1 | LP : PDP",3.58,390,2,,,,1.79,0.51282051,9.17948718,https://www.thelogox.com/products/logox-3-in-1,2026-03-29,2026-03-29
2026-03-29,"25.02.26 |  Static - 3 | LogOX 3-in-1 Forestry MultiTool| Text Variation - 1 | LP : PDP",129.53,10658,54,4,466.9,3.60457037,2.3987037,0.50666166,12.15331207,https://www.thelogox.com/products/logox-3-in-1,2026-03-29,2026-03-29
2026-03-29,"09.12.25 | Video -2 | LogOX 3-in-1 Forestry MultiTool | Text Variation - 1 LP : Multitool PDP",7.89,430,4,,,,1.9725,0.93023256,18.34883721,https://www.thelogox.com/pages/multitool,2026-03-29,2026-03-29
2026-03-29,"25.02.26 |  Static - 4 | LogOX 3-in-1 Forestry MultiTool| Text Variation - 1 | LP : PDP",1.58,105,,,,,,,15.04761905,https://www.thelogox.com/products/logox-3-in-1,2026-03-29,2026-03-29
2026-03-29,"12.03.26 | Video - 4 | LogOX 3-in-1 Forestry MultiTool | Text Variation - 2 | LP : PDP",25.34,3121,48,2,558,22.02052092,0.52791667,1.5379686,8.11919257,https://www.thelogox.com/products/logox-3-in-1,2026-03-29,2026-03-29
2026-03-29,"27.03.26 | Video - 1 | LogOX_3in1tool_batch2_V1 | Text Variation - 1 | LP : PDP",14.69,2096,9,,,,1.63222222,0.42938931,7.00858779,https://www.thelogox.com/products/logox-3-in-1,2026-03-29,2026-03-29
2026-03-29,"25.02.26 | Video - 6 | LogOX_3-in-1tool_podcast_revised | Text Variation - 1 | LP : PDP",0,0,,2,370,,,,,https://www.thelogox.com/products/logox-3-in-1,2026-03-29,2026-03-29
2026-03-29,"18.03.26 | LogOX 3-in-1 Forestry MultiTool Static | LP : PDP",27.35,1882,28,,,,0.97678571,1.48777896,14.53241233,https://www.thelogox.com/products/logox-3-in-1,2026-03-29,2026-03-29
2026-03-29,"18.03.26 | LogOX 3-in-1 Forestry MultiTool | Video | Site B | Austin  - 816341450512552 | LP : PDP",13.92,939,24,,,,0.58,2.55591054,14.82428115,https://www.thelogox.com/products/logox-3-in-1,2026-03-29,2026-03-29
2026-03-29,"18.03.26 | LogOX 3-in-1 Forestry MultiTool | Vid YT4 937590921720937 | LP : PDP",18,1631,16,,,,1.125,0.98099326,11.03617413,https://www.thelogox.com/products/logox-3-in-1,2026-03-29,2026-03-29
2026-03-29,"18.03.26 | LogOX 3-in-1 Forestry MultiTool | Vid FB1 937590858387610 | LP : PDP",11.66,867,12,,,,0.97166667,1.38408304,13.44867359,https://www.thelogox.com/products/logox-3-in-1,2026-03-29,2026-03-29
2026-03-29,"27.03.26 | Video - 3 | LogOX_3in1tool_batch2_V3 |  Text Variation - 2 | LP : PDP",4.69,617,3,,,,1.56333333,0.48622366,7.6012966,https://www.thelogox.com/products/logox-3-in-1,2026-03-29,2026-03-29
2026-03-29,"12.03.26 | Video - 3 | LogOX 3-in-1 Forestry MultiTool | Text Variation - 2 | LP : PDP",2.33,564,3,,,,0.77666667,0.53191489,4.13120567,https://www.thelogox.com/products/logox-3-in-1,2026-03-29,2026-03-29
2026-03-29,"12.03.26 | Video - 1 | LogOX 3-in-1 Forestry MultiTool | Text Variation - 1 | LP : PDP",1.79,344,9,,,,0.19888889,2.61627907,5.20348837,https://www.thelogox.com/products/logox-3-in-1,2026-03-29,2026-03-29
2026-03-29,"25.02.26 |  Static -1 | LogOX 3-in-1 Forestry MultiTool| Text Variation - 1 | LP : PDP",0.63,72,,,,,,,8.75,https://www.thelogox.com/products/logox-3-in-1,2026-03-29,2026-03-29
2026-03-29,"25.02.26 |  Static - 2 | LogOX 3-in-1 Forestry MultiTool| Text Variation - 1 | LP : PDP",1.32,163,2,,,,0.66,1.22699387,8.09815951,https://www.thelogox.com/products/logox-3-in-1,2026-03-29,2026-03-29
2026-03-29,"25.02.26 |  Static - 6 | LogOX 3-in-1 Forestry MultiTool| Text Variation - 1 | LP : PDP",1.55,166,,,,,,,9.3373494,https://www.thelogox.com/products/logox-3-in-1,2026-03-29,2026-03-29
2026-03-29,"12.03.26 | Video - 2 | LogOX 3-in-1 Forestry MultiTool | Text Variation - 1 | LP : PDP",6.36,933,5,1,289,45.44025157,1.272,0.53590568,6.81672026,https://www.thelogox.com/products/logox-3-in-1,2026-03-29,2026-03-29
2026-03-28,"17.11.25 | Video -2 | LogOX 3-in-1 Forestry MultiTool | Text Variation - 1 LP - PDP",0.08,9,,,,,,,8.88888889,https://www.thelogox.com/products/logox-3-in-1,2026-03-28,2026-03-28
2026-03-28,"25.02.26 |  Static - 3 | LogOX 3-in-1 Forestry MultiTool| Text Variation - 1 | LP : PDP",102.25,9239,49,5,1696.78,16.59442543,2.08673469,0.53036043,11.06721507,https://www.thelogox.com/products/logox-3-in-1,2026-03-28,2026-03-28
2026-03-28,"25.02.26 | Static - 7 | LogOX 3-in-1 Forestry MultiTool | Text Variation - 1 | LP : PDP",5.61,637,5,,,,1.122,0.78492936,8.80690738,https://www.thelogox.com/products/logox-3-in-1,2026-03-28,2026-03-28
2026-03-28,"25.02.26 |  Static - 8 | LogOX 3-in-1 Forestry MultiTool| Text Variation - 1 | LP : PDP",0.21,25,,,,,,,8.4,https://www.thelogox.com/products/logox-3-in-1,2026-03-28,2026-03-28
2026-03-28,"06.01.26 | B6.V2 | Forester Package | Text Variation - 1 | LP : Forester Package",14.02,744,23,,,,0.60956522,3.09139785,18.84408602,https://www.thelogox.com/products/forester-package,2026-03-28,2026-03-28
2026-03-28,"17.11.25 | Video - 6 | TimberOX Summit 30-Ton | Text Variation - 3 | LP - PDP",9.35,579,19,,,,0.49210526,3.28151986,16.14853195,https://www.thelogox.com/products/timberox,2026-03-28,2026-03-28
2026-03-28,"Video | Site B | Austin  - 816341450512552",99.13,7966,98,3,855,8.62503783,1.01153061,1.23022847,12.44413758,https://www.thelogox.com/pages/multitool?utm_source=ABM,2026-03-28,2026-03-28
2026-03-28,"Video | Site B | Austin  - 711679707645394",108.14,6726,79,,,,1.36886076,1.17454654,16.07790663,https://www.thelogox.com/pages/multitool?utm_source=ABM,2026-03-28,2026-03-28
2026-03-28,"19.01.26 | LOGOX V1 | Hearth Bin Adjustable Firewood Rack | Text Variation - 1 | LP : PDP",0.98,54,2,,,,0.49,3.7037037,18.14814815,https://www.thelogox.com/products/logox-firewood-hearth-bin,2026-03-28,2026-03-28
2026-03-28,"Vid FB1 937590858387610",128.92,12414,139,1,355.5,2.75752405,0.92748201,1.11970356,10.38504914,https://www.thelogox.com/pages/multitool,2026-03-28,2026-03-28
2026-03-28,"Vid YT4 937590921720937",51.48,4380,44,1,343.95,6.68123543,1.17,1.00456621,11.75342466,https://www.thelogox.com/pages/multitool,2026-03-28,2026-03-28
2026-03-28,"3-in-1 Forestry MultiTool Static",16.66,1567,9,,,,1.85111111,0.57434588,10.63178047,https://www.thelogox.com/pages/multitool,2026-03-28,2026-03-28
2026-03-28,"25.02.26 |  Static - 4 | LogOX 3-in-1 Forestry MultiTool| Text Variation - 1 | LP : PDP",1.07,144,,,,,,,7.43055556,https://www.thelogox.com/products/logox-3-in-1,2026-03-28,2026-03-28
2026-03-28,"25.02.26 |  Static - 5 | LogOX 3-in-1 Forestry MultiTool| Text Variation - 1 | LP : PDP",0.38,34,,,,,,,11.17647059,https://www.thelogox.com/products/logox-3-in-1,2026-03-28,2026-03-28
2026-03-28,"09.12.25 | Video -2 | LogOX 3-in-1 Forestry MultiTool | Text Variation - 1 LP : Multitool PDP",10.76,597,10,,,,1.076,1.67504188,18.02345059,https://www.thelogox.com/pages/multitool,2026-03-28,2026-03-28
2026-03-28,"25.02.26 |  Static - 6 | LogOX 3-in-1 Forestry MultiTool| Text Variation - 1 | LP : PDP",2.49,261,4,,,,0.6225,1.53256705,9.54022989,https://www.thelogox.com/products/logox-3-in-1,2026-03-28,2026-03-28
2026-03-28,"18.03.26 | LogOX 3-in-1 Forestry MultiTool | Vid YT4 937590921720937 | LP : PDP",15,1593,19,,,,0.78947368,1.19271814,9.41619586,https://www.thelogox.com/products/logox-3-in-1,2026-03-28,2026-03-28
2026-03-28,"25.02.26 |  Static - 2 | LogOX 3-in-1 Forestry MultiTool| Text Variation - 1 | LP : PDP",2.97,218,2,,,,1.485,0.91743119,13.62385321,https://www.thelogox.com/products/logox-3-in-1,2026-03-28,2026-03-28
2026-03-28,"27.03.26 | Video - 1 | LogOX_3in1tool_batch2_V1 | Text Variation - 1 | LP : PDP",7.48,869,5,,,,1.496,0.57537399,8.60759494,https://www.thelogox.com/products/logox-3-in-1,2026-03-28,2026-03-28
2026-03-28,"27.03.26 | Video - 3 | LogOX_3in1tool_batch2_V3 |  Text Variation - 2 | LP : PDP",5.03,736,2,2,7225,1436.38170974,2.515,0.27173913,6.83423913,https://www.thelogox.com/products/logox-3-in-1,2026-03-28,2026-03-28
2026-03-28,"18.03.26 | LogOX 3-in-1 Forestry MultiTool Static | LP : PDP",17.49,1321,12,,,,1.4575,0.90840273,13.23996972,https://www.thelogox.com/products/logox-3-in-1,2026-03-28,2026-03-28
2026-03-28,"18.03.26 | LogOX 3-in-1 Forestry MultiTool | Video | Site B | Austin  - 816341450512552 | LP : PDP",15.99,1334,12,1,145.54,9.10193871,1.3325,0.89955022,11.98650675,https://www.thelogox.com/products/logox-3-in-1,2026-03-28,2026-03-28
2026-03-28,"27.03.26 | Video - 2 | LogOX_3in1tool_batch2_V2 |  Text Variation - 1 | LP : PDP",9.42,1054,4,,,,2.355,0.37950664,8.9373814,https://www.thelogox.com/products/logox-3-in-1,2026-03-28,2026-03-28
2026-03-28,"18.03.26 | LogOX 3-in-1 Forestry MultiTool | Vid FB1 937590858387610 | LP : PDP",7.91,630,8,,,,0.98875,1.26984127,12.55555556,https://www.thelogox.com/products/logox-3-in-1,2026-03-28,2026-03-28
2026-03-28,"12.03.26 | Video - 3 | LogOX 3-in-1 Forestry MultiTool | Text Variation - 2 | LP : PDP",1.01,224,,,,,,,4.50892857,https://www.thelogox.com/products/logox-3-in-1,2026-03-28,2026-03-28
2026-03-28,"12.03.26 | Video - 2 | LogOX 3-in-1 Forestry MultiTool | Text Variation - 1 | LP : PDP",8.72,1208,6,,,,1.45333333,0.49668874,7.21854305,https://www.thelogox.com/products/logox-3-in-1,2026-03-28,2026-03-28
2026-03-28,"12.03.26 | Video - 1 | LogOX 3-in-1 Forestry MultiTool | Text Variation - 1 | LP : PDP",0.95,195,2,,,,0.475,1.02564103,4.87179487,https://www.thelogox.com/products/logox-3-in-1,2026-03-28,2026-03-28
2026-03-28,"25.02.26 |  Static -1 | LogOX 3-in-1 Forestry MultiTool| Text Variation - 1 | LP : PDP",0.41,49,,,,,,,8.36734694,https://www.thelogox.com/products/logox-3-in-1,2026-03-28,2026-03-28
2026-03-28,"12.03.26 | Video - 4 | LogOX 3-in-1 Forestry MultiTool | Text Variation - 2 | LP : PDP",16.58,2118,19,,,,0.87263158,0.89707271,7.82813975,https://www.thelogox.com/products/logox-3-in-1,2026-03-28,2026-03-28
2026-03-27,"17.11.25 | Video - 6 | TimberOX Summit 30-Ton | Text Variation - 3 | LP - PDP",7.45,466,22,,,,0.33863636,4.72103004,15.98712446,https://www.thelogox.com/products/timberox,2026-03-27,2026-03-27
2026-03-27,"25.02.26 |  Static - 3 | LogOX 3-in-1 Forestry MultiTool| Text Variation - 1 | LP : PDP",104.1,8845,47,5,1736.9,16.68491835,2.21489362,0.53137366,11.76936122,https://www.thelogox.com/products/logox-3-in-1,2026-03-27,2026-03-27
2026-03-27,"25.02.26 | Static - 7 | LogOX 3-in-1 Forestry MultiTool | Text Variation - 1 | LP : PDP",4.93,460,6,,,,0.82166667,1.30434783,10.7173913,https://www.thelogox.com/products/logox-3-in-1,2026-03-27,2026-03-27
2026-03-27,"25.02.26 |  Static - 8 | LogOX 3-in-1 Forestry MultiTool| Text Variation - 1 | LP : PDP",0.02,1,,,,,,,20,https://www.thelogox.com/products/logox-3-in-1,2026-03-27,2026-03-27
2026-03-27,"06.01.26 | B6.V2 | Forester Package | Text Variation - 1 | LP : Forester Package",9.7,512,12,,,,0.80833333,2.34375,18.9453125,https://www.thelogox.com/products/forester-package,2026-03-27,2026-03-27
2026-03-27,"09.12.25 | Video -2 | LogOX 3-in-1 Forestry MultiTool | Text Variation - 1 LP : Multitool PDP",9.32,352,2,,,,4.66,0.56818182,26.47727273,https://www.thelogox.com/pages/multitool,2026-03-27,2026-03-27
2026-03-27,"19.01.26 | LOGOX V1 | Hearth Bin Adjustable Firewood Rack | Text Variation - 1 | LP : PDP",0.49,31,,,,,,,15.80645161,https://www.thelogox.com/products/logox-firewood-hearth-bin,2026-03-27,2026-03-27
2026-03-27,"17.11.25 | Video -2 | LogOX 3-in-1 Forestry MultiTool | Text Variation - 1 LP - PDP",0.89,49,1,,,,0.89,2.04081633,18.16326531,https://www.thelogox.com/products/logox-3-in-1,2026-03-27,2026-03-27
2026-03-27,"Video | Site B | Austin  - 711679707645394",47.39,2781,50,,,,0.9478,1.79791442,17.04063287,https://www.thelogox.com/pages/multitool?utm_source=ABM,2026-03-27,2026-03-27
2026-03-27,"3-in-1 Forestry MultiTool Static",0.11,5,,,,,,,22,https://www.thelogox.com/pages/multitool,2026-03-27,2026-03-27
2026-03-27,"Video | Site B | Austin  - 816341450512552",83.74,6522,101,3,880.05,10.50931455,0.82910891,1.54860472,12.83961975,https://www.thelogox.com/pages/multitool?utm_source=ABM,2026-03-27,2026-03-27
2026-03-27,"Vid FB1 937590858387610",149.89,13297,135,4,1156,7.71232237,1.1102963,1.0152666,11.27246747,https://www.thelogox.com/pages/multitool,2026-03-27,2026-03-27
2026-03-27,"Vid YT4 937590921720937",48.92,3870,50,1,289,5.90760425,0.9784,1.29198966,12.64082687,https://www.thelogox.com/pages/multitool,2026-03-27,2026-03-27
2026-03-27,"3-in-1 Forestry MultiTool Static",17.56,1574,12,1,289,16.45785877,1.46333333,0.76238882,11.15628971,https://www.thelogox.com/pages/multitool,2026-03-27,2026-03-27
2026-03-27,"25.02.26 |  Static - 5 | LogOX 3-in-1 Forestry MultiTool| Text Variation - 1 | LP : PDP",0.02,2,,,,,,,10,https://www.thelogox.com/products/logox-3-in-1,2026-03-27,2026-03-27
2026-03-27,"25.02.26 |  Static - 4 | LogOX 3-in-1 Forestry MultiTool| Text Variation - 1 | LP : PDP",0.29,33,,,,,,,8.78787879,https://www.thelogox.com/products/logox-3-in-1,2026-03-27,2026-03-27
2026-03-27,"25.02.26 |  Static - 6 | LogOX 3-in-1 Forestry MultiTool| Text Variation - 1 | LP : PDP",2.82,195,2,,,,1.41,1.02564103,14.46153846,https://www.thelogox.com/products/logox-3-in-1,2026-03-27,2026-03-27
2026-03-27,"18.03.26 | LogOX 3-in-1 Forestry MultiTool | Vid YT4 937590921720937 | LP : PDP",15.6,1384,22,,,,0.70909091,1.58959538,11.2716763,https://www.thelogox.com/products/logox-3-in-1,2026-03-27,2026-03-27
2026-03-27,"25.02.26 |  Static - 2 | LogOX 3-in-1 Forestry MultiTool| Text Variation - 1 | LP : PDP",2.14,113,3,,,,0.71333333,2.65486726,18.9380531,https://www.thelogox.com/products/logox-3-in-1,2026-03-27,2026-03-27
2026-03-27,"27.03.26 | Video - 2 | LogOX_3in1tool_batch2_V2 |  Text Variation - 1 | LP : PDP",5.58,711,5,,,,1.116,0.70323488,7.84810127,https://www.thelogox.com/products/logox-3-in-1,2026-03-27,2026-03-27
2026-03-27,"27.03.26 | Video - 1 | LogOX_3in1tool_batch2_V1 | Text Variation - 1 | LP : PDP",7.49,768,3,,,,2.49666667,0.390625,9.75260417,https://www.thelogox.com/products/logox-3-in-1,2026-03-27,2026-03-27
2026-03-27,"27.03.26 | Video - 3 | LogOX_3in1tool_batch2_V3 |  Text Variation - 2 | LP : PDP",7.78,856,,,,,,,9.08878505,https://www.thelogox.com/products/logox-3-in-1,2026-03-27,2026-03-27
2026-03-27,"18.03.26 | LogOX 3-in-1 Forestry MultiTool | Video | Site B | Austin  - 816341450512552 | LP : PDP",16.55,1293,22,,,,0.75227273,1.70146945,12.79969064,https://www.thelogox.com/products/logox-3-in-1,2026-03-27,2026-03-27
2026-03-27,"18.03.26 | LogOX 3-in-1 Forestry MultiTool Static | LP : PDP",21.5,2001,15,1,279,12.97674419,1.43333333,0.74962519,10.74462769,https://www.thelogox.com/products/logox-3-in-1,2026-03-27,2026-03-27
2026-03-27,"18.03.26 | LogOX 3-in-1 Forestry MultiTool | Vid FB1 937590858387610 | LP : PDP",5.86,400,12,,,,0.48833333,3,14.65,https://www.thelogox.com/products/logox-3-in-1,2026-03-27,2026-03-27
2026-03-27,"12.03.26 | Video - 4 | LogOX 3-in-1 Forestry MultiTool | Text Variation - 2 | LP : PDP",19.01,2313,16,,,,1.188125,0.69174233,8.21876351,https://www.thelogox.com/products/logox-3-in-1,2026-03-27,2026-03-27
2026-03-27,"12.03.26 | Video - 3 | LogOX 3-in-1 Forestry MultiTool | Text Variation - 2 | LP : PDP",3.29,452,3,,,,1.09666667,0.66371681,7.27876106,https://www.thelogox.com/products/logox-3-in-1,2026-03-27,2026-03-27
2026-03-27,"12.03.26 | Video - 2 | LogOX 3-in-1 Forestry MultiTool | Text Variation - 1 | LP : PDP",10.84,1430,14,,,,0.77428571,0.97902098,7.58041958,https://www.thelogox.com/products/logox-3-in-1,2026-03-27,2026-03-27
2026-03-27,"12.03.26 | Video - 1 | LogOX 3-in-1 Forestry MultiTool | Text Variation - 1 | LP : PDP",1.32,358,,,,,,,3.68715084,https://www.thelogox.com/products/logox-3-in-1,2026-03-27,2026-03-27
2026-03-27,"25.02.26 |  Static -1 | LogOX 3-in-1 Forestry MultiTool| Text Variation - 1 | LP : PDP",0.94,61,2,,,,0.47,3.27868852,15.40983607,https://www.thelogox.com/products/logox-3-in-1,2026-03-27,2026-03-27
2026-03-26,"17.11.25 | Video -2 | LogOX 3-in-1 Forestry MultiTool | Text Variation - 1 LP - PDP",0.69,50,3,,,,0.23,6,13.8,https://www.thelogox.com/products/logox-3-in-1,2026-03-26,2026-03-26
2026-03-26,"25.02.26 |  Static - 3 | LogOX 3-in-1 Forestry MultiTool| Text Variation - 1 | LP : PDP",96.57,8906,33,7,2718.1,28.14642228,2.92636364,0.37053672,10.84325174,https://www.thelogox.com/products/logox-3-in-1,2026-03-26,2026-03-26
2026-03-26,"25.02.26 | Static - 7 | LogOX 3-in-1 Forestry MultiTool | Text Variation - 1 | LP : PDP",3.78,410,1,1,37.99,10.05026455,3.78,0.24390244,9.2195122,https://www.thelogox.com/products/logox-3-in-1,2026-03-26,2026-03-26
2026-03-26,"25.02.26 |  Static - 8 | LogOX 3-in-1 Forestry MultiTool| Text Variation - 1 | LP : PDP",0.03,4,,,,,,,7.5,https://www.thelogox.com/products/logox-3-in-1,2026-03-26,2026-03-26
2026-03-26,"06.01.26 | B6.V2 | Forester Package | Text Variation - 1 | LP : Forester Package",9.18,358,11,,,,0.83454545,3.0726257,25.6424581,https://www.thelogox.com/products/forester-package,2026-03-26,2026-03-26
2026-03-26,"17.11.25 | Video - 6 | TimberOX Summit 30-Ton | Text Variation - 3 | LP - PDP",5.02,358,12,,,,0.41833333,3.35195531,14.02234637,https://www.thelogox.com/products/timberox,2026-03-26,2026-03-26
2026-03-26,"25.02.26 |  Static - 4 | LogOX 3-in-1 Forestry MultiTool| Text Variation - 1 | LP : PDP",0.55,77,1,,,,0.55,1.2987013,7.14285714,https://www.thelogox.com/products/logox-3-in-1,2026-03-26,2026-03-26
2026-03-26,"Video | Site B | Austin  - 711679707645394",22.3,1634,31,,,,0.71935484,1.89718482,13.64749082,https://www.thelogox.com/pages/multitool?utm_source=ABM,2026-03-26,2026-03-26
2026-03-26,"3-in-1 Forestry MultiTool Static",0.03,8,,,,,,,3.75,https://www.thelogox.com/pages/multitool,2026-03-26,2026-03-26
2026-03-26,"19.01.26 | LOGOX V1 | Hearth Bin Adjustable Firewood Rack | Text Variation - 1 | LP : PDP",0.55,28,1,,,,0.55,3.57142857,19.64285714,https://www.thelogox.com/products/logox-firewood-hearth-bin,2026-03-26,2026-03-26
2026-03-26,"Video | Site B | Austin  - 816341450512552",86.31,7436,103,2,568,6.58092921,0.83796117,1.38515331,11.6070468,https://www.thelogox.com/pages/multitool?utm_source=ABM,2026-03-26,2026-03-26
2026-03-26,"Vid FB1 937590858387610",139.49,13063,164,,,,0.85054878,1.25545434,10.67825155,https://www.thelogox.com/pages/multitool,2026-03-26,2026-03-26
2026-03-26,"Vid YT4 937590921720937",47.92,4080,49,1,385,8.03422371,0.97795918,1.20098039,11.74509804,https://www.thelogox.com/pages/multitool,2026-03-26,2026-03-26
2026-03-26,"3-in-1 Forestry MultiTool Static",14.04,1433,9,1,74.95,5.33831909,1.56,0.62805304,9.79762736,https://www.thelogox.com/pages/multitool,2026-03-26,2026-03-26
2026-03-26,"25.02.26 |  Static - 5 | LogOX 3-in-1 Forestry MultiTool| Text Variation - 1 | LP : PDP",0.13,17,,,,,,,7.64705882,https://www.thelogox.com/products/logox-3-in-1,2026-03-26,2026-03-26
2026-03-26,"09.12.25 | Video -2 | LogOX 3-in-1 Forestry MultiTool | Text Variation - 1 LP : Multitool PDP",2.62,154,2,,,,1.31,1.2987013,17.01298701,https://www.thelogox.com/pages/multitool,2026-03-26,2026-03-26
2026-03-26,"25.02.26 |  Video - 3 | LogOX_3-in-1tool_video_revised | Text Variation - 1 | LP : PDP",2.76,393,3,,,,0.92,0.76335878,7.02290076,https://www.thelogox.com/products/logox-3-in-1,2026-03-26,2026-03-26
2026-03-26,"12.03.26 | Video - 2 | LogOX 3-in-1 Forestry MultiTool | Text Variation - 1 | LP : PDP",4.92,911,8,,,,0.615,0.87815587,5.40065862,https://www.thelogox.com/products/logox-3-in-1,2026-03-26,2026-03-26
2026-03-26,"18.03.26 | LogOX 3-in-1 Forestry MultiTool Static | LP : PDP",21.75,1998,21,,,,1.03571429,1.05105105,10.88588589,https://www.thelogox.com/products/logox-3-in-1,2026-03-26,2026-03-26
2026-03-26,"18.03.26 | LogOX 3-in-1 Forestry MultiTool | Video | Site B | Austin  - 816341450512552 | LP : PDP",19.62,1467,20,,,,0.981,1.36332652,13.37423313,https://www.thelogox.com/products/logox-3-in-1,2026-03-26,2026-03-26
2026-03-26,"18.03.26 | LogOX 3-in-1 Forestry MultiTool | Vid YT4 937590921720937 | LP : PDP",11.76,1091,17,1,289,24.57482993,0.69176471,1.55820348,10.77910174,https://www.thelogox.com/products/logox-3-in-1,2026-03-26,2026-03-26
2026-03-26,"18.03.26 | LogOX 3-in-1 Forestry MultiTool | Vid FB1 937590858387610 | LP : PDP",5.57,417,13,,,,0.42846154,3.117506,13.35731415,https://www.thelogox.com/products/logox-3-in-1,2026-03-26,2026-03-26
2026-03-26,"12.03.26 | Video - 4 | LogOX 3-in-1 Forestry MultiTool | Text Variation - 2 | LP : PDP",27.92,3613,26,2,,,1.07384615,0.71962358,7.72765015,https://www.thelogox.com/products/logox-3-in-1,2026-03-26,2026-03-26
2026-03-26,"12.03.26 | Video - 3 | LogOX 3-in-1 Forestry MultiTool | Text Variation - 2 | LP : PDP",4.02,559,2,,,,2.01,0.35778175,7.19141324,https://www.thelogox.com/products/logox-3-in-1,2026-03-26,2026-03-26
2026-03-26,"25.02.26 | Video - 6 | LogOX_3-in-1tool_podcast_revised | Text Variation - 1 | LP : PDP",4.94,753,7,,,,0.70571429,0.92961487,6.56042497,https://www.thelogox.com/products/logox-3-in-1,2026-03-26,2026-03-26
2026-03-26,"12.03.26 | Video - 1 | LogOX 3-in-1 Forestry MultiTool | Text Variation - 1 | LP : PDP",1.27,360,1,,,,1.27,0.27777778,3.52777778,https://www.thelogox.com/products/logox-3-in-1,2026-03-26,2026-03-26
2026-03-26,"25.02.26 | Video - 1 | LogOX_Dan-D-Lift_video_revised | Text Variation - 1 | LP : PDP",1.95,312,6,,,,0.325,1.92307692,6.25,https://www.thelogox.com/products/timberox-ddl,2026-03-26,2026-03-26
2026-03-26,"25.02.26 |  Static -1 | LogOX 3-in-1 Forestry MultiTool| Text Variation - 1 | LP : PDP",0.19,9,,,,,,,21.11111111,https://www.thelogox.com/products/logox-3-in-1,2026-03-26,2026-03-26
2026-03-26,"25.02.26 |  Static - 2 | LogOX 3-in-1 Forestry MultiTool| Text Variation - 1 | LP : PDP",1.74,198,,,,,,,8.78787879,https://www.thelogox.com/products/logox-3-in-1,2026-03-26,2026-03-26
2026-03-26,"25.02.26 |  Static - 6 | LogOX 3-in-1 Forestry MultiTool| Text Variation - 1 | LP : PDP",1.7,240,1,,,,1.7,0.41666667,7.08333333,https://www.thelogox.com/products/logox-3-in-1,2026-03-26,2026-03-26
2026-03-26,"25.02.26 |  Video - 4 | LogOX_Dan-D-Lift_1to1_revised | Text Variation - 1 | LP : PDP",3.05,428,6,,,,0.50833333,1.40186916,7.12616822,https://www.thelogox.com/products/timberox-ddl,2026-03-26,2026-03-26
2026-03-25,"17.11.25 | Video - 6 | TimberOX Summit 30-Ton | Text Variation - 3 | LP - PDP",4.16,252,12,,,,0.34666667,4.76190476,16.50793651,https://www.thelogox.com/products/timberox,2026-03-25,2026-03-25
2026-03-25,"25.02.26 |  Static - 3 | LogOX 3-in-1 Forestry MultiTool| Text Variation - 1 | LP : PDP",53.76,4611,27,1,582,10.82589286,1.99111111,0.58555628,11.65907612,https://www.thelogox.com/products/logox-3-in-1,2026-03-25,2026-03-25
2026-03-25,"25.02.26 |  Static - 8 | LogOX 3-in-1 Forestry MultiTool| Text Variation - 1 | LP : PDP",0.19,27,,,,,,,7.03703704,https://www.thelogox.com/products/logox-3-in-1,2026-03-25,2026-03-25
2026-03-25,"06.01.26 | B6.V2 | Forester Package | Text Variation - 1 | LP : Forester Package",3.54,164,8,,,,0.4425,4.87804878,21.58536585,https://www.thelogox.com/products/forester-package,2026-03-25,2026-03-25
2026-03-25,"09.12.25 | Video -2 | LogOX 3-in-1 Forestry MultiTool | Text Variation - 1 LP : Multitool PDP",1.37,38,,,,,,,36.05263158,https://www.thelogox.com/pages/multitool,2026-03-25,2026-03-25
2026-03-25,"19.01.26 | LOGOX V1 | Hearth Bin Adjustable Firewood Rack | Text Variation - 1 | LP : PDP",0.17,14,1,,,,0.17,7.14285714,12.14285714,https://www.thelogox.com/products/logox-firewood-hearth-bin,2026-03-25,2026-03-25
2026-03-25,"17.11.25 | Video -2 | LogOX 3-in-1 Forestry MultiTool | Text Variation - 1 LP - PDP",1.13,69,1,,,,1.13,1.44927536,16.37681159,https://www.thelogox.com/products/logox-3-in-1,2026-03-25,2026-03-25
2026-03-25,"Video | Site B | Austin  - 711679707645394",16.72,1064,17,,,,0.98352941,1.59774436,15.71428571,https://www.thelogox.com/pages/multitool?utm_source=ABM,2026-03-25,2026-03-25
2026-03-25,"25.02.26 |  Static - 4 | LogOX 3-in-1 Forestry MultiTool| Text Variation - 1 | LP : PDP",0.26,53,,,,,,,4.90566038,https://www.thelogox.com/products/logox-3-in-1,2026-03-25,2026-03-25
2026-03-25,"Video | Site B | Austin  - 816341450512552",82.99,8757,80,1,279,3.36185083,1.037375,0.91355487,9.47698984,https://www.thelogox.com/pages/multitool?utm_source=ABM,2026-03-25,2026-03-25
2026-03-25,"Vid FB1 937590858387610",129.57,13016,113,3,996.9,7.69391063,1.14663717,0.86816226,9.95467117,https://www.thelogox.com/pages/multitool,2026-03-25,2026-03-25
2026-03-25,"Vid YT4 937590921720937",54.64,4183,49,3,578,10.57833089,1.11510204,1.17140808,13.06239541,https://www.thelogox.com/pages/multitool,2026-03-25,2026-03-25
2026-03-25,"3-in-1 Forestry MultiTool Static",16.5,1547,9,3,916.95,55.57272727,1.83333333,0.58177117,10.66580478,https://www.thelogox.com/pages/multitool,2026-03-25,2026-03-25
2026-03-25,"25.02.26 |  Static - 5 | LogOX 3-in-1 Forestry MultiTool| Text Variation - 1 | LP : PDP",0.24,31,1,,,,0.24,3.22580645,7.74193548,https://www.thelogox.com/products/logox-3-in-1,2026-03-25,2026-03-25
2026-03-25,"25.02.26 | Static - 7 | LogOX 3-in-1 Forestry MultiTool | Text Variation - 1 | LP : PDP",1.69,236,,,,,,,7.16101695,https://www.thelogox.com/products/logox-3-in-1,2026-03-25,2026-03-25
2026-03-25,"25.02.26 |  Video - 3 | LogOX_3-in-1tool_video_revised | Text Variation - 1 | LP : PDP",8.75,1439,12,,,,0.72916667,0.83391244,6.08061154,https://www.thelogox.com/products/logox-3-in-1,2026-03-25,2026-03-25
2026-03-25,"12.03.26 | Video - 3 | LogOX 3-in-1 Forestry MultiTool | Text Variation - 2 | LP : PDP",7.95,1477,4,,,,1.9875,0.27081923,5.38253216,https://www.thelogox.com/products/logox-3-in-1,2026-03-25,2026-03-25
2026-03-25,"25.02.26 | Video - 6 | LogOX_3-in-1tool_podcast_revised | Text Variation - 1 | LP : PDP",16.12,2574,28,,,,0.57571429,1.08780109,6.26262626,https://www.thelogox.com/products/logox-3-in-1,2026-03-25,2026-03-25
2026-03-25,"18.03.26 | LogOX 3-in-1 Forestry MultiTool Static | LP : PDP",23.01,2240,24,,,,0.95875,1.07142857,10.27232143,https://www.thelogox.com/products/logox-3-in-1,2026-03-25,2026-03-25
2026-03-25,"18.03.26 | LogOX 3-in-1 Forestry MultiTool | Video | Site B | Austin  - 816341450512552 | LP : PDP",15.51,1328,17,,,,0.91235294,1.28012048,11.67921687,https://www.thelogox.com/products/logox-3-in-1,2026-03-25,2026-03-25
2026-03-25,"18.03.26 | LogOX 3-in-1 Forestry MultiTool | Vid YT4 937590921720937 | LP : PDP",10.65,1037,17,1,260.1,24.42253521,0.62647059,1.63934426,10.27000964,https://www.thelogox.com/products/logox-3-in-1,2026-03-25,2026-03-25
2026-03-25,"18.03.26 | LogOX 3-in-1 Forestry MultiTool | Vid FB1 937590858387610 | LP : PDP",7.2,549,6,,,,1.2,1.09289617,13.1147541,https://www.thelogox.com/products/logox-3-in-1,2026-03-25,2026-03-25
2026-03-25,"12.03.26 | Video - 4 | LogOX 3-in-1 Forestry MultiTool | Text Variation - 2 | LP : PDP",1,161,1,,,,1,0.62111801,6.21118012,https://www.thelogox.com/products/logox-3-in-1,2026-03-25,2026-03-25
2026-03-25,"12.03.26 | Video - 2 | LogOX 3-in-1 Forestry MultiTool | Text Variation - 1 | LP : PDP",17.34,2537,21,,,,0.82571429,0.82774931,6.8348443,https://www.thelogox.com/products/logox-3-in-1,2026-03-25,2026-03-25
2026-03-25,"12.03.26 | Video - 1 | LogOX 3-in-1 Forestry MultiTool | Text Variation - 1 | LP : PDP",6.66,1180,10,1,289,43.39339339,0.666,0.84745763,5.6440678,https://www.thelogox.com/products/logox-3-in-1,2026-03-25,2026-03-25
2026-03-25,"25.02.26 |  Video - 4 | LogOX_Dan-D-Lift_1to1_revised | Text Variation - 1 | LP : PDP",10.5,1599,30,,,,0.35,1.87617261,6.56660413,https://www.thelogox.com/products/timberox-ddl,2026-03-25,2026-03-25
2026-03-25,"25.02.26 | Video - 1 | LogOX_Dan-D-Lift_video_revised | Text Variation - 1 | LP : PDP",7.7,1052,18,,,,0.42777778,1.71102662,7.31939163,https://www.thelogox.com/products/timberox-ddl,2026-03-25,2026-03-25
2026-03-25,"25.02.26 |  Static -1 | LogOX 3-in-1 Forestry MultiTool| Text Variation - 1 | LP : PDP",0.18,15,,,,,,,12,https://www.thelogox.com/products/logox-3-in-1,2026-03-25,2026-03-25
2026-03-25,"25.02.26 |  Static - 2 | LogOX 3-in-1 Forestry MultiTool| Text Variation - 1 | LP : PDP",0.42,65,,,,,,,6.46153846,https://www.thelogox.com/products/logox-3-in-1,2026-03-25,2026-03-25
2026-03-25,"25.02.26 |  Static - 6 | LogOX 3-in-1 Forestry MultiTool| Text Variation - 1 | LP : PDP",0.7,101,,,,,,,6.93069307,https://www.thelogox.com/products/logox-3-in-1,2026-03-25,2026-03-25
2026-03-24,"17.11.25 | Video - 6 | TimberOX Summit 30-Ton | Text Variation - 3 | LP - PDP",5.14,292,14,,,,0.36714286,4.79452055,17.60273973,https://www.thelogox.com/products/timberox,2026-03-24,2026-03-24
2026-03-24,"25.02.26 |  Static - 5 | LogOX 3-in-1 Forestry MultiTool| Text Variation - 1 | LP : PDP",0.02,1,,,,,,,20,https://www.thelogox.com/products/logox-3-in-1,2026-03-24,2026-03-24
2026-03-24,"25.02.26 |  Static - 3 | LogOX 3-in-1 Forestry MultiTool| Text Variation - 1 | LP : PDP",50.27,4354,29,,,,1.73344828,0.6660542,11.5457051,https://www.thelogox.com/products/logox-3-in-1,2026-03-24,2026-03-24
2026-03-24,"25.02.26 | Static - 7 | LogOX 3-in-1 Forestry MultiTool | Text Variation - 1 | LP : PDP",1.97,276,2,,,,0.985,0.72463768,7.13768116,https://www.thelogox.com/products/logox-3-in-1,2026-03-24,2026-03-24
2026-03-24,"06.01.26 | B6.V2 | Forester Package | Text Variation - 1 | LP : Forester Package",2.42,121,3,,,,0.80666667,2.47933884,20,https://www.thelogox.com/products/forester-package,2026-03-24,2026-03-24
2026-03-24,"09.12.25 | Video -2 | LogOX 3-in-1 Forestry MultiTool | Text Variation - 1 LP : Multitool PDP",1.15,60,1,,,,1.15,1.66666667,19.16666667,https://www.thelogox.com/pages/multitool,2026-03-24,2026-03-24
2026-03-24,"25.02.26 |  Static - 4 | LogOX 3-in-1 Forestry MultiTool| Text Variation - 1 | LP : PDP",1.28,140,,,,,,,9.14285714,https://www.thelogox.com/products/logox-3-in-1,2026-03-24,2026-03-24
2026-03-24,"17.11.25 | Video -2 | LogOX 3-in-1 Forestry MultiTool | Text Variation - 1 LP - PDP",1.95,122,1,,,,1.95,0.81967213,15.98360656,https://www.thelogox.com/products/logox-3-in-1,2026-03-24,2026-03-24
2026-03-24,"Video | Site B | Austin  - 711679707645394",16.53,1109,13,,,,1.27153846,1.17222723,14.90532011,https://www.thelogox.com/pages/multitool?utm_source=ABM,2026-03-24,2026-03-24
2026-03-24,"3-in-1 Forestry MultiTool Static",0.02,4,,,,,,,5,https://www.thelogox.com/pages/multitool,2026-03-24,2026-03-24
2026-03-24,"19.01.26 | LOGOX V1 | Hearth Bin Adjustable Firewood Rack | Text Variation - 1 | LP : PDP",1.27,70,3,4,14610,11503.93700787,0.42333333,4.28571429,18.14285714,https://www.thelogox.com/products/logox-firewood-hearth-bin,2026-03-24,2026-03-24
2026-03-24,"Video | Site B | Austin  - 816341450512552",84.8,8197,87,4,1042,12.28773585,0.97471264,1.06136391,10.34524826,https://www.thelogox.com/pages/multitool?utm_source=ABM,2026-03-24,2026-03-24
2026-03-24,"Vid FB1 937590858387610",136.11,13739,125,1,395,2.90206451,1.08888,0.90981876,9.90683456,https://www.thelogox.com/pages/multitool,2026-03-24,2026-03-24
2026-03-24,"Vid YT4 937590921720937",41.41,3389,35,3,971.1,23.45085728,1.18314286,1.03275302,12.21894364,https://www.thelogox.com/pages/multitool,2026-03-24,2026-03-24
2026-03-24,"3-in-1 Forestry MultiTool Static",15.37,1545,9,,,,1.70777778,0.58252427,9.94822006,https://www.thelogox.com/pages/multitool,2026-03-24,2026-03-24
2026-03-24,"25.02.26 | Video - 6 | LogOX_3-in-1tool_podcast_revised | Text Variation - 1 | LP : PDP",18.18,2839,20,,,,0.909,0.70447341,6.40366326,https://www.thelogox.com/products/logox-3-in-1,2026-03-24,2026-03-24
2026-03-24,"25.02.26 |  Video - 3 | LogOX_3-in-1tool_video_revised | Text Variation - 1 | LP : PDP",7.89,1403,8,,,,0.98625,0.5702067,5.62366358,https://www.thelogox.com/products/logox-3-in-1,2026-03-24,2026-03-24
2026-03-24,"12.03.26 | Video - 3 | LogOX 3-in-1 Forestry MultiTool | Text Variation - 2 | LP : PDP",0.25,36,,,,,,,6.94444444,https://www.thelogox.com/products/logox-3-in-1,2026-03-24,2026-03-24
2026-03-24,"25.02.26 |  Static - 6 | LogOX 3-in-1 Forestry MultiTool| Text Variation - 1 | LP : PDP",1.54,160,1,,,,1.54,0.625,9.625,https://www.thelogox.com/products/logox-3-in-1,2026-03-24,2026-03-24
2026-03-24,"18.03.26 | LogOX 3-in-1 Forestry MultiTool Static | LP : PDP",23.26,2273,16,,,,1.45375,0.70391553,10.23317202,https://www.thelogox.com/products/logox-3-in-1,2026-03-24,2026-03-24
2026-03-24,"18.03.26 | LogOX 3-in-1 Forestry MultiTool | Video | Site B | Austin  - 816341450512552 | LP : PDP",12.78,878,13,,,,0.98307692,1.48063781,14.55580866,https://www.thelogox.com/products/logox-3-in-1,2026-03-24,2026-03-24
2026-03-24,"18.03.26 | LogOX 3-in-1 Forestry MultiTool | Vid YT4 937590921720937 | LP : PDP",12.1,1092,9,,,,1.34444444,0.82417582,11.08058608,https://www.thelogox.com/products/logox-3-in-1,2026-03-24,2026-03-24
2026-03-24,"12.03.26 | Video - 4 | LogOX 3-in-1 Forestry MultiTool | Text Variation - 2 | LP : PDP",0.37,59,1,,,,0.37,1.69491525,6.27118644,https://www.thelogox.com/products/logox-3-in-1,2026-03-24,2026-03-24
2026-03-24,"18.03.26 | LogOX 3-in-1 Forestry MultiTool | Vid FB1 937590858387610 | LP : PDP",5.13,446,7,,,,0.73285714,1.56950673,11.50224215,https://www.thelogox.com/products/logox-3-in-1,2026-03-24,2026-03-24
2026-03-24,"12.03.26 | Video - 2 | LogOX 3-in-1 Forestry MultiTool | Text Variation - 1 | LP : PDP",23.88,4410,30,,,,0.796,0.68027211,5.41496599,https://www.thelogox.com/products/logox-3-in-1,2026-03-24,2026-03-24
2026-03-24,"12.03.26 | Video - 1 | LogOX 3-in-1 Forestry MultiTool | Text Variation - 1 | LP : PDP",6.88,1292,9,,,,0.76444444,0.69659443,5.3250774,https://www.thelogox.com/products/logox-3-in-1,2026-03-24,2026-03-24
2026-03-24,"25.02.26 |  Video - 4 | LogOX_Dan-D-Lift_1to1_revised | Text Variation - 1 | LP : PDP",11.71,1789,20,,,,0.5855,1.11794298,6.54555618,https://www.thelogox.com/products/timberox-ddl,2026-03-24,2026-03-24
2026-03-24,"25.02.26 | Video - 1 | LogOX_Dan-D-Lift_video_revised | Text Variation - 1 | LP : PDP",7.55,1123,20,,,,0.3775,1.7809439,6.72306322,https://www.thelogox.com/products/timberox-ddl,2026-03-24,2026-03-24
2026-03-24,"25.02.26 |  Static -1 | LogOX 3-in-1 Forestry MultiTool| Text Variation - 1 | LP : PDP",0.46,57,,,,,,,8.07017544,https://www.thelogox.com/products/logox-3-in-1,2026-03-24,2026-03-24
2026-03-24,"25.02.26 |  Static - 2 | LogOX 3-in-1 Forestry MultiTool| Text Variation - 1 | LP : PDP",1.47,171,1,,,,1.47,0.58479532,8.59649123,https://www.thelogox.com/products/logox-3-in-1,2026-03-24,2026-03-24
2026-03-23,"17.11.25 | Video -2 | LogOX 3-in-1 Forestry MultiTool | Text Variation - 1 LP - PDP",3,198,4,,,,0.75,2.02020202,15.15151515,https://www.thelogox.com/products/logox-3-in-1,2026-03-23,2026-03-23
2026-03-23,"25.02.26 | Static - 7 | LogOX 3-in-1 Forestry MultiTool | Text Variation - 1 | LP : PDP",1.72,252,1,,,,1.72,0.3968254,6.82539683,https://www.thelogox.com/products/logox-3-in-1,2026-03-23,2026-03-23
2026-03-23,"25.02.26 |  Static - 8 | LogOX 3-in-1 Forestry MultiTool| Text Variation - 1 | LP : PDP",0.04,11,,,,,,,3.63636364,https://www.thelogox.com/products/logox-3-in-1,2026-03-23,2026-03-23
2026-03-23,"06.01.26 | B6.V2 | Forester Package | Text Variation - 1 | LP : Forester Package",3.85,236,11,,,,0.35,4.66101695,16.31355932,https://www.thelogox.com/products/forester-package,2026-03-23,2026-03-23
2026-03-23,"09.12.25 | Video -2 | LogOX 3-in-1 Forestry MultiTool | Text Variation - 1 LP : Multitool PDP",1.15,111,2,,,,0.575,1.8018018,10.36036036,https://www.thelogox.com/pages/multitool,2026-03-23,2026-03-23
2026-03-23,"17.11.25 | Video - 6 | TimberOX Summit 30-Ton | Text Variation - 3 | LP - PDP",5.75,440,19,,,,0.30263158,4.31818182,13.06818182,https://www.thelogox.com/products/timberox,2026-03-23,2026-03-23
2026-03-23,"3-in-1 Forestry MultiTool Static",18.94,1778,11,1,289,15.25871172,1.72181818,0.61867267,10.65241845,https://www.thelogox.com/pages/multitool,2026-03-23,2026-03-23
2026-03-23,"Video | Site B | Austin  - 711679707645394",38.74,2522,45,1,399.95,10.32395457,0.86088889,1.78429818,15.36082474,https://www.thelogox.com/pages/multitool?utm_source=ABM,2026-03-23,2026-03-23
2026-03-23,"3-in-1 Forestry MultiTool Static",0.72,114,3,,,,0.24,2.63157895,6.31578947,https://www.thelogox.com/pages/multitool,2026-03-23,2026-03-23
2026-03-23,"19.01.26 | LOGOX V1 | Hearth Bin Adjustable Firewood Rack | Text Variation - 1 | LP : PDP",1.54,73,5,,,,0.308,6.84931507,21.09589041,https://www.thelogox.com/products/logox-firewood-hearth-bin,2026-03-23,2026-03-23
2026-03-23,"Video | Site B | Austin  - 816341450512552",81.49,8126,86,1,328.95,4.03669162,0.94755814,1.05833128,10.02830421,https://www.thelogox.com/pages/multitool?utm_source=ABM,2026-03-23,2026-03-23
2026-03-23,"Vid FB1 937590858387610",145.15,15546,168,3,679,4.67791939,0.8639881,1.08066384,9.3368069,https://www.thelogox.com/pages/multitool,2026-03-23,2026-03-23
2026-03-23,"Vid YT4 937590921720937",43.1,3789,39,4,1098.2,25.48027842,1.10512821,1.02929533,11.37503299,https://www.thelogox.com/pages/multitool,2026-03-23,2026-03-23
2026-03-23,"25.02.26 |  Static - 3 | LogOX 3-in-1 Forestry MultiTool| Text Variation - 1 | LP : PDP",50.7,4284,11,3,874.15,17.24161736,4.60909091,0.25676937,11.83473389,https://www.thelogox.com/products/logox-3-in-1,2026-03-23,2026-03-23
2026-03-23,"25.02.26 |  Static - 4 | LogOX 3-in-1 Forestry MultiTool| Text Variation - 1 | LP : PDP",1.94,243,1,2,,,1.94,0.41152263,7.98353909,https://www.thelogox.com/products/logox-3-in-1,2026-03-23,2026-03-23
2026-03-23,"25.02.26 |  Static - 5 | LogOX 3-in-1 Forestry MultiTool| Text Variation - 1 | LP : PDP",0.16,20,,,,,,,8,https://www.thelogox.com/products/logox-3-in-1,2026-03-23,2026-03-23
2026-03-23,"12.03.26 | Video - 1 | LogOX 3-in-1 Forestry MultiTool | Text Variation - 1 | LP : PDP",9.24,1665,8,,,,1.155,0.48048048,5.54954955,https://www.thelogox.com/products/logox-3-in-1,2026-03-23,2026-03-23
2026-03-23,"25.02.26 |  Video - 3 | LogOX_3-in-1tool_video_revised | Text Variation - 1 | LP : PDP",7.35,1195,12,,,,0.6125,1.0041841,6.15062762,https://www.thelogox.com/products/logox-3-in-1,2026-03-23,2026-03-23
2026-03-23,"18.03.26 | LogOX 3-in-1 Forestry MultiTool Static | LP : PDP",31.3,3397,20,,,,1.565,0.58875478,9.21401236,https://www.thelogox.com/products/logox-3-in-1,2026-03-23,2026-03-23
2026-03-23,"18.03.26 | LogOX 3-in-1 Forestry MultiTool | Video | Site B | Austin  - 816341450512552 | LP : PDP",11.64,1033,7,,,,1.66285714,0.67763795,11.26815102,https://www.thelogox.com/products/logox-3-in-1,2026-03-23,2026-03-23
2026-03-23,"18.03.26 | LogOX 3-in-1 Forestry MultiTool | Vid YT4 937590921720937 | LP : PDP",9.66,1068,13,,,,0.74307692,1.21722846,9.04494382,https://www.thelogox.com/products/logox-3-in-1,2026-03-23,2026-03-23
2026-03-23,"12.03.26 | Video - 2 | LogOX 3-in-1 Forestry MultiTool | Text Variation - 1 | LP : PDP",22.68,3803,22,1,395,17.41622575,1.03090909,0.57849067,5.96371286,https://www.thelogox.com/products/logox-3-in-1,2026-03-23,2026-03-23
2026-03-23,"18.03.26 | LogOX 3-in-1 Forestry MultiTool | Vid FB1 937590858387610 | LP : PDP",6.08,395,4,,,,1.52,1.01265823,15.39240506,https://www.thelogox.com/products/logox-3-in-1,2026-03-23,2026-03-23
2026-03-23,"25.02.26 |  Video - 4 | LogOX_Dan-D-Lift_1to1_revised | Text Variation - 1 | LP : PDP",20.34,4340,29,,,,0.70137931,0.66820276,4.68663594,https://www.thelogox.com/products/timberox-ddl,2026-03-23,2026-03-23
2026-03-23,"25.02.26 | Video - 1 | LogOX_Dan-D-Lift_video_revised | Text Variation - 1 | LP : PDP",4.32,609,5,,,,0.864,0.82101806,7.09359606,https://www.thelogox.com/products/timberox-ddl,2026-03-23,2026-03-23
2026-03-23,"25.02.26 |  Static -1 | LogOX 3-in-1 Forestry MultiTool| Text Variation - 1 | LP : PDP",0.94,150,,,,,,,6.26666667,https://www.thelogox.com/products/logox-3-in-1,2026-03-23,2026-03-23
2026-03-23,"25.02.26 |  Static - 2 | LogOX 3-in-1 Forestry MultiTool| Text Variation - 1 | LP : PDP",1.63,206,2,,,,0.815,0.97087379,7.91262136,https://www.thelogox.com/products/logox-3-in-1,2026-03-23,2026-03-23
2026-03-23,"25.02.26 |  Static - 6 | LogOX 3-in-1 Forestry MultiTool| Text Variation - 1 | LP : PDP",1.87,224,,,,,,,8.34821429,https://www.thelogox.com/products/logox-3-in-1,2026-03-23,2026-03-23
2026-03-23,"25.02.26 | Video - 6 | LogOX_3-in-1tool_podcast_revised | Text Variation - 1 | LP : PDP",17.66,2831,21,,,,0.84095238,0.74178735,6.23807842,https://www.thelogox.com/products/logox-3-in-1,2026-03-23,2026-03-23
2026-03-22,"Video | Site B | Austin  - 711679707645394",56.75,3589,63,,,,0.90079365,1.75536361,15.81220396,https://www.thelogox.com/pages/multitool?utm_source=ABM,2026-03-22,2026-03-22
2026-03-22,"25.02.26 |  Static - 8 | LogOX 3-in-1 Forestry MultiTool| Text Variation - 1 | LP : PDP",0,1,,,,,,,0,https://www.thelogox.com/products/logox-3-in-1,2026-03-22,2026-03-22
2026-03-22,"06.01.26 | B6.V2 | Forester Package | Text Variation - 1 | LP : Forester Package",8.76,505,7,1,18.55,2.11757991,1.25142857,1.38613861,17.34653465,https://www.thelogox.com/products/forester-package,2026-03-22,2026-03-22
2026-03-22,"09.12.25 | Video -2 | LogOX 3-in-1 Forestry MultiTool | Text Variation - 1 LP : Multitool PDP",4.41,262,5,,,,0.882,1.90839695,16.83206107,https://www.thelogox.com/pages/multitool,2026-03-22,2026-03-22
2026-03-22,"17.11.25 | Video - 6 | TimberOX Summit 30-Ton | Text Variation - 3 | LP - PDP",10.67,814,42,,,,0.25404762,5.15970516,13.10810811,https://www.thelogox.com/products/timberox,2026-03-22,2026-03-22
2026-03-22,"17.11.25 | Video -2 | LogOX 3-in-1 Forestry MultiTool | Text Variation - 1 LP - PDP",3.31,122,4,,,,0.8275,3.27868852,27.13114754,https://www.thelogox.com/products/logox-3-in-1,2026-03-22,2026-03-22
2026-03-22,"25.02.26 |  Static - 3 | LogOX 3-in-1 Forestry MultiTool| Text Variation - 1 | LP : PDP",67.9,5944,35,3,611.16,9.00088365,1.94,0.58882907,11.42328398,https://www.thelogox.com/products/logox-3-in-1,2026-03-22,2026-03-22
2026-03-22,"3-in-1 Forestry MultiTool Static",1.31,80,2,,,,0.655,2.5,16.375,https://www.thelogox.com/pages/multitool,2026-03-22,2026-03-22
2026-03-22,"19.01.26 | LOGOX V1 | Hearth Bin Adjustable Firewood Rack | Text Variation - 1 | LP : PDP",0.69,52,2,,,,0.345,3.84615385,13.26923077,https://www.thelogox.com/products/logox-firewood-hearth-bin,2026-03-22,2026-03-22
2026-03-22,"Video | Site B | Austin  - 816341450512552",84.64,7584,85,6,1408,16.63516068,0.99576471,1.12078059,11.16033755,https://www.thelogox.com/pages/multitool?utm_source=ABM,2026-03-22,2026-03-22
2026-03-22,"Vid FB1 937590858387610",205.14,22814,199,5,1627,7.93116896,1.03085427,0.87227141,8.99184711,https://www.thelogox.com/pages/multitool,2026-03-22,2026-03-22
2026-03-22,"Vid YT4 937590921720937",32.87,3051,31,,,,1.06032258,1.01606031,10.77351688,https://www.thelogox.com/pages/multitool,2026-03-22,2026-03-22
2026-03-22,"3-in-1 Forestry MultiTool Static",14.92,1569,12,,,,1.24333333,0.76481836,9.50924156,https://www.thelogox.com/pages/multitool,2026-03-22,2026-03-22
2026-03-22,"25.02.26 | Static - 7 | LogOX 3-in-1 Forestry MultiTool | Text Variation - 1 | LP : PDP",0.44,79,,,,,,,5.56962025,https://www.thelogox.com/products/logox-3-in-1,2026-03-22,2026-03-22
2026-03-22,"18.03.26 | LogOX 3-in-1 Forestry MultiTool Static | LP : PDP",34.21,3148,18,1,289,8.44782227,1.90055556,0.57179161,10.86721728,https://www.thelogox.com/products/logox-3-in-1,2026-03-22,2026-03-22
2026-03-22,"25.02.26 |  Static - 4 | LogOX 3-in-1 Forestry MultiTool| Text Variation - 1 | LP : PDP",0.45,55,,,,,,,8.18181818,https://www.thelogox.com/products/logox-3-in-1,2026-03-22,2026-03-22
2026-03-22,"12.03.26 | Video - 1 | LogOX 3-in-1 Forestry MultiTool | Text Variation - 1 | LP : PDP",9.54,1991,6,,,,1.59,0.3013561,4.79156203,https://www.thelogox.com/products/logox-3-in-1,2026-03-22,2026-03-22
2026-03-22,"25.02.26 |  Video - 3 | LogOX_3-in-1tool_video_revised | Text Variation - 1 | LP : PDP",7.93,1293,5,,,,1.586,0.3866976,6.13302398,https://www.thelogox.com/products/logox-3-in-1,2026-03-22,2026-03-22
2026-03-22,"18.03.26 | LogOX 3-in-1 Forestry MultiTool | Vid YT4 937590921720937 | LP : PDP",15.74,1577,13,2,328,20.8386277,1.21076923,0.82435003,9.98097654,https://www.thelogox.com/products/logox-3-in-1,2026-03-22,2026-03-22
2026-03-22,"18.03.26 | LogOX 3-in-1 Forestry MultiTool | Vid FB1 937590858387610 | LP : PDP",5.22,442,10,,,,0.522,2.26244344,11.80995475,https://www.thelogox.com/products/logox-3-in-1,2026-03-22,2026-03-22
2026-03-22,"12.03.26 | Video - 3 | LogOX 3-in-1 Forestry MultiTool | Text Variation - 2 | LP : PDP",0,0,,1,59.95,,,,,https://www.thelogox.com/products/logox-3-in-1,2026-03-22,2026-03-22
2026-03-22,"12.03.26 | Video - 2 | LogOX 3-in-1 Forestry MultiTool | Text Variation - 1 | LP : PDP",27.66,4886,25,,,,1.1064,0.51166598,5.66107245,https://www.thelogox.com/products/logox-3-in-1,2026-03-22,2026-03-22
2026-03-22,"18.03.26 | LogOX 3-in-1 Forestry MultiTool | Video | Site B | Austin  - 816341450512552 | LP : PDP",21.24,1868,14,,,,1.51714286,0.74946467,11.37044968,https://www.thelogox.com/products/logox-3-in-1,2026-03-22,2026-03-22
2026-03-22,"25.02.26 |  Video - 4 | LogOX_Dan-D-Lift_1to1_revised | Text Variation - 1 | LP : PDP",21.17,5036,37,,,,0.57216216,0.73471009,4.20373312,https://www.thelogox.com/products/timberox-ddl,2026-03-22,2026-03-22
2026-03-22,"25.02.26 |  Static -1 | LogOX 3-in-1 Forestry MultiTool| Text Variation - 1 | LP : PDP",1.98,154,1,,,,1.98,0.64935065,12.85714286,https://www.thelogox.com/products/logox-3-in-1,2026-03-22,2026-03-22
2026-03-22,"25.02.26 |  Static - 2 | LogOX 3-in-1 Forestry MultiTool| Text Variation - 1 | LP : PDP",2.71,485,3,1,395,145.75645756,0.90333333,0.6185567,5.58762887,https://www.thelogox.com/products/logox-3-in-1,2026-03-22,2026-03-22
2026-03-22,"25.02.26 |  Static - 6 | LogOX 3-in-1 Forestry MultiTool| Text Variation - 1 | LP : PDP",2.73,359,3,,,,0.91,0.8356546,7.60445682,https://www.thelogox.com/products/logox-3-in-1,2026-03-22,2026-03-22
2026-03-22,"25.02.26 | Video - 6 | LogOX_3-in-1tool_podcast_revised | Text Variation - 1 | LP : PDP",20.63,3561,30,,,,0.68766667,0.84245998,5.79331648,https://www.thelogox.com/products/logox-3-in-1,2026-03-22,2026-03-22
2026-03-22,"25.02.26 | Video - 1 | LogOX_Dan-D-Lift_video_revised | Text Variation - 1 | LP : PDP",2.8,344,6,,,,0.46666667,1.74418605,8.13953488,https://www.thelogox.com/products/timberox-ddl,2026-03-22,2026-03-22
2026-03-21,"17.11.25 | Video - 6 | TimberOX Summit 30-Ton | Text Variation - 3 | LP - PDP",5.19,451,22,1,,,0.23590909,4.87804878,11.50776053,https://www.thelogox.com/products/timberox,2026-03-21,2026-03-21
2026-03-21,"25.02.26 | Static - 7 | LogOX 3-in-1 Forestry MultiTool | Text Variation - 1 | LP : PDP",0,1,,,,,,,0,https://www.thelogox.com/products/logox-3-in-1,2026-03-21,2026-03-21
2026-03-21,"25.02.26 |  Static - 8 | LogOX 3-in-1 Forestry MultiTool| Text Variation - 1 | LP : PDP",0.01,1,,,,,,,10,https://www.thelogox.com/products/logox-3-in-1,2026-03-21,2026-03-21
2026-03-21,"06.01.26 | B6.V2 | Forester Package | Text Variation - 1 | LP : Forester Package",4.85,297,10,,,,0.485,3.36700337,16.32996633,https://www.thelogox.com/products/forester-package,2026-03-21,2026-03-21
2026-03-21,"09.12.25 | Video -2 | LogOX 3-in-1 Forestry MultiTool | Text Variation - 1 LP : Multitool PDP",6.65,331,12,,,,0.55416667,3.62537764,20.09063444,https://www.thelogox.com/pages/multitool,2026-03-21,2026-03-21
2026-03-21,"Vid FB1 937590858387610",161.5,18768,207,3,916.9,5.67739938,0.78019324,1.10294118,8.60507246,https://www.thelogox.com/pages/multitool,2026-03-21,2026-03-21
2026-03-21,"Video | Site B | Austin  - 711679707645394",43.32,2922,49,1,395,9.11819021,0.88408163,1.67693361,14.82546201,https://www.thelogox.com/pages/multitool?utm_source=ABM,2026-03-21,2026-03-21
2026-03-21,"19.01.26 | LOGOX V1 | Hearth Bin Adjustable Firewood Rack | Text Variation - 1 | LP : PDP",0.18,10,1,,,,0.18,10,18,https://www.thelogox.com/products/logox-firewood-hearth-bin,2026-03-21,2026-03-21
2026-03-21,"Video | Site B | Austin  - 816341450512552",64.29,6515,86,1,355.5,5.52963136,0.74755814,1.3200307,9.86799693,https://www.thelogox.com/pages/multitool?utm_source=ABM,2026-03-21,2026-03-21
2026-03-21,"Vid YT4 937590921720937",30.85,2318,29,2,578,18.73581848,1.0637931,1.25107852,13.30888697,https://www.thelogox.com/pages/multitool,2026-03-21,2026-03-21
2026-03-21,"3-in-1 Forestry MultiTool Static",17.07,1484,8,,,,2.13375,0.53908356,11.50269542,https://www.thelogox.com/pages/multitool,2026-03-21,2026-03-21
2026-03-21,"25.02.26 |  Static - 5 | LogOX 3-in-1 Forestry MultiTool| Text Variation - 1 | LP : PDP",0.03,6,,,,,,,5,https://www.thelogox.com/products/logox-3-in-1,2026-03-21,2026-03-21
2026-03-21,"25.02.26 |  Static - 3 | LogOX 3-in-1 Forestry MultiTool| Text Variation - 1 | LP : PDP",51.95,5102,34,,,,1.52794118,0.66640533,10.18228146,https://www.thelogox.com/products/logox-3-in-1,2026-03-21,2026-03-21
2026-03-21,"25.02.26 |  Video - 3 | LogOX_3-in-1tool_video_revised | Text Variation - 1 | LP : PDP",6.39,902,6,,,,1.065,0.66518847,7.08425721,https://www.thelogox.com/products/logox-3-in-1,2026-03-21,2026-03-21
2026-03-21,"25.02.26 |  Static - 4 | LogOX 3-in-1 Forestry MultiTool| Text Variation - 1 | LP : PDP",0.14,24,,,,,,,5.83333333,https://www.thelogox.com/products/logox-3-in-1,2026-03-21,2026-03-21
2026-03-21,"12.03.26 | Video - 1 | LogOX 3-in-1 Forestry MultiTool | Text Variation - 1 | LP : PDP",3.06,798,7,,,,0.43714286,0.87719298,3.83458647,https://www.thelogox.com/products/logox-3-in-1,2026-03-21,2026-03-21
2026-03-21,"18.03.26 | LogOX 3-in-1 Forestry MultiTool | Video | Site B | Austin  - 816341450512552 | LP : PDP",9.67,874,8,1,279,28.85211996,1.20875,0.91533181,11.06407323,https://www.thelogox.com/products/logox-3-in-1,2026-03-21,2026-03-21
2026-03-21,"18.03.26 | LogOX 3-in-1 Forestry MultiTool | Vid YT4 937590921720937 | LP : PDP",14.87,1290,18,,,,0.82611111,1.39534884,11.52713178,https://www.thelogox.com/products/logox-3-in-1,2026-03-21,2026-03-21
2026-03-21,"18.03.26 | LogOX 3-in-1 Forestry MultiTool | Vid FB1 937590858387610 | LP : PDP",6.38,672,4,,,,1.595,0.5952381,9.49404762,https://www.thelogox.com/products/logox-3-in-1,2026-03-21,2026-03-21
2026-03-21,"12.03.26 | Video - 2 | LogOX 3-in-1 Forestry MultiTool | Text Variation - 1 | LP : PDP",21.01,3570,21,,,,1.00047619,0.58823529,5.88515406,https://www.thelogox.com/products/logox-3-in-1,2026-03-21,2026-03-21
2026-03-21,"18.03.26 | LogOX 3-in-1 Forestry MultiTool Static | LP : PDP",31.35,2906,22,,,,1.425,0.75705437,10.78802478,https://www.thelogox.com/products/logox-3-in-1,2026-03-21,2026-03-21
2026-03-21,"25.02.26 |  Video - 4 | LogOX_Dan-D-Lift_1to1_revised | Text Variation - 1 | LP : PDP",22.79,4500,35,,,,0.65114286,0.77777778,5.06444444,https://www.thelogox.com/products/timberox-ddl,2026-03-21,2026-03-21
2026-03-21,"25.02.26 |  Static - 2 | LogOX 3-in-1 Forestry MultiTool| Text Variation - 1 | LP : PDP",2.7,408,4,,,,0.675,0.98039216,6.61764706,https://www.thelogox.com/products/logox-3-in-1,2026-03-21,2026-03-21
2026-03-21,"25.02.26 |  Static - 6 | LogOX 3-in-1 Forestry MultiTool| Text Variation - 1 | LP : PDP",0.03,6,,,,,,,5,https://www.thelogox.com/products/logox-3-in-1,2026-03-21,2026-03-21
2026-03-21,"25.02.26 | Video - 6 | LogOX_3-in-1tool_podcast_revised | Text Variation - 1 | LP : PDP",17.43,2968,22,,,,0.79227273,0.74123989,5.87264151,https://www.thelogox.com/products/logox-3-in-1,2026-03-21,2026-03-21
2026-03-21,"25.02.26 | Video - 1 | LogOX_Dan-D-Lift_video_revised | Text Variation - 1 | LP : PDP",2.16,372,7,,,,0.30857143,1.88172043,5.80645161,https://www.thelogox.com/products/timberox-ddl,2026-03-21,2026-03-21
2026-03-20,"17.11.25 | Video - 6 | TimberOX Summit 30-Ton | Text Variation - 3 | LP - PDP",3.82,288,6,,,,0.63666667,2.08333333,13.26388889,https://www.thelogox.com/products/timberox,2026-03-20,2026-03-20
2026-03-20,"25.02.26 | Static - 7 | LogOX 3-in-1 Forestry MultiTool | Text Variation - 1 | LP : PDP",0,2,,,,,,,0,https://www.thelogox.com/products/logox-3-in-1,2026-03-20,2026-03-20
2026-03-20,"25.02.26 |  Static - 8 | LogOX 3-in-1 Forestry MultiTool| Text Variation - 1 | LP : PDP",0.15,36,,,,,,,4.16666667,https://www.thelogox.com/products/logox-3-in-1,2026-03-20,2026-03-20
2026-03-20,"06.01.26 | B6.V2 | Forester Package | Text Variation - 1 | LP : Forester Package",1.83,78,,,,,,,23.46153846,https://www.thelogox.com/products/forester-package,2026-03-20,2026-03-20
2026-03-20,"09.12.25 | Video -2 | LogOX 3-in-1 Forestry MultiTool | Text Variation - 1 LP : Multitool PDP",3.12,172,1,,,,3.12,0.58139535,18.13953488,https://www.thelogox.com/pages/multitool,2026-03-20,2026-03-20
2026-03-20,"Video | Site B | Austin  - 816341450512552",97.96,10012,109,5,1049,10.70845243,0.8987156,1.08869357,9.78425889,https://www.thelogox.com/pages/multitool?utm_source=ABM,2026-03-20,2026-03-20
2026-03-20,"17.11.25 | Video -2 | LogOX 3-in-1 Forestry MultiTool | Text Variation - 1 LP - PDP",0.02,3,,,,,,,6.66666667,https://www.thelogox.com/products/logox-3-in-1,2026-03-20,2026-03-20
2026-03-20,"Video | Site B | Austin  - 711679707645394",10.62,742,9,,,,1.18,1.21293801,14.31266846,https://www.thelogox.com/pages/multitool?utm_source=ABM,2026-03-20,2026-03-20
2026-03-20,"Vid FB1 937590858387610",145.23,17142,168,4,1107.1,7.62308063,0.86446429,0.980049,8.47217361,https://www.thelogox.com/pages/multitool,2026-03-20,2026-03-20
2026-03-20,"Vid YT4 937590921720937",25.77,1748,23,,,,1.12043478,1.31578947,14.74256293,https://www.thelogox.com/pages/multitool,2026-03-20,2026-03-20
2026-03-20,"3-in-1 Forestry MultiTool Static",20.47,2001,15,,,,1.36466667,0.74962519,10.22988506,https://www.thelogox.com/pages/multitool,2026-03-20,2026-03-20
2026-03-20,"25.02.26 |  Static - 5 | LogOX 3-in-1 Forestry MultiTool| Text Variation - 1 | LP : PDP",0.04,18,,,,,,,2.22222222,https://www.thelogox.com/products/logox-3-in-1,2026-03-20,2026-03-20
2026-03-20,"25.02.26 |  Static - 3 | LogOX 3-in-1 Forestry MultiTool| Text Variation - 1 | LP : PDP",55.22,4878,26,2,674,12.20572256,2.12384615,0.53300533,11.3202132,https://www.thelogox.com/products/logox-3-in-1,2026-03-20,2026-03-20
2026-03-20,"25.02.26 |  Video - 3 | LogOX_3-in-1tool_video_revised | Text Variation - 1 | LP : PDP",7.49,1005,10,,,,0.749,0.99502488,7.45273632,https://www.thelogox.com/products/logox-3-in-1,2026-03-20,2026-03-20
2026-03-20,"25.02.26 |  Static - 4 | LogOX 3-in-1 Forestry MultiTool| Text Variation - 1 | LP : PDP",0.12,9,,,,,,,13.33333333,https://www.thelogox.com/products/logox-3-in-1,2026-03-20,2026-03-20
2026-03-20,"12.03.26 | Video - 1 | LogOX 3-in-1 Forestry MultiTool | Text Variation - 1 | LP : PDP",3.62,1040,4,,,,0.905,0.38461538,3.48076923,https://www.thelogox.com/products/logox-3-in-1,2026-03-20,2026-03-20
2026-03-20,"18.03.26 | LogOX 3-in-1 Forestry MultiTool | Video | Site B | Austin  - 816341450512552 | LP : PDP",12.81,1159,9,,,,1.42333333,0.77653149,11.05263158,https://www.thelogox.com/products/logox-3-in-1,2026-03-20,2026-03-20
2026-03-20,"18.03.26 | LogOX 3-in-1 Forestry MultiTool | Vid YT4 937590921720937 | LP : PDP",13.57,1262,19,2,134.85,9.93736183,0.71421053,1.50554675,10.75277338,https://www.thelogox.com/products/logox-3-in-1,2026-03-20,2026-03-20
2026-03-20,"18.03.26 | LogOX 3-in-1 Forestry MultiTool | Vid FB1 937590858387610 | LP : PDP",9.81,962,7,1,289,29.45973496,1.40142857,0.72765073,10.1975052,https://www.thelogox.com/products/logox-3-in-1,2026-03-20,2026-03-20
2026-03-20,"12.03.26 | Video - 2 | LogOX 3-in-1 Forestry MultiTool | Text Variation - 1 | LP : PDP",26.39,4627,28,,,,0.9425,0.60514372,5.70347958,https://www.thelogox.com/products/logox-3-in-1,2026-03-20,2026-03-20
2026-03-20,"18.03.26 | LogOX 3-in-1 Forestry MultiTool Static | LP : PDP",24.53,2591,26,,,,0.94346154,1.00347356,9.46738711,https://www.thelogox.com/products/logox-3-in-1,2026-03-20,2026-03-20
2026-03-20,"25.02.26 |  Video - 4 | LogOX_Dan-D-Lift_1to1_revised | Text Variation - 1 | LP : PDP",19.93,3345,23,,,,0.86652174,0.68759342,5.95814649,https://www.thelogox.com/products/timberox-ddl,2026-03-20,2026-03-20
2026-03-20,"25.02.26 |  Static -1 | LogOX 3-in-1 Forestry MultiTool| Text Variation - 1 | LP : PDP",0.22,11,,,,,,,20,https://www.thelogox.com/products/logox-3-in-1,2026-03-20,2026-03-20
2026-03-20,"25.02.26 |  Static - 2 | LogOX 3-in-1 Forestry MultiTool| Text Variation - 1 | LP : PDP",4.79,592,4,,,,1.1975,0.67567568,8.09121622,https://www.thelogox.com/products/logox-3-in-1,2026-03-20,2026-03-20
2026-03-20,"25.02.26 |  Static - 6 | LogOX 3-in-1 Forestry MultiTool| Text Variation - 1 | LP : PDP",0.38,36,,,,,,,10.55555556,https://www.thelogox.com/products/logox-3-in-1,2026-03-20,2026-03-20
2026-03-20,"25.02.26 | Video - 6 | LogOX_3-in-1tool_podcast_revised | Text Variation - 1 | LP : PDP",17.17,2593,27,1,289,16.83168317,0.63592593,1.04126494,6.62167374,https://www.thelogox.com/products/logox-3-in-1,2026-03-20,2026-03-20
2026-03-20,"25.02.26 | Video - 1 | LogOX_Dan-D-Lift_video_revised | Text Variation - 1 | LP : PDP",7.27,499,2,,,,3.635,0.4008016,14.56913828,https://www.thelogox.com/products/timberox-ddl,2026-03-20,2026-03-20
2026-03-19,"17.11.25 | Video -2 | LogOX 3-in-1 Forestry MultiTool | Text Variation - 1 LP - PDP",0.59,48,1,,,,0.59,2.08333333,12.29166667,https://www.thelogox.com/products/logox-3-in-1,2026-03-19,2026-03-19
2026-03-19,"25.02.26 |  Static - 8 | LogOX 3-in-1 Forestry MultiTool| Text Variation - 1 | LP : PDP",0,0,,1,,,,,,https://www.thelogox.com/products/logox-3-in-1,2026-03-19,2026-03-19
2026-03-19,"06.01.26 | B6.V2 | Forester Package | Text Variation - 1 | LP : Forester Package",2.82,175,3,,,,0.94,1.71428571,16.11428571,https://www.thelogox.com/products/forester-package,2026-03-19,2026-03-19
2026-03-19,"09.12.25 | Video -2 | LogOX 3-in-1 Forestry MultiTool | Text Variation - 1 LP : Multitool PDP",4.64,257,1,,,,4.64,0.38910506,18.05447471,https://www.thelogox.com/pages/multitool,2026-03-19,2026-03-19
2026-03-19,"17.11.25 | Video - 6 | TimberOX Summit 30-Ton | Text Variation - 3 | LP - PDP",4.85,376,20,,,,0.2425,5.31914894,12.89893617,https://www.thelogox.com/products/timberox,2026-03-19,2026-03-19
2026-03-19,"Vid FB1 937590858387610",144.78,16701,174,7,2176.1,15.03039094,0.83206897,1.04185378,8.66894198,https://www.thelogox.com/pages/multitool,2026-03-19,2026-03-19
2026-03-19,"Video | Site B | Austin  - 711679707645394",12.84,764,8,,,,1.605,1.04712042,16.80628272,https://www.thelogox.com/pages/multitool?utm_source=ABM,2026-03-19,2026-03-19
2026-03-19,"19.01.26 | LOGOX V1 | Hearth Bin Adjustable Firewood Rack | Text Variation - 1 | LP : PDP",0.03,4,,,,,,,7.5,https://www.thelogox.com/products/logox-firewood-hearth-bin,2026-03-19,2026-03-19
2026-03-19,"Video | Site B | Austin  - 816341450512552",87.94,8551,86,2,7928.68,90.16010917,1.02255814,1.00573032,10.28417729,https://www.thelogox.com/pages/multitool?utm_source=ABM,2026-03-19,2026-03-19
2026-03-19,"Vid YT4 937590921720937",25.72,1734,26,,,,0.98923077,1.4994233,14.83275663,https://www.thelogox.com/pages/multitool,2026-03-19,2026-03-19
2026-03-19,"3-in-1 Forestry MultiTool Static",21.64,2476,16,,,,1.3525,0.64620355,8.73990307,https://www.thelogox.com/pages/multitool,2026-03-19,2026-03-19
2026-03-19,"25.02.26 |  Static - 3 | LogOX 3-in-1 Forestry MultiTool| Text Variation - 1 | LP : PDP",52.06,5418,25,,,,2.0824,0.46142488,9.6087117,https://www.thelogox.com/products/logox-3-in-1,2026-03-19,2026-03-19
2026-03-19,"25.02.26 | Static - 7 | LogOX 3-in-1 Forestry MultiTool | Text Variation - 1 | LP : PDP",0.08,17,,,,,,,4.70588235,https://www.thelogox.com/products/logox-3-in-1,2026-03-19,2026-03-19
2026-03-19,"25.02.26 |  Static - 4 | LogOX 3-in-1 Forestry MultiTool| Text Variation - 1 | LP : PDP",0.04,7,,,,,,,5.71428571,https://www.thelogox.com/products/logox-3-in-1,2026-03-19,2026-03-19
2026-03-19,"18.03.26 | LogOX 3-in-1 Forestry MultiTool | Vid FB1 937590858387610 | LP : PDP",6.78,571,10,,,,0.678,1.75131349,11.87390543,https://www.thelogox.com/products/logox-3-in-1,2026-03-19,2026-03-19
2026-03-19,"25.02.26 | Video - 6 | LogOX_3-in-1tool_podcast_revised | Text Variation - 1 | LP : PDP",16.32,2340,19,,,,0.85894737,0.81196581,6.97435897,https://www.thelogox.com/products/logox-3-in-1,2026-03-19,2026-03-19
2026-03-19,"25.02.26 |  Static - 2 | LogOX 3-in-1 Forestry MultiTool| Text Variation - 1 | LP : PDP",5.23,958,4,,,,1.3075,0.41753653,5.45929019,https://www.thelogox.com/products/logox-3-in-1,2026-03-19,2026-03-19
2026-03-19,"25.02.26 |  Static -1 | LogOX 3-in-1 Forestry MultiTool| Text Variation - 1 | LP : PDP",0.01,7,,,,,,,1.42857143,https://www.thelogox.com/products/logox-3-in-1,2026-03-19,2026-03-19
2026-03-19,"25.02.26 | Video - 1 | LogOX_Dan-D-Lift_video_revised | Text Variation - 1 | LP : PDP",7.99,503,3,,,,2.66333333,0.59642147,15.88469185,https://www.thelogox.com/products/timberox-ddl,2026-03-19,2026-03-19
2026-03-19,"25.02.26 |  Video - 4 | LogOX_Dan-D-Lift_1to1_revised | Text Variation - 1 | LP : PDP",17.85,1309,13,1,,,1.37307692,0.99312452,13.63636364,https://www.thelogox.com/products/timberox-ddl,2026-03-19,2026-03-19
2026-03-19,"12.03.26 | Video - 1 | LogOX 3-in-1 Forestry MultiTool | Text Variation - 1 | LP : PDP",2.78,673,6,,,,0.46333333,0.89153046,4.1307578,https://www.thelogox.com/products/logox-3-in-1,2026-03-19,2026-03-19
2026-03-19,"12.03.26 | Video - 2 | LogOX 3-in-1 Forestry MultiTool | Text Variation - 1 | LP : PDP",22.67,3601,19,,,,1.19315789,0.52763121,6.29547348,https://www.thelogox.com/products/logox-3-in-1,2026-03-19,2026-03-19
2026-03-19,"18.03.26 | LogOX 3-in-1 Forestry MultiTool | Vid YT4 937590921720937 | LP : PDP",15.48,1661,15,,,,1.032,0.90307044,9.31968694,https://www.thelogox.com/products/logox-3-in-1,2026-03-19,2026-03-19
2026-03-19,"18.03.26 | LogOX 3-in-1 Forestry MultiTool | Video | Site B | Austin  - 816341450512552 | LP : PDP",21.2,1858,10,2,558,26.32075472,2.12,0.53821313,11.41011841,https://www.thelogox.com/products/logox-3-in-1,2026-03-19,2026-03-19
2026-03-19,"18.03.26 | LogOX 3-in-1 Forestry MultiTool Static | LP : PDP",13.77,1656,9,2,847,61.51053014,1.53,0.54347826,8.31521739,https://www.thelogox.com/products/logox-3-in-1,2026-03-19,2026-03-19
2026-03-19,"25.02.26 |  Video - 3 | LogOX_3-in-1tool_video_revised | Text Variation - 1 | LP : PDP",8.55,1413,14,,,,0.61071429,0.99079972,6.05095541,https://www.thelogox.com/products/logox-3-in-1,2026-03-19,2026-03-19
2026-03-18,"06.01.26 | B6.V2 | Forester Package | Text Variation - 1 | LP : Forester Package",1.58,108,2,,,,0.79,1.85185185,14.62962963,https://www.thelogox.com/products/forester-package,2026-03-18,2026-03-18
2026-03-18,"09.12.25 | Video -2 | LogOX 3-in-1 Forestry MultiTool | Text Variation - 1 LP : Multitool PDP",2.88,192,3,,,,0.96,1.5625,15,https://www.thelogox.com/pages/multitool,2026-03-18,2026-03-18
2026-03-18,"25.02.26 |  Static - 3 | LogOX 3-in-1 Forestry MultiTool| Text Variation - 1 | LP : PDP",46.11,4593,20,,,,2.3055,0.43544524,10.03919007,https://www.thelogox.com/products/logox-3-in-1,2026-03-18,2026-03-18
2026-03-18,"25.02.26 |  Static - 8 | LogOX 3-in-1 Forestry MultiTool| Text Variation - 1 | LP : PDP",0.16,8,,,,,,,20,https://www.thelogox.com/products/logox-3-in-1,2026-03-18,2026-03-18
2026-03-18,"17.11.25 | Video -2 | LogOX 3-in-1 Forestry MultiTool | Text Variation - 1 LP - PDP",0.69,26,,,,,,,26.53846154,https://www.thelogox.com/products/logox-3-in-1,2026-03-18,2026-03-18
2026-03-18,"17.11.25 | Video - 6 | TimberOX Summit 30-Ton | Text Variation - 3 | LP - PDP",3.59,269,10,,,,0.359,3.71747212,13.34572491,https://www.thelogox.com/products/timberox,2026-03-18,2026-03-18
2026-03-18,"Vid YT4 937590921720937",40.31,2829,35,1,175.5,4.35375837,1.15171429,1.23718628,14.24885118,https://www.thelogox.com/pages/multitool,2026-03-18,2026-03-18
2026-03-18,"Video | Site B | Austin  - 711679707645394",9.95,861,8,,,,1.24375,0.92915215,11.55632985,https://www.thelogox.com/pages/multitool?utm_source=ABM,2026-03-18,2026-03-18
2026-03-18,"19.01.26 | LOGOX V1 | Hearth Bin Adjustable Firewood Rack | Text Variation - 1 | LP : PDP",0.33,11,,,,,,,30,https://www.thelogox.com/products/logox-firewood-hearth-bin,2026-03-18,2026-03-18
2026-03-18,"3-in-1 Forestry MultiTool Static",33.72,3031,18,1,279,8.27402135,1.87333333,0.59386341,11.12504124,https://www.thelogox.com/pages/multitool,2026-03-18,2026-03-18
2026-03-18,"17.11.25 | Video - 3 | LogOX 3-in-1 Forestry MultiTool | Text Variation - 2 | LP - PDP",0,0,,2,770,,,,,https://www.thelogox.com/products/logox-3-in-1,2026-03-18,2026-03-18
2026-03-18,"Video | Site B | Austin  - 816341450512552",77.95,7849,101,1,385,4.9390635,0.77178218,1.28678813,9.93120143,https://www.thelogox.com/pages/multitool?utm_source=ABM,2026-03-18,2026-03-18
2026-03-18,"Vid FB1 937590858387610",125.76,13456,148,1,65,0.51685751,0.84972973,1.09988109,9.34601665,https://www.thelogox.com/pages/multitool,2026-03-18,2026-03-18
2026-03-18,"25.02.26 | Static - 7 | LogOX 3-in-1 Forestry MultiTool | Text Variation - 1 | LP : PDP",0,1,,,,,,,0,https://www.thelogox.com/products/logox-3-in-1,2026-03-18,2026-03-18
2026-03-18,"12.03.26 | Video - 2 | LogOX 3-in-1 Forestry MultiTool | Text Variation - 1 | LP : PDP",26,4360,23,1,,,1.13043478,0.52752294,5.96330275,https://www.thelogox.com/products/logox-3-in-1,2026-03-18,2026-03-18
2026-03-18,"25.02.26 |  Static - 5 | LogOX 3-in-1 Forestry MultiTool| Text Variation - 1 | LP : PDP",0.11,12,,,,,,,9.16666667,https://www.thelogox.com/products/logox-3-in-1,2026-03-18,2026-03-18
2026-03-18,"25.02.26 |  Video - 4 | LogOX_Dan-D-Lift_1to1_revised | Text Variation - 1 | LP : PDP",9.63,1463,30,,,,0.321,2.050581,6.582365,https://www.thelogox.com/products/timberox-ddl,2026-03-18,2026-03-18
2026-03-18,"25.02.26 |  Static - 4 | LogOX 3-in-1 Forestry MultiTool| Text Variation - 1 | LP : PDP",0.33,32,,,,,,,10.3125,https://www.thelogox.com/products/logox-3-in-1,2026-03-18,2026-03-18
2026-03-18,"18.03.26 | LogOX 3-in-1 Forestry MultiTool | Video | Site B | Austin  - 816341450512552 | LP : PDP",12.61,1320,11,,,,1.14636364,0.83333333,9.5530303,https://www.thelogox.com/products/logox-3-in-1,2026-03-18,2026-03-18
2026-03-18,"18.03.26 | LogOX 3-in-1 Forestry MultiTool | Vid YT4 937590921720937 | LP : PDP",5.24,683,6,,,,0.87333333,0.87847731,7.67203514,https://www.thelogox.com/products/logox-3-in-1,2026-03-18,2026-03-18
2026-03-18,"18.03.26 | LogOX 3-in-1 Forestry MultiTool | Vid FB1 937590858387610 | LP : PDP",10.33,1128,5,,,,2.066,0.44326241,9.15780142,https://www.thelogox.com/products/logox-3-in-1,2026-03-18,2026-03-18
2026-03-18,"12.03.26 | Video - 1 | LogOX 3-in-1 Forestry MultiTool | Text Variation - 1 | LP : PDP",5.94,1217,7,,,,0.84857143,0.57518488,4.88085456,https://www.thelogox.com/products/logox-3-in-1,2026-03-18,2026-03-18
2026-03-18,"18.03.26 | LogOX 3-in-1 Forestry MultiTool Static | LP : PDP",2.35,259,2,,,,1.175,0.77220077,9.07335907,https://www.thelogox.com/products/logox-3-in-1,2026-03-18,2026-03-18
2026-03-18,"25.02.26 | Video - 1 | LogOX_Dan-D-Lift_video_revised | Text Variation - 1 | LP : PDP",7.09,727,9,,,,0.78777778,1.23796424,9.75240715,https://www.thelogox.com/products/timberox-ddl,2026-03-18,2026-03-18
2026-03-18,"25.02.26 |  Static - 2 | LogOX 3-in-1 Forestry MultiTool| Text Variation - 1 | LP : PDP",8.97,1096,6,,,,1.495,0.54744526,8.18430657,https://www.thelogox.com/products/logox-3-in-1,2026-03-18,2026-03-18
2026-03-18,"25.02.26 |  Static - 6 | LogOX 3-in-1 Forestry MultiTool| Text Variation - 1 | LP : PDP",0.05,6,,,,,,,8.33333333,https://www.thelogox.com/products/logox-3-in-1,2026-03-18,2026-03-18
2026-03-18,"25.02.26 | Video - 6 | LogOX_3-in-1tool_podcast_revised | Text Variation - 1 | LP : PDP",13.67,1769,12,,,,1.13916667,0.67834935,7.72752968,https://www.thelogox.com/products/logox-3-in-1,2026-03-18,2026-03-18
2026-03-18,"25.02.26 |  Video - 3 | LogOX_3-in-1tool_video_revised | Text Variation - 1 | LP : PDP",11.46,1294,6,,,,1.91,0.46367852,8.85625966,https://www.thelogox.com/products/logox-3-in-1,2026-03-18,2026-03-18
2026-03-18,"25.02.26 |  Static -1 | LogOX 3-in-1 Forestry MultiTool| Text Variation - 1 | LP : PDP",0.01,2,,,,,,,5,https://www.thelogox.com/products/logox-3-in-1,2026-03-18,2026-03-18
2026-03-17,"Video | Site B | Austin  - 711679707645394",22.38,1709,19,,,,1.17789474,1.11176126,13.09537741,https://www.thelogox.com/pages/multitool?utm_source=ABM,2026-03-17,2026-03-17
2026-03-17,"09.12.25 | Video -2 | LogOX 3-in-1 Forestry MultiTool | Text Variation - 1 LP : Multitool PDP",3.79,230,2,,,,1.895,0.86956522,16.47826087,https://www.thelogox.com/pages/multitool,2026-03-17,2026-03-17
2026-03-17,"17.11.25 | Video - 6 | TimberOX Summit 30-Ton | Text Variation - 3 | LP - PDP",5.03,387,18,,,,0.27944444,4.65116279,12.99741602,https://www.thelogox.com/products/timberox,2026-03-17,2026-03-17
2026-03-17,"17.11.25 | Video -2 | LogOX 3-in-1 Forestry MultiTool | Text Variation - 1 LP - PDP",1.71,84,2,,,,0.855,2.38095238,20.35714286,https://www.thelogox.com/products/logox-3-in-1,2026-03-17,2026-03-17
2026-03-17,"Video | Site B | Austin  - 816341450512552",4.19,266,6,,,,0.69833333,2.2556391,15.7518797,https://www.thelogox.com/pages/multitool?utm_source=ABM,2026-03-17,2026-03-17
2026-03-17,"Vid FB1 937590858387610",102.53,10362,131,5,807.75,7.878182,0.78267176,1.2642347,9.89480795,https://www.thelogox.com/pages/multitool,2026-03-17,2026-03-17
2026-03-17,"3-in-1 Forestry MultiTool Static",0.01,2,,,,,,,5,https://www.thelogox.com/pages/multitool,2026-03-17,2026-03-17
2026-03-17,"06.01.26 | B6.V2 | Forester Package | Text Variation - 1 | LP : Forester Package",0,0,,1,948.04,,,,,https://www.thelogox.com/products/forester-package,2026-03-17,2026-03-17
2026-03-17,"Video | Site B | Austin  - 816341450512552",66.52,7020,81,1,395,5.93806374,0.82123457,1.15384615,9.47578348,https://www.thelogox.com/pages/multitool?utm_source=ABM,2026-03-17,2026-03-17
2026-03-17,"Vid YT4 937590921720937",32.98,2355,29,1,279,8.45967253,1.13724138,1.23142251,14.00424628,https://www.thelogox.com/pages/multitool,2026-03-17,2026-03-17
2026-03-17,"3-in-1 Forestry MultiTool Static",38.35,3390,20,,,,1.9175,0.5899705,11.31268437,https://www.thelogox.com/pages/multitool,2026-03-17,2026-03-17
2026-03-17,"25.02.26 |  Static - 8 | LogOX 3-in-1 Forestry MultiTool| Text Variation - 1 | LP : PDP",0.04,4,,,,,,,10,https://www.thelogox.com/products/logox-3-in-1,2026-03-17,2026-03-17
2026-03-17,"06.01.26 | B6.V2 | Forester Package | Text Variation - 1 | LP : Forester Package",4.65,258,5,,,,0.93,1.9379845,18.02325581,https://www.thelogox.com/products/forester-package,2026-03-17,2026-03-17
2026-03-17,"25.02.26 |  Static - 3 | LogOX 3-in-1 Forestry MultiTool| Text Variation - 1 | LP : PDP",53.5,6010,21,,,,2.54761905,0.34941764,8.90183028,https://www.thelogox.com/products/logox-3-in-1,2026-03-17,2026-03-17
2026-03-17,"25.02.26 | Static - 7 | LogOX 3-in-1 Forestry MultiTool | Text Variation - 1 | LP : PDP",0.3,39,,,,,,,7.69230769,https://www.thelogox.com/products/logox-3-in-1,2026-03-17,2026-03-17
2026-03-17,"25.02.26 | Video - 1 | LogOX_Dan-D-Lift_video_revised | Text Variation - 1 | LP : PDP",8.04,1337,16,,,,0.5025,1.19670905,6.01346298,https://www.thelogox.com/products/timberox-ddl,2026-03-17,2026-03-17
2026-03-17,"12.03.26 | Video - 3 | LogOX 3-in-1 Forestry MultiTool | Text Variation - 2 | LP : PDP",2.01,402,1,,,,2.01,0.24875622,5,https://www.thelogox.com/products/logox-3-in-1,2026-03-17,2026-03-17
2026-03-17,"12.03.26 | Video - 2 | LogOX 3-in-1 Forestry MultiTool | Text Variation - 1 | LP : PDP",14.42,2280,18,,,,0.80111111,0.78947368,6.3245614,https://www.thelogox.com/products/logox-3-in-1,2026-03-17,2026-03-17
2026-03-17,"12.03.26 | Video - 1 | LogOX 3-in-1 Forestry MultiTool | Text Variation - 1 | LP : PDP",3.54,680,3,,,,1.18,0.44117647,5.20588235,https://www.thelogox.com/products/logox-3-in-1,2026-03-17,2026-03-17
2026-03-17,"25.02.26 |  Video - 4 | LogOX_Dan-D-Lift_1to1_revised | Text Variation - 1 | LP : PDP",12.16,2085,33,,,,0.36848485,1.58273381,5.83213429,https://www.thelogox.com/products/timberox-ddl,2026-03-17,2026-03-17
2026-03-17,"12.03.26 | Video - 4 | LogOX 3-in-1 Forestry MultiTool | Text Variation - 2 | LP : PDP",13.96,2307,26,,,,0.53692308,1.12700477,6.05114868,https://www.thelogox.com/products/logox-3-in-1,2026-03-17,2026-03-17
2026-03-17,"25.02.26 |  Static -1 | LogOX 3-in-1 Forestry MultiTool| Text Variation - 1 | LP : PDP",0.72,53,,,,,,,13.58490566,https://www.thelogox.com/products/logox-3-in-1,2026-03-17,2026-03-17
2026-03-17,"25.02.26 |  Static - 6 | LogOX 3-in-1 Forestry MultiTool| Text Variation - 1 | LP : PDP",0.23,47,1,,,,0.23,2.12765957,4.89361702,https://www.thelogox.com/products/logox-3-in-1,2026-03-17,2026-03-17
2026-03-17,"25.02.26 | Video - 6 | LogOX_3-in-1tool_podcast_revised | Text Variation - 1 | LP : PDP",12.43,1840,18,,,,0.69055556,0.97826087,6.75543478,https://www.thelogox.com/products/logox-3-in-1,2026-03-17,2026-03-17
2026-03-17,"25.02.26 |  Video - 3 | LogOX_3-in-1tool_video_revised | Text Variation - 1 | LP : PDP",12.14,1824,18,1,247.95,20.42421746,0.67444444,0.98684211,6.65570175,https://www.thelogox.com/products/logox-3-in-1,2026-03-17,2026-03-17
2026-03-17,"25.02.26 |  Static - 4 | LogOX 3-in-1 Forestry MultiTool| Text Variation - 1 | LP : PDP",0.09,15,,,,,,,6,https://www.thelogox.com/products/logox-3-in-1,2026-03-17,2026-03-17
2026-03-17,"25.02.26 |  Static - 2 | LogOX 3-in-1 Forestry MultiTool| Text Variation - 1 | LP : PDP",0.96,71,1,,,,0.96,1.4084507,13.52112676,https://www.thelogox.com/products/logox-3-in-1,2026-03-17,2026-03-17
2026-03-16,"Video | Site B | Austin  - 711679707645394",52.68,4012,67,1,289,5.48595292,0.78626866,1.66999003,13.13060818,https://www.thelogox.com/pages/multitool?utm_source=ABM,2026-03-16,2026-03-16
2026-03-16,"06.01.26 | B6.V2 | Forester Package | Text Variation - 1 | LP : Forester Package",72.42,4652,98,,,,0.73897959,2.10662081,15.56749785,https://www.thelogox.com/products/forester-package,2026-03-16,2026-03-16
2026-03-16,"09.12.25 | Video -2 | LogOX 3-in-1 Forestry MultiTool | Text Variation - 1 LP : Multitool PDP",9.81,599,16,,,,0.613125,2.67111853,16.37729549,https://www.thelogox.com/pages/multitool,2026-03-16,2026-03-16
2026-03-16,"17.11.25 | Video - 6 | TimberOX Summit 30-Ton | Text Variation - 3 | LP - PDP",36.87,1980,75,,,,0.4916,3.78787879,18.62121212,https://www.thelogox.com/products/timberox,2026-03-16,2026-03-16
2026-03-16,"17.11.25 | Video -2 | LogOX 3-in-1 Forestry MultiTool | Text Variation - 1 LP - PDP",2.71,108,2,,,,1.355,1.85185185,25.09259259,https://www.thelogox.com/products/logox-3-in-1,2026-03-16,2026-03-16
2026-03-16,"Video | Site B | Austin  - 816341450512552",225.13,14377,296,,,,0.76057432,2.05884399,15.65903874,https://www.thelogox.com/pages/multitool?utm_source=ABM,2026-03-16,2026-03-16
2026-03-16,"Video | Site B | Austin  - 816341450512552",117.36,9532,114,,,,1.02947368,1.19597146,12.3122115,https://www.thelogox.com/pages/multitool?utm_source=ABM,2026-03-16,2026-03-16
2026-03-16,"3-in-1 Forestry MultiTool Static",0.12,6,,,,,,,20,https://www.thelogox.com/pages/multitool,2026-03-16,2026-03-16
2026-03-16,"19.01.26 | LOGOX V1 | Hearth Bin Adjustable Firewood Rack | Text Variation - 1 | LP : PDP",0.19,26,1,,,,0.19,3.84615385,7.30769231,https://www.thelogox.com/products/logox-firewood-hearth-bin,2026-03-16,2026-03-16
2026-03-16,"3-in-1 Forestry MultiTool Static",41.3,4016,22,1,289,6.99757869,1.87727273,0.54780876,10.28386454,https://www.thelogox.com/pages/multitool,2026-03-16,2026-03-16
2026-03-16,"Vid FB1 937590858387610",186.62,18603,156,3,622.96,3.33812024,1.19628205,0.83857442,10.03171531,https://www.thelogox.com/pages/multitool,2026-03-16,2026-03-16
2026-03-16,"Vid YT4 937590921720937",42.55,2896,55,,,,0.77363636,1.89917127,14.69267956,https://www.thelogox.com/pages/multitool,2026-03-16,2026-03-16
2026-03-16,"25.02.26 |  Static - 3 | LogOX 3-in-1 Forestry MultiTool| Text Variation - 1 | LP : PDP",64.02,7206,64,1,219,3.420806,1.0003125,0.88814876,8.88426311,https://www.thelogox.com/products/logox-3-in-1,2026-03-16,2026-03-16
2026-03-16,"25.02.26 | Static - 7 | LogOX 3-in-1 Forestry MultiTool | Text Variation - 1 | LP : PDP",0.06,7,,,,,,,8.57142857,https://www.thelogox.com/products/logox-3-in-1,2026-03-16,2026-03-16
2026-03-16,"12.03.26 | Video - 2 | LogOX 3-in-1 Forestry MultiTool | Text Variation - 1 | LP : PDP",13.26,2122,12,,,,1.105,0.56550424,6.24882187,https://www.thelogox.com/products/logox-3-in-1,2026-03-16,2026-03-16
2026-03-16,"25.02.26 |  Static - 5 | LogOX 3-in-1 Forestry MultiTool| Text Variation - 1 | LP : PDP",0.28,47,,,,,,,5.95744681,https://www.thelogox.com/products/logox-3-in-1,2026-03-16,2026-03-16
2026-03-16,"25.02.26 |  Video - 4 | LogOX_Dan-D-Lift_1to1_revised | Text Variation - 1 | LP : PDP",14.79,2115,37,,,,0.39972973,1.74940898,6.9929078,https://www.thelogox.com/products/timberox-ddl,2026-03-16,2026-03-16
2026-03-16,"25.02.26 |  Static - 4 | LogOX 3-in-1 Forestry MultiTool| Text Variation - 1 | LP : PDP",0.76,50,1,,,,0.76,2,15.2,https://www.thelogox.com/products/logox-3-in-1,2026-03-16,2026-03-16
2026-03-16,"12.03.26 | Video - 4 | LogOX 3-in-1 Forestry MultiTool | Text Variation - 2 | LP : PDP",16.14,2576,21,5,,,0.76857143,0.81521739,6.26552795,https://www.thelogox.com/products/logox-3-in-1,2026-03-16,2026-03-16
2026-03-16,"12.03.26 | Video - 3 | LogOX 3-in-1 Forestry MultiTool | Text Variation - 2 | LP : PDP",5.81,1003,2,,,,2.905,0.19940179,5.79262213,https://www.thelogox.com/products/logox-3-in-1,2026-03-16,2026-03-16
2026-03-16,"02.03.26 | Video -1 | WoodOX Sling | Text Variation - 1 | LP : Amazon LP",5.21,1733,180,,,,0.02894444,10.38661281,3.00634737,https://www.amazon.ca/LogOx-LOX-8141-Ultimate-Firewood-Kindling/dp/B07PNRLQ26?maas=%5B%E2%80%A6%5D036BBDA00191F27CF6DBB98EA3F4E92_afap_abs&ref_=aa_maas&tag=maas,2026-03-16,2026-03-16
2026-03-16,"02.03.26 | Video - 4 | WoodOX Sling | Text Variation - 1 | LP - Amazon LP",3.49,1162,139,,,,0.02510791,11.96213425,3.00344234,https://www.amazon.ca/LogOx-LOX-8141-Ultimate-Firewood-Kindling/dp/B07PNRLQ26?maas=%5B%E2%80%A6%5D036BBDA00191F27CF6DBB98EA3F4E92_afap_abs&ref_=aa_maas&tag=maas,2026-03-16,2026-03-16
2026-03-16,"12.03.26 | Video - 1 | LogOX 3-in-1 Forestry MultiTool | Text Variation - 1 | LP : PDP",1.55,392,1,,,,1.55,0.25510204,3.95408163,https://www.thelogox.com/products/logox-3-in-1,2026-03-16,2026-03-16
2026-03-16,"25.02.26 | Video - 1 | LogOX_Dan-D-Lift_video_revised | Text Variation - 1 | LP : PDP",9.33,1558,22,,,,0.42409091,1.41206675,5.98844673,https://www.thelogox.com/products/timberox-ddl,2026-03-16,2026-03-16
2026-03-16,"25.02.26 |  Static -1 | LogOX 3-in-1 Forestry MultiTool| Text Variation - 1 | LP : PDP",0.15,13,,,,,,,11.53846154,https://www.thelogox.com/products/logox-3-in-1,2026-03-16,2026-03-16
2026-03-16,"25.02.26 |  Static - 2 | LogOX 3-in-1 Forestry MultiTool| Text Variation - 1 | LP : PDP",0.89,89,1,,,,0.89,1.12359551,10,https://www.thelogox.com/products/logox-3-in-1,2026-03-16,2026-03-16
2026-03-16,"25.02.26 |  Static - 6 | LogOX 3-in-1 Forestry MultiTool| Text Variation - 1 | LP : PDP",0.07,9,,,,,,,7.77777778,https://www.thelogox.com/products/logox-3-in-1,2026-03-16,2026-03-16
2026-03-16,"25.02.26 | Video - 6 | LogOX_3-in-1tool_podcast_revised | Text Variation - 1 | LP : PDP",12.07,1806,13,1,457.92,37.93869097,0.92846154,0.71982281,6.68327796,https://www.thelogox.com/products/logox-3-in-1,2026-03-16,2026-03-16
2026-03-16,"25.02.26 |  Video - 3 | LogOX_3-in-1tool_video_revised | Text Variation - 1 | LP : PDP",14.58,2147,30,,,,0.486,1.39729856,6.79087098,https://www.thelogox.com/products/logox-3-in-1,2026-03-16,2026-03-16
2026-03-15,"25.02.26 |  Static -1 | LogOX 3-in-1 Forestry MultiTool| Text Variation - 1 | LP : PDP",0.44,43,,,,,,,10.23255814,https://www.thelogox.com/products/logox-3-in-1,2026-03-15,2026-03-15
2026-03-15,"25.02.26 |  Static - 3 | LogOX 3-in-1 Forestry MultiTool| Text Variation - 1 | LP : PDP",66.9,6448,39,2,612.68,9.15814649,1.71538462,0.60483871,10.37531017,https://www.thelogox.com/products/logox-3-in-1,2026-03-15,2026-03-15
2026-03-15,"25.02.26 |  Static - 5 | LogOX 3-in-1 Forestry MultiTool| Text Variation - 1 | LP : PDP",0.12,19,,,,,,,6.31578947,https://www.thelogox.com/products/logox-3-in-1,2026-03-15,2026-03-15
2026-03-15,"25.02.26 |  Static - 4 | LogOX 3-in-1 Forestry MultiTool| Text Variation - 1 | LP : PDP",0.09,9,,,,,,,10,https://www.thelogox.com/products/logox-3-in-1,2026-03-15,2026-03-15
2026-03-15,"25.02.26 |  Video - 3 | LogOX_3-in-1tool_video_revised | Text Variation - 1 | LP : PDP",14.88,2494,16,,,,0.93,0.6415397,5.96631917,https://www.thelogox.com/products/logox-3-in-1,2026-03-15,2026-03-15
2026-03-15,"25.02.26 | Video - 6 | LogOX_3-in-1tool_podcast_revised | Text Variation - 1 | LP : PDP",12.08,2050,9,,,,1.34222222,0.43902439,5.89268293,https://www.thelogox.com/products/logox-3-in-1,2026-03-15,2026-03-15
2026-03-15,"25.02.26 |  Static - 6 | LogOX 3-in-1 Forestry MultiTool| Text Variation - 1 | LP : PDP",0.58,62,,,,,,,9.35483871,https://www.thelogox.com/products/logox-3-in-1,2026-03-15,2026-03-15
2026-03-15,"25.02.26 |  Static - 2 | LogOX 3-in-1 Forestry MultiTool| Text Variation - 1 | LP : PDP",0.28,19,,,,,,,14.73684211,https://www.thelogox.com/products/logox-3-in-1,2026-03-15,2026-03-15
2026-03-15,"12.03.26 | Video - 3 | LogOX 3-in-1 Forestry MultiTool | Text Variation - 2 | LP : PDP",9.68,1763,7,,,,1.38285714,0.39705048,5.49064095,https://www.thelogox.com/products/logox-3-in-1,2026-03-15,2026-03-15
2026-03-15,"25.02.26 | Video - 1 | LogOX_Dan-D-Lift_video_revised | Text Variation - 1 | LP : PDP",9.85,1724,23,,,,0.42826087,1.33410673,5.71345708,https://www.thelogox.com/products/timberox-ddl,2026-03-15,2026-03-15
2026-03-15,"25.02.26 |  Video - 4 | LogOX_Dan-D-Lift_1to1_revised | Text Variation - 1 | LP : PDP",14.34,2658,39,4,1441.8,100.54393305,0.36769231,1.46726862,5.39503386,https://www.thelogox.com/products/timberox-ddl,2026-03-15,2026-03-15
2026-03-15,"02.03.26 | Video - 4 | WoodOX Sling | Text Variation - 1 | LP - Amazon LP",11.43,3820,414,,,,0.0276087,10.83769634,2.9921466,https://www.amazon.ca/LogOx-LOX-8141-Ultimate-Firewood-Kindling/dp/B07PNRLQ26?maas=%5B%E2%80%A6%5D036BBDA00191F27CF6DBB98EA3F4E92_afap_abs&ref_=aa_maas&tag=maas,2026-03-15,2026-03-15
2026-03-15,"02.03.26 | Video -1 | WoodOX Sling | Text Variation - 1 | LP : Amazon LP",28.18,9246,1033,,,,0.02727977,11.17239888,3.04780446,https://www.amazon.ca/LogOx-LOX-8141-Ultimate-Firewood-Kindling/dp/B07PNRLQ26?maas=%5B%E2%80%A6%5D036BBDA00191F27CF6DBB98EA3F4E92_afap_abs&ref_=aa_maas&tag=maas,2026-03-15,2026-03-15
2026-03-15,"02.03.26 | Video - 3 | WoodOX Sling | Text Variation - 1,2 | LP - Amazon LP",0.08,51,6,,,,0.01333333,11.76470588,1.56862745,https://www.amazon.ca/LogOx-LOX-8141-Ultimate-Firewood-Kindling/dp/B07PNRLQ26?maas=%5B%E2%80%A6%5D036BBDA00191F27CF6DBB98EA3F4E92_afap_abs&ref_=aa_maas&tag=maas,2026-03-15,2026-03-15
2026-03-15,"12.03.26 | Video - 1 | LogOX 3-in-1 Forestry MultiTool | Text Variation - 1 | LP : PDP",2.79,672,2,,,,1.395,0.29761905,4.15178571,https://www.thelogox.com/products/logox-3-in-1,2026-03-15,2026-03-15
2026-03-15,"12.03.26 | Video - 2 | LogOX 3-in-1 Forestry MultiTool | Text Variation - 1 | LP : PDP",16.44,2684,22,,,,0.74727273,0.81967213,6.12518629,https://www.thelogox.com/products/logox-3-in-1,2026-03-15,2026-03-15
2026-03-15,"12.03.26 | Video - 4 | LogOX 3-in-1 Forestry MultiTool | Text Variation - 2 | LP : PDP",8.54,1267,7,,,,1.22,0.55248619,6.74033149,https://www.thelogox.com/products/logox-3-in-1,2026-03-15,2026-03-15
2026-03-15,"25.02.26 |  Static - 8 | LogOX 3-in-1 Forestry MultiTool| Text Variation - 1 | LP : PDP",0.2,24,,,,,,,8.33333333,https://www.thelogox.com/products/logox-3-in-1,2026-03-15,2026-03-15
2026-03-15,"25.02.26 | Static - 7 | LogOX 3-in-1 Forestry MultiTool | Text Variation - 1 | LP : PDP",0.01,2,,,,,,,5,https://www.thelogox.com/products/logox-3-in-1,2026-03-15,2026-03-15
2026-03-15,"06.01.26 | B6.V2 | Forester Package | Text Variation - 1 | LP : Forester Package",7.89,493,11,,,,0.71727273,2.23123732,16.0040568,https://www.thelogox.com/products/forester-package,2026-03-15,2026-03-15
2026-03-15,"09.12.25 | Video -2 | LogOX 3-in-1 Forestry MultiTool | Text Variation - 1 LP : Multitool PDP",4.32,197,2,,,,2.16,1.01522843,21.92893401,https://www.thelogox.com/pages/multitool,2026-03-15,2026-03-15
2026-03-15,"17.11.25 | Video - 6 | TimberOX Summit 30-Ton | Text Variation - 3 | LP - PDP",11.26,880,46,1,8510.81,755.84458259,0.24478261,5.22727273,12.79545455,https://www.thelogox.com/products/timberox,2026-03-15,2026-03-15
2026-03-15,"17.11.25 | Video -2 | LogOX 3-in-1 Forestry MultiTool | Text Variation - 1 LP - PDP",10.41,479,8,,,,1.30125,1.67014614,21.73277662,https://www.thelogox.com/products/logox-3-in-1,2026-03-15,2026-03-15
2026-03-15,"Video | Site B | Austin  - 816341450512552",28.87,2035,32,1,395,13.68202286,0.9021875,1.57248157,14.18673219,https://www.thelogox.com/pages/multitool?utm_source=ABM,2026-03-15,2026-03-15
2026-03-15,"Video | Site B | Austin  - 711679707645394",22.15,1604,21,1,289,13.04740406,1.0547619,1.30922693,13.80922693,https://www.thelogox.com/pages/multitool?utm_source=ABM,2026-03-15,2026-03-15
2026-03-15,"3-in-1 Forestry MultiTool Static",0.6,56,,,,,,,10.71428571,https://www.thelogox.com/pages/multitool,2026-03-15,2026-03-15
2026-03-15,"Video | Site B | Austin  - 816341450512552",98.89,9836,109,4,698.5,7.06340378,0.90724771,1.10817405,10.05388369,https://www.thelogox.com/pages/multitool?utm_source=ABM,2026-03-15,2026-03-15
2026-03-15,"Vid FB1 937590858387610",149.59,14854,196,2,578,3.86389465,0.76321429,1.3195099,10.07068803,https://www.thelogox.com/pages/multitool,2026-03-15,2026-03-15
2026-03-15,"Vid YT4 937590921720937",37.18,2619,32,,,,1.161875,1.2218404,14.19625811,https://www.thelogox.com/pages/multitool,2026-03-15,2026-03-15
2026-03-15,"3-in-1 Forestry MultiTool Static",37.24,3773,22,,,,1.69272727,0.58309038,9.87012987,https://www.thelogox.com/pages/multitool,2026-03-15,2026-03-15
2026-03-14,"17.11.25 | Video - 3 | LogOX 3-in-1 Forestry MultiTool | Text Variation - 2 | LP - PDP",0,0,,1,338.95,,,,,https://www.thelogox.com/products/logox-3-in-1,2026-03-14,2026-03-14
2026-03-14,"17.11.25 | Video -2 | LogOX 3-in-1 Forestry MultiTool | Text Variation - 1 LP - PDP",1.49,84,,,,,,,17.73809524,https://www.thelogox.com/products/logox-3-in-1,2026-03-14,2026-03-14
2026-03-14,"Video | Site B | Austin  - 816341450512552",1.21,77,3,,,,0.40333333,3.8961039,15.71428571,https://www.thelogox.com/pages/multitool?utm_source=ABM,2026-03-14,2026-03-14
2026-03-14,"3-in-1 Forestry MultiTool Static",0.74,31,,,,,,,23.87096774,https://www.thelogox.com/pages/multitool,2026-03-14,2026-03-14
2026-03-14,"19.01.26 | LOGOX V1 | Hearth Bin Adjustable Firewood Rack | Text Variation - 1 | LP : PDP",0.08,7,,,,,,,11.42857143,https://www.thelogox.com/products/logox-firewood-hearth-bin,2026-03-14,2026-03-14
2026-03-14,"06.01.26 | B6.V1 | Forester Package | Text Variation - 1 | LP : Forester Package",4.32,148,2,,,,2.16,1.35135135,29.18918919,https://www.thelogox.com/products/forester-package,2026-03-14,2026-03-14
2026-03-14,"Vid YT4 937590921720937",29.45,2009,31,,,,0.95,1.54305625,14.65903435,https://www.thelogox.com/pages/multitool,2026-03-14,2026-03-14
2026-03-14,"17.11.25 | Video -2 | LogOX 3-in-1 Forestry MultiTool | Text Variation - 1 LP - PDP",0,0,,2,520.2,,,,,https://www.thelogox.com/products/logox-3-in-1,2026-03-14,2026-03-14
2026-03-14,"Video | Site B | Austin  - 816341450512552",101.54,8587,116,,,,0.87534483,1.35087924,11.82485152,https://www.thelogox.com/pages/multitool?utm_source=ABM,2026-03-14,2026-03-14
2026-03-14,"Vid FB1 937590858387610",102.88,8714,92,2,443.9,4.31473561,1.11826087,1.05577232,11.80628873,https://www.thelogox.com/pages/multitool,2026-03-14,2026-03-14
2026-03-14,"Video | Site B | Austin  - 711679707645394",2.1,184,3,,,,0.7,1.63043478,11.41304348,https://www.thelogox.com/pages/multitool?utm_source=ABM,2026-03-14,2026-03-14
2026-03-14,"06.01.26 | B6.V2 | Forester Package | Text Variation - 1 | LP : Forester Package",2.42,117,4,2,674,278.51239669,0.605,3.41880342,20.68376068,https://www.thelogox.com/products/forester-package,2026-03-14,2026-03-14
2026-03-14,"3-in-1 Forestry MultiTool Static",30.42,2763,30,,,,1.014,1.08577633,11.00977199,https://www.thelogox.com/pages/multitool,2026-03-14,2026-03-14
2026-03-14,"09.12.25 | Video -2 | LogOX 3-in-1 Forestry MultiTool | Text Variation - 1 LP : Multitool PDP",1.14,60,1,,,,1.14,1.66666667,19,https://www.thelogox.com/pages/multitool,2026-03-14,2026-03-14
2026-03-14,"17.11.25 | Video - 6 | TimberOX Summit 30-Ton | Text Variation - 3 | LP - PDP",16.74,995,55,,,,0.30436364,5.52763819,16.8241206,https://www.thelogox.com/products/timberox,2026-03-14,2026-03-14
2026-03-14,"25.02.26 | Static - 7 | LogOX 3-in-1 Forestry MultiTool | Text Variation - 1 | LP : PDP",0.09,17,,,,,,,5.29411765,https://www.thelogox.com/products/logox-3-in-1,2026-03-14,2026-03-14
2026-03-14,"02.03.26 | Video - 4 | WoodOX Sling | Text Variation - 1 | LP - Amazon LP",12.79,4014,490,,,,0.02610204,12.20727454,3.18634778,https://www.amazon.ca/LogOx-LOX-8141-Ultimate-Firewood-Kindling/dp/B07PNRLQ26?maas=%5B%E2%80%A6%5D036BBDA00191F27CF6DBB98EA3F4E92_afap_abs&ref_=aa_maas&tag=maas,2026-03-14,2026-03-14
2026-03-14,"25.02.26 |  Static - 3 | LogOX 3-in-1 Forestry MultiTool| Text Variation - 1 | LP : PDP",49.63,4929,29,3,679,13.68124118,1.71137931,0.58835464,10.06897951,https://www.thelogox.com/products/logox-3-in-1,2026-03-14,2026-03-14
2026-03-14,"12.03.26 | Video - 3 | LogOX 3-in-1 Forestry MultiTool | Text Variation - 2 | LP : PDP",4.55,732,3,,,,1.51666667,0.40983607,6.21584699,https://www.thelogox.com/products/logox-3-in-1,2026-03-14,2026-03-14
2026-03-14,"12.03.26 | Video - 2 | LogOX 3-in-1 Forestry MultiTool | Text Variation - 1 | LP : PDP",15.97,2723,23,,,,0.69434783,0.84465663,5.86485494,https://www.thelogox.com/products/logox-3-in-1,2026-03-14,2026-03-14
2026-03-14,"12.03.26 | Video - 1 | LogOX 3-in-1 Forestry MultiTool | Text Variation - 1 | LP : PDP",1.94,415,6,1,279,143.81443299,0.32333333,1.44578313,4.6746988,https://www.thelogox.com/products/logox-3-in-1,2026-03-14,2026-03-14
2026-03-14,"02.03.26 | Video - 2 | WoodOX Sling | Text Variation - 1 | LP : Amazon LP",0.01,13,,,,,,,0.76923077,https://www.amazon.ca/LogOx-LOX-8141-Ultimate-Firewood-Kindling/dp/B07PNRLQ26?maas=%5B%E2%80%A6%5D036BBDA00191F27CF6DBB98EA3F4E92_afap_abs&ref_=aa_maas&tag=maas,2026-03-14,2026-03-14
2026-03-14,"02.03.26 | Video -1 | WoodOX Sling | Text Variation - 1 | LP : Amazon LP",28.39,9146,1029,,,,0.02758989,11.25082003,3.10408922,https://www.amazon.ca/LogOx-LOX-8141-Ultimate-Firewood-Kindling/dp/B07PNRLQ26?maas=%5B%E2%80%A6%5D036BBDA00191F27CF6DBB98EA3F4E92_afap_abs&ref_=aa_maas&tag=maas,2026-03-14,2026-03-14
2026-03-14,"12.03.26 | Video - 4 | LogOX 3-in-1 Forestry MultiTool | Text Variation - 2 | LP : PDP",9.5,1559,18,,,,0.52777778,1.15458627,6.09364978,https://www.thelogox.com/products/logox-3-in-1,2026-03-14,2026-03-14
2026-03-14,"25.02.26 |  Video - 4 | LogOX_Dan-D-Lift_1to1_revised | Text Variation - 1 | LP : PDP",11.19,2137,31,,,,0.36096774,1.45063173,5.23631259,https://www.thelogox.com/products/timberox-ddl,2026-03-14,2026-03-14
2026-03-14,"25.02.26 |  Static -1 | LogOX 3-in-1 Forestry MultiTool| Text Variation - 1 | LP : PDP",0.03,4,,,,,,,7.5,https://www.thelogox.com/products/logox-3-in-1,2026-03-14,2026-03-14
2026-03-14,"25.02.26 | Video - 6 | LogOX_3-in-1tool_podcast_revised | Text Variation - 1 | LP : PDP",14.64,2333,9,,,,1.62666667,0.3857694,6.27518217,https://www.thelogox.com/products/logox-3-in-1,2026-03-14,2026-03-14
2026-03-14,"25.02.26 |  Video - 3 | LogOX_3-in-1tool_video_revised | Text Variation - 1 | LP : PDP",8.95,1440,17,,,,0.52647059,1.18055556,6.21527778,https://www.thelogox.com/products/logox-3-in-1,2026-03-14,2026-03-14
2026-03-14,"25.02.26 |  Static - 4 | LogOX 3-in-1 Forestry MultiTool| Text Variation - 1 | LP : PDP",0,1,,,,,,,0,https://www.thelogox.com/products/logox-3-in-1,2026-03-14,2026-03-14
2026-03-14,"25.02.26 | Video - 1 | LogOX_Dan-D-Lift_video_revised | Text Variation - 1 | LP : PDP",5.08,685,18,,,,0.28222222,2.62773723,7.41605839,https://www.thelogox.com/products/timberox-ddl,2026-03-14,2026-03-14
2026-03-13,"09.12.25 | Video - 3 | LogOX 3-in-1 Forestry MultiTool | Text Variation - 2 | LP - Multitool PDP",4.59,115,2,,,,2.295,1.73913043,39.91304348,https://www.thelogox.com/pages/multitool,2026-03-13,2026-03-13
2026-03-13,"Video | Site B | Austin  - 816341450512552",0.01,1,,,,,,,10,https://www.thelogox.com/pages/multitool?utm_source=ABM,2026-03-13,2026-03-13
2026-03-13,"Video | Site B | Austin  - 711679707645394",0.1,20,,,,,,,5,https://www.thelogox.com/pages/multitool?utm_source=ABM,2026-03-13,2026-03-13
2026-03-13,"19.01.26 | LOGOX V1 | Hearth Bin Adjustable Firewood Rack | Text Variation - 1 | LP : PDP",0.14,6,,,,,,,23.33333333,https://www.thelogox.com/products/logox-firewood-hearth-bin,2026-03-13,2026-03-13
2026-03-13,"06.01.26 | B6.V2 | Forester Package | Text Variation - 1 | LP : Forester Package",59.01,5745,69,1,118.83,2.01372649,0.85521739,1.20104439,10.27154047,https://www.thelogox.com/products/forester-package,2026-03-13,2026-03-13
2026-03-13,"06.01.26 | B6.V1 | Forester Package | Text Variation - 1 | LP : Forester Package",52.45,2915,38,,,,1.38026316,1.30360206,17.99313894,https://www.thelogox.com/products/forester-package,2026-03-13,2026-03-13
2026-03-13,"09.12.25 | Video -2 | LogOX 3-in-1 Forestry MultiTool | Text Variation - 1 LP : Multitool PDP",44.46,2546,22,,,,2.02090909,0.86410055,17.46268657,https://www.thelogox.com/pages/multitool,2026-03-13,2026-03-13
2026-03-13,"Video | Site B | Austin  - 816341450512552",110.67,9810,93,1,385,3.47881088,1.19,0.94801223,11.28134557,https://www.thelogox.com/pages/multitool?utm_source=ABM,2026-03-13,2026-03-13
2026-03-13,"17.11.25 | Video - 3 | LogOX 3-in-1 Forestry MultiTool | Text Variation - 2 | LP - PDP",7.81,415,7,,,,1.11571429,1.68674699,18.81927711,https://www.thelogox.com/products/logox-3-in-1,2026-03-13,2026-03-13
2026-03-13,"17.11.25 | Video -2 | LogOX 3-in-1 Forestry MultiTool | Text Variation - 1 LP - PDP",51.36,2598,31,2,558,10.86448598,1.65677419,1.19322556,19.76905312,https://www.thelogox.com/products/logox-3-in-1,2026-03-13,2026-03-13
2026-03-13,"Vid FB1 937590858387610",115.33,9584,89,3,774.05,6.71161016,1.2958427,0.92863105,12.03359766,https://www.thelogox.com/pages/multitool,2026-03-13,2026-03-13
2026-03-13,"Video | Site B | Austin  - 711679707645394",25.54,3018,43,1,534.6,20.93187157,0.59395349,1.42478463,8.46255799,https://www.thelogox.com/pages/multitool?utm_source=ABM,2026-03-13,2026-03-13
2026-03-13,"Vid YT4 937590921720937",38.5,2487,19,,,,2.02631579,0.76397266,15.48049859,https://www.thelogox.com/pages/multitool,2026-03-13,2026-03-13
2026-03-13,"3-in-1 Forestry MultiTool Static",23.39,2161,5,,,,4.678,0.23137436,10.82369273,https://www.thelogox.com/pages/multitool,2026-03-13,2026-03-13
2026-03-13,"25.02.26 |  Static - 8 | LogOX 3-in-1 Forestry MultiTool| Text Variation - 1 | LP : PDP",0.01,1,,,,,,,10,https://www.thelogox.com/products/logox-3-in-1,2026-03-13,2026-03-13
2026-03-13,"17.11.25 | Video - 6 | TimberOX Summit 30-Ton | Text Variation - 3 | LP - PDP",4.7,288,12,,,,0.39166667,4.16666667,16.31944444,https://www.thelogox.com/products/timberox,2026-03-13,2026-03-13
2026-03-13,"12.03.26 | Video - 1 | LogOX 3-in-1 Forestry MultiTool | Text Variation - 1 | LP : PDP",2.36,535,1,,,,2.36,0.18691589,4.41121495,https://www.thelogox.com/products/logox-3-in-1,2026-03-13,2026-03-13
2026-03-13,"25.02.26 |  Static - 3 | LogOX 3-in-1 Forestry MultiTool| Text Variation - 1 | LP : PDP",59.74,6046,24,1,289,4.83762973,2.48916667,0.39695667,9.880913,https://www.thelogox.com/products/logox-3-in-1,2026-03-13,2026-03-13
2026-03-13,"02.03.26 | Video - 4 | WoodOX Sling | Text Variation - 1 | LP - Amazon LP",9.33,3142,355,,,,0.02628169,11.29853596,2.96944621,https://www.amazon.ca/LogOx-LOX-8141-Ultimate-Firewood-Kindling/dp/B07PNRLQ26?maas=%5B%E2%80%A6%5D036BBDA00191F27CF6DBB98EA3F4E92_afap_abs&ref_=aa_maas&tag=maas,2026-03-13,2026-03-13
2026-03-13,"12.03.26 | Video - 4 | LogOX 3-in-1 Forestry MultiTool | Text Variation - 2 | LP : PDP",13.19,2303,15,,,,0.87933333,0.65132436,5.7273122,https://www.thelogox.com/products/logox-3-in-1,2026-03-13,2026-03-13
2026-03-13,"12.03.26 | Video - 3 | LogOX 3-in-1 Forestry MultiTool | Text Variation - 2 | LP : PDP",7.58,1240,6,3,,,1.26333333,0.48387097,6.11290323,https://www.thelogox.com/products/logox-3-in-1,2026-03-13,2026-03-13
2026-03-13,"12.03.26 | Video - 2 | LogOX 3-in-1 Forestry MultiTool | Text Variation - 1 | LP : PDP",10.71,1798,10,,,,1.071,0.55617353,5.95661846,https://www.thelogox.com/products/logox-3-in-1,2026-03-13,2026-03-13
2026-03-13,"02.03.26 | Video - 2 | WoodOX Sling | Text Variation - 1 | LP : Amazon LP",0.02,17,,,,,,,1.17647059,https://www.amazon.ca/LogOx-LOX-8141-Ultimate-Firewood-Kindling/dp/B07PNRLQ26?maas=%5B%E2%80%A6%5D036BBDA00191F27CF6DBB98EA3F4E92_afap_abs&ref_=aa_maas&tag=maas,2026-03-13,2026-03-13
2026-03-13,"25.02.26 |  Static - 5 | LogOX 3-in-1 Forestry MultiTool| Text Variation - 1 | LP : PDP",0.1,10,,,,,,,10,https://www.thelogox.com/products/logox-3-in-1,2026-03-13,2026-03-13
2026-03-13,"02.03.26 | Video -1 | WoodOX Sling | Text Variation - 1 | LP : Amazon LP",27.04,9272,1034,,,,0.02615087,11.15185505,2.91630716,https://www.amazon.ca/LogOx-LOX-8141-Ultimate-Firewood-Kindling/dp/B07PNRLQ26?maas=%5B%E2%80%A6%5D036BBDA00191F27CF6DBB98EA3F4E92_afap_abs&ref_=aa_maas&tag=maas,2026-03-13,2026-03-13
2026-03-13,"02.03.26 | Video - 3 | WoodOX Sling | Text Variation - 1,2 | LP - Amazon LP",0.07,32,3,,,,0.02333333,9.375,2.1875,https://www.amazon.ca/LogOx-LOX-8141-Ultimate-Firewood-Kindling/dp/B07PNRLQ26?maas=%5B%E2%80%A6%5D036BBDA00191F27CF6DBB98EA3F4E92_afap_abs&ref_=aa_maas&tag=maas,2026-03-13,2026-03-13
2026-03-13,"25.02.26 |  Video - 4 | LogOX_Dan-D-Lift_1to1_revised | Text Variation - 1 | LP : PDP",13.18,2278,33,,,,0.39939394,1.44863916,5.785777,https://www.thelogox.com/products/timberox-ddl,2026-03-13,2026-03-13
2026-03-13,"25.02.26 | Video - 1 | LogOX_Dan-D-Lift_video_revised | Text Variation - 1 | LP : PDP",6.43,1052,10,,,,0.643,0.95057034,6.1121673,https://www.thelogox.com/products/timberox-ddl,2026-03-13,2026-03-13
2026-03-13,"25.02.26 |  Static - 2 | LogOX 3-in-1 Forestry MultiTool| Text Variation - 1 | LP : PDP",0.28,24,,,,,,,11.66666667,https://www.thelogox.com/products/logox-3-in-1,2026-03-13,2026-03-13
2026-03-13,"25.02.26 |  Static - 6 | LogOX 3-in-1 Forestry MultiTool| Text Variation - 1 | LP : PDP",0.14,8,,,,,,,17.5,https://www.thelogox.com/products/logox-3-in-1,2026-03-13,2026-03-13
2026-03-13,"25.02.26 | Video - 6 | LogOX_3-in-1tool_podcast_revised | Text Variation - 1 | LP : PDP",14.8,2498,15,,,,0.98666667,0.60048038,5.92473979,https://www.thelogox.com/products/logox-3-in-1,2026-03-13,2026-03-13
2026-03-13,"25.02.26 |  Video - 3 | LogOX_3-in-1tool_video_revised | Text Variation - 1 | LP : PDP",10.41,1993,11,,,,0.94636364,0.55193176,5.22328149,https://www.thelogox.com/products/logox-3-in-1,2026-03-13,2026-03-13
2026-03-13,"25.02.26 |  Static - 4 | LogOX 3-in-1 Forestry MultiTool| Text Variation - 1 | LP : PDP",0.06,4,,,,,,,15,https://www.thelogox.com/products/logox-3-in-1,2026-03-13,2026-03-13
2026-03-12,"17.11.25 | Video - 6 | TimberOX Summit 30-Ton | Text Variation - 3 | LP - PDP",2.56,188,10,,,,0.256,5.31914894,13.61702128,https://www.thelogox.com/products/timberox,2026-03-12,2026-03-12
2026-03-12,"09.12.25 | Video -2 | LogOX 3-in-1 Forestry MultiTool | Text Variation - 1 LP : Multitool PDP",70.46,4387,47,2,474,6.72722112,1.49914894,1.07134716,16.06108958,https://www.thelogox.com/pages/multitool,2026-03-12,2026-03-12
2026-03-12,"3-in-1 Forestry MultiTool Static",0.01,8,,,,,,,1.25,https://www.thelogox.com/pages/multitool,2026-03-12,2026-03-12
2026-03-12,"06.01.26 | B6.V2 | Forester Package | Text Variation - 1 | LP : Forester Package",84.28,7689,94,,,,0.89659574,1.22252569,10.96111328,https://www.thelogox.com/products/forester-package,2026-03-12,2026-03-12
2026-03-12,"06.01.26 | B6.V1 | Forester Package | Text Variation - 1 | LP : Forester Package",20.1,984,33,,,,0.60909091,3.35365854,20.42682927,https://www.thelogox.com/products/forester-package,2026-03-12,2026-03-12
2026-03-12,"06.01.26 | B4.V4 | LogOX 3-in-1 Forestry MultiTool | Text Variation - 1 | LP : PDP",0,0,,3,948.75,,,,,https://www.thelogox.com/products/logox-3-in-1,2026-03-12,2026-03-12
2026-03-12,"3-in-1 Forestry MultiTool Static",21.97,2172,16,,,,1.373125,0.73664825,10.11510129,https://www.thelogox.com/pages/multitool,2026-03-12,2026-03-12
2026-03-12,"09.12.25 | Video - 3 | LogOX 3-in-1 Forestry MultiTool | Text Variation - 2 | LP - Multitool PDP",7.4,325,7,,,,1.05714286,2.15384615,22.76923077,https://www.thelogox.com/pages/multitool,2026-03-12,2026-03-12
2026-03-12,"17.11.25 | Video - 3 | LogOX 3-in-1 Forestry MultiTool | Text Variation - 2 | LP - PDP",14.98,689,17,,,,0.88117647,2.46734398,21.74165457,https://www.thelogox.com/products/logox-3-in-1,2026-03-12,2026-03-12
2026-03-12,"17.11.25 | Video -2 | LogOX 3-in-1 Forestry MultiTool | Text Variation - 1 LP - PDP",85.35,4374,77,,,,1.10844156,1.76040238,19.51303155,https://www.thelogox.com/products/logox-3-in-1,2026-03-12,2026-03-12
2026-03-12,"Vid FB1 937590858387610",101.29,7701,81,1,289,2.8531938,1.25049383,1.05181145,13.15283729,https://www.thelogox.com/pages/multitool,2026-03-12,2026-03-12
2026-03-12,"Video | Site B | Austin  - 711679707645394",28.37,2798,34,,,,0.83441176,1.21515368,10.13938528,https://www.thelogox.com/pages/multitool?utm_source=ABM,2026-03-12,2026-03-12
2026-03-12,"Vid YT4 937590921720937",17.43,1159,14,,,,1.245,1.20793788,15.03882657,https://www.thelogox.com/pages/multitool,2026-03-12,2026-03-12
2026-03-12,"25.02.26 | Static - 7 | LogOX 3-in-1 Forestry MultiTool | Text Variation - 1 | LP : PDP",0.05,4,,,,,,,12.5,https://www.thelogox.com/products/logox-3-in-1,2026-03-12,2026-03-12
2026-03-12,"25.02.26 |  Static - 8 | LogOX 3-in-1 Forestry MultiTool| Text Variation - 1 | LP : PDP",0.01,1,,,,,,,10,https://www.thelogox.com/products/logox-3-in-1,2026-03-12,2026-03-12
2026-03-12,"Video | Site B | Austin  - 816341450512552",112.6,10240,116,,,,0.97068966,1.1328125,10.99609375,https://www.thelogox.com/pages/multitool?utm_source=ABM,2026-03-12,2026-03-12
2026-03-12,"25.02.26 |  Static - 3 | LogOX 3-in-1 Forestry MultiTool| Text Variation - 1 | LP : PDP",56.37,6248,26,1,289,5.12684052,2.16807692,0.41613316,9.02208707,https://www.thelogox.com/products/logox-3-in-1,2026-03-12,2026-03-12
2026-03-12,"02.03.26 | Video - 3 | WoodOX Sling | Text Variation - 1,2 | LP - Amazon LP",0.08,48,,,,,,,1.66666667,https://www.amazon.ca/LogOx-LOX-8141-Ultimate-Firewood-Kindling/dp/B07PNRLQ26?maas=%5B%E2%80%A6%5D036BBDA00191F27CF6DBB98EA3F4E92_afap_abs&ref_=aa_maas&tag=maas,2026-03-12,2026-03-12
2026-03-12,"12.03.26 | Video - 4 | LogOX 3-in-1 Forestry MultiTool | Text Variation - 2 | LP : PDP",6.92,1040,7,,,,0.98857143,0.67307692,6.65384615,https://www.thelogox.com/products/logox-3-in-1,2026-03-12,2026-03-12
2026-03-12,"12.03.26 | Video - 2 | LogOX 3-in-1 Forestry MultiTool | Text Variation - 1 | LP : PDP",3.68,616,3,,,,1.22666667,0.48701299,5.97402597,https://www.thelogox.com/products/logox-3-in-1,2026-03-12,2026-03-12
2026-03-12,"12.03.26 | Video - 1 | LogOX 3-in-1 Forestry MultiTool | Text Variation - 1 | LP : PDP",1.64,306,1,,,,1.64,0.32679739,5.35947712,https://www.thelogox.com/products/logox-3-in-1,2026-03-12,2026-03-12
2026-03-12,"25.02.26 |  Video - 3 | LogOX_3-in-1tool_video_revised | Text Variation - 1 | LP : PDP",13.37,2524,17,,,,0.78647059,0.67353407,5.29714739,https://www.thelogox.com/products/logox-3-in-1,2026-03-12,2026-03-12
2026-03-12,"02.03.26 | Video - 2 | WoodOX Sling | Text Variation - 1 | LP : Amazon LP",0.01,18,3,,,,0.00333333,16.66666667,0.55555556,https://www.amazon.ca/LogOx-LOX-8141-Ultimate-Firewood-Kindling/dp/B07PNRLQ26?maas=%5B%E2%80%A6%5D036BBDA00191F27CF6DBB98EA3F4E92_afap_abs&ref_=aa_maas&tag=maas,2026-03-12,2026-03-12
2026-03-12,"12.03.26 | Video - 3 | LogOX 3-in-1 Forestry MultiTool | Text Variation - 2 | LP : PDP",11.09,1378,5,,,,2.218,0.3628447,8.0478955,https://www.thelogox.com/products/logox-3-in-1,2026-03-12,2026-03-12
2026-03-12,"02.03.26 | Video -1 | WoodOX Sling | Text Variation - 1 | LP : Amazon LP",22.51,7797,896,,,,0.02512277,11.49159933,2.88700782,https://www.amazon.ca/LogOx-LOX-8141-Ultimate-Firewood-Kindling/dp/B07PNRLQ26?maas=%5B%E2%80%A6%5D036BBDA00191F27CF6DBB98EA3F4E92_afap_abs&ref_=aa_maas&tag=maas,2026-03-12,2026-03-12
2026-03-12,"25.02.26 |  Video - 4 | LogOX_Dan-D-Lift_1to1_revised | Text Variation - 1 | LP : PDP",13.71,2571,27,,,,0.50777778,1.05017503,5.33255543,https://www.thelogox.com/products/timberox-ddl,2026-03-12,2026-03-12
2026-03-12,"25.02.26 | Video - 1 | LogOX_Dan-D-Lift_video_revised | Text Variation - 1 | LP : PDP",9.25,1561,11,,,,0.84090909,0.70467649,5.92568866,https://www.thelogox.com/products/timberox-ddl,2026-03-12,2026-03-12
2026-03-12,"25.02.26 |  Static -1 | LogOX 3-in-1 Forestry MultiTool| Text Variation - 1 | LP : PDP",0.25,12,,,,,,,20.83333333,https://www.thelogox.com/products/logox-3-in-1,2026-03-12,2026-03-12
2026-03-12,"25.02.26 |  Static - 6 | LogOX 3-in-1 Forestry MultiTool| Text Variation - 1 | LP : PDP",0.04,7,,,,,,,5.71428571,https://www.thelogox.com/products/logox-3-in-1,2026-03-12,2026-03-12
2026-03-12,"25.02.26 | Video - 6 | LogOX_3-in-1tool_podcast_revised | Text Variation - 1 | LP : PDP",15.6,2744,16,,,,0.975,0.58309038,5.6851312,https://www.thelogox.com/products/logox-3-in-1,2026-03-12,2026-03-12
2026-03-12,"02.03.26 | Video - 4 | WoodOX Sling | Text Variation - 1 | LP - Amazon LP",9.23,3138,372,,,,0.02481183,11.85468451,2.94136393,https://www.amazon.ca/LogOx-LOX-8141-Ultimate-Firewood-Kindling/dp/B07PNRLQ26?maas=%5B%E2%80%A6%5D036BBDA00191F27CF6DBB98EA3F4E92_afap_abs&ref_=aa_maas&tag=maas,2026-03-12,2026-03-12
2026-03-11,"17.11.25 | Video - 3 | LogOX 3-in-1 Forestry MultiTool | Text Variation - 2 | LP - PDP",11.43,708,13,,,,0.87923077,1.83615819,16.1440678,https://www.thelogox.com/products/logox-3-in-1,2026-03-11,2026-03-11
2026-03-11,"06.01.26 | B6.V1 | Forester Package | Text Variation - 1 | LP : Forester Package",33.59,2041,21,1,289,8.60375112,1.59952381,1.0289074,16.45761881,https://www.thelogox.com/products/forester-package,2026-03-11,2026-03-11
2026-03-11,"06.01.26 | B4.V4 | LogOX 3-in-1 Forestry MultiTool | Text Variation - 1 | LP : PDP",9.57,779,8,,,,1.19625,1.02695764,12.28498074,https://www.thelogox.com/products/logox-3-in-1,2026-03-11,2026-03-11
2026-03-11,"09.12.25 | Video -2 | LogOX 3-in-1 Forestry MultiTool | Text Variation - 1 LP : Multitool PDP",88.14,5483,74,1,289,3.27887452,1.19108108,1.34962612,16.07514135,https://www.thelogox.com/pages/multitool,2026-03-11,2026-03-11
2026-03-11,"09.12.25 | Video - 3 | LogOX 3-in-1 Forestry MultiTool | Text Variation - 2 | LP - Multitool PDP",10.93,396,19,2,568,51.96706313,0.57526316,4.7979798,27.6010101,https://www.thelogox.com/pages/multitool,2026-03-11,2026-03-11
2026-03-11,"Video | Site B | Austin  - 711679707645394",26.85,3044,40,,,,0.67125,1.31406045,8.82063075,https://www.thelogox.com/pages/multitool?utm_source=ABM,2026-03-11,2026-03-11
2026-03-11,"17.11.25 | Video -2 | LogOX 3-in-1 Forestry MultiTool | Text Variation - 1 LP - PDP",91.81,4685,90,,,,1.02011111,1.92102455,19.59658485,https://www.thelogox.com/products/logox-3-in-1,2026-03-11,2026-03-11
2026-03-11,"Video | Site B | Austin  - 816341450512552",121.68,13796,160,2,578,4.75016437,0.7605,1.15975645,8.81994781,https://www.thelogox.com/pages/multitool?utm_source=ABM,2026-03-11,2026-03-11
2026-03-11,"Vid FB1 937590858387610",98.9,8834,89,6,1582.2,15.99797776,1.11123596,1.00747113,11.19538148,https://www.thelogox.com/pages/multitool,2026-03-11,2026-03-11
2026-03-11,"Vid YT4 937590921720937",21.4,1674,17,,,,1.25882353,1.01553166,12.78375149,https://www.thelogox.com/pages/multitool,2026-03-11,2026-03-11
2026-03-11,"3-in-1 Forestry MultiTool Static",26.01,3014,14,,,,1.85785714,0.464499,8.62972794,https://www.thelogox.com/pages/multitool,2026-03-11,2026-03-11
2026-03-11,"Video | Site B | Austin  - 711679707645394",0.02,10,,,,,,,2,https://www.thelogox.com/pages/multitool?utm_source=ABM,2026-03-11,2026-03-11
2026-03-11,"06.01.26 | B6.V2 | Forester Package | Text Variation - 1 | LP : Forester Package",130.11,12272,157,1,395,3.03589271,0.82872611,1.27933507,10.60218383,https://www.thelogox.com/products/forester-package,2026-03-11,2026-03-11
2026-03-11,"17.11.25 | Video - 6 | TimberOX Summit 30-Ton | Text Variation - 3 | LP - PDP",0.55,38,5,5,463.45,842.63636364,0.11,13.15789474,14.47368421,https://www.thelogox.com/products/timberox,2026-03-11,2026-03-11
2026-03-11,"09.12.25 | Video -2 | LogOX 3-in-1 Forestry MultiTool | Text Variation - 1 LP : Multitool PDP",0.03,4,,,,,,,7.5,https://www.thelogox.com/pages/multitool,2026-03-11,2026-03-11
2026-03-11,"25.02.26 |  Static - 2 | LogOX 3-in-1 Forestry MultiTool| Text Variation - 1 | LP : PDP",0.55,54,,,,,,,10.18518519,https://www.thelogox.com/products/logox-3-in-1,2026-03-11,2026-03-11
2026-03-11,"02.03.26 | Video - 2 | WoodOX Sling | Text Variation - 1 | LP : Amazon LP",0.04,75,2,,,,0.02,2.66666667,0.53333333,https://www.amazon.ca/LogOx-LOX-8141-Ultimate-Firewood-Kindling/dp/B07PNRLQ26?maas=%5B%E2%80%A6%5D036BBDA00191F27CF6DBB98EA3F4E92_afap_abs&ref_=aa_maas&tag=maas,2026-03-11,2026-03-11
2026-03-11,"02.03.26 | Video - 3 | WoodOX Sling | Text Variation - 1,2 | LP - Amazon LP",0.22,212,14,,,,0.01571429,6.60377358,1.03773585,https://www.amazon.ca/LogOx-LOX-8141-Ultimate-Firewood-Kindling/dp/B07PNRLQ26?maas=%5B%E2%80%A6%5D036BBDA00191F27CF6DBB98EA3F4E92_afap_abs&ref_=aa_maas&tag=maas,2026-03-11,2026-03-11
2026-03-11,"02.03.26 | Video -1 | WoodOX Sling | Text Variation - 1 | LP : Amazon LP",17.03,5978,683,,,,0.02493411,11.42522583,2.84877886,https://www.amazon.ca/LogOx-LOX-8141-Ultimate-Firewood-Kindling/dp/B07PNRLQ26?maas=%5B%E2%80%A6%5D036BBDA00191F27CF6DBB98EA3F4E92_afap_abs&ref_=aa_maas&tag=maas,2026-03-11,2026-03-11
2026-03-11,"02.03.26 | Video - 4 | WoodOX Sling | Text Variation - 1 | LP - Amazon LP",19.59,6558,763,,,,0.02567497,11.63464471,2.98719122,https://www.amazon.ca/LogOx-LOX-8141-Ultimate-Firewood-Kindling/dp/B07PNRLQ26?maas=%5B%E2%80%A6%5D036BBDA00191F27CF6DBB98EA3F4E92_afap_abs&ref_=aa_maas&tag=maas,2026-03-11,2026-03-11
2026-03-11,"25.02.26 | Video - 1 | LogOX_Dan-D-Lift_video_revised | Text Variation - 1 | LP : PDP",8.12,1606,15,,,,0.54133333,0.93399751,5.05603985,https://www.thelogox.com/products/timberox-ddl,2026-03-11,2026-03-11
2026-03-11,"25.02.26 |  Video - 4 | LogOX_Dan-D-Lift_1to1_revised | Text Variation - 1 | LP : PDP",14.89,2987,27,,,,0.55148148,0.90391697,4.98493472,https://www.thelogox.com/products/timberox-ddl,2026-03-11,2026-03-11
2026-03-11,"25.02.26 | Video - 6 | LogOX_3-in-1tool_podcast_revised | Text Variation - 1 | LP : PDP",13.47,2508,7,,,,1.92428571,0.27910686,5.3708134,https://www.thelogox.com/products/logox-3-in-1,2026-03-11,2026-03-11
2026-03-11,"25.02.26 |  Video - 3 | LogOX_3-in-1tool_video_revised | Text Variation - 1 | LP : PDP",11.22,2112,10,,,,1.122,0.47348485,5.3125,https://www.thelogox.com/products/logox-3-in-1,2026-03-11,2026-03-11
2026-03-11,"25.02.26 |  Static - 4 | LogOX 3-in-1 Forestry MultiTool| Text Variation - 1 | LP : PDP",0,1,,,,,,,0,https://www.thelogox.com/products/logox-3-in-1,2026-03-11,2026-03-11
2026-03-11,"25.02.26 |  Static - 5 | LogOX 3-in-1 Forestry MultiTool| Text Variation - 1 | LP : PDP",0.09,6,,,,,,,15,https://www.thelogox.com/products/logox-3-in-1,2026-03-11,2026-03-11
2026-03-11,"25.02.26 |  Static - 3 | LogOX 3-in-1 Forestry MultiTool| Text Variation - 1 | LP : PDP",59.43,6353,20,1,343.95,5.78748107,2.9715,0.3148119,9.35463561,https://www.thelogox.com/products/logox-3-in-1,2026-03-11,2026-03-11
2026-03-11,"25.02.26 | Static - 7 | LogOX 3-in-1 Forestry MultiTool | Text Variation - 1 | LP : PDP",0.03,6,,,,,,,5,https://www.thelogox.com/products/logox-3-in-1,2026-03-11,2026-03-11
2026-03-10,"06.01.26 | B4.V4 | LogOX 3-in-1 Forestry MultiTool | Text Variation - 1 | LP : PDP",52.46,3787,45,,,,1.16577778,1.18827568,13.85265382,https://www.thelogox.com/products/logox-3-in-1,2026-03-10,2026-03-10
2026-03-10,"25.02.26 |  Static - 8 | CarryOX Gear Bag | Text Variation - 1 | LP : PDP",3.75,304,,,,,,,12.33552632,https://www.thelogox.com/products/carryox-gear-bag,2026-03-10,2026-03-10
2026-03-10,"25.02.26 |  Static - 9 | The Fireside Bundle | Text Variation - 1 | LP : PDP",6.29,520,3,,,,2.09666667,0.57692308,12.09615385,https://www.thelogox.com/products/fireside-bundle,2026-03-10,2026-03-10
2026-03-10,"17.11.25 | Video - 6 | TimberOX Summit 30-Ton | Text Variation - 3 | LP - PDP",1.64,110,6,,,,0.27333333,5.45454545,14.90909091,https://www.thelogox.com/products/timberox,2026-03-10,2026-03-10
2026-03-10,"3-in-1 Forestry MultiTool Static",33.87,3861,20,1,289,8.53262474,1.6935,0.51800052,8.77233877,https://www.thelogox.com/pages/multitool,2026-03-10,2026-03-10
2026-03-10,"06.01.26 | B6.V2 | Forester Package | Text Variation - 1 | LP : Forester Package",144.03,14775,164,2,578,4.01305284,0.87823171,1.10998308,9.74822335,https://www.thelogox.com/products/forester-package,2026-03-10,2026-03-10
2026-03-10,"06.01.26 | B6.V1 | Forester Package | Text Variation - 1 | LP : Forester Package",44.21,2330,24,,,,1.84208333,1.03004292,18.97424893,https://www.thelogox.com/products/forester-package,2026-03-10,2026-03-10
2026-03-10,"Vid YT4 937590921720937",21.63,1511,7,,,,3.09,0.46326936,14.31502316,https://www.thelogox.com/pages/multitool,2026-03-10,2026-03-10
2026-03-10,"09.12.25 | Video -2 | LogOX 3-in-1 Forestry MultiTool | Text Variation - 1 LP : Multitool PDP",161.71,9816,133,,,,1.21586466,1.35493073,16.47412388,https://www.thelogox.com/pages/multitool,2026-03-10,2026-03-10
2026-03-10,"09.12.25 | Video - 3 | LogOX 3-in-1 Forestry MultiTool | Text Variation - 2 | LP - Multitool PDP",15.71,576,17,,,,0.92411765,2.95138889,27.27430556,https://www.thelogox.com/pages/multitool,2026-03-10,2026-03-10
2026-03-10,"17.11.25 | Video - 3 | LogOX 3-in-1 Forestry MultiTool | Text Variation - 2 | LP - PDP",10.45,594,15,,,,0.69666667,2.52525253,17.59259259,https://www.thelogox.com/products/logox-3-in-1,2026-03-10,2026-03-10
2026-03-10,"17.11.25 | Video -2 | LogOX 3-in-1 Forestry MultiTool | Text Variation - 1 LP - PDP",130.57,7224,113,4,1156,8.85348855,1.15548673,1.56423034,18.07447398,https://www.thelogox.com/products/logox-3-in-1,2026-03-10,2026-03-10
2026-03-10,"Video | Site B | Austin  - 816341450512552",147.56,16496,185,2,484,3.28002169,0.79762162,1.121484,8.94519884,https://www.thelogox.com/pages/multitool?utm_source=ABM,2026-03-10,2026-03-10
2026-03-10,"Vid FB1 937590858387610",85.45,8717,78,4,1215.9,14.2293739,1.09551282,0.89480326,9.80268441,https://www.thelogox.com/pages/multitool,2026-03-10,2026-03-10
2026-03-10,"Video | Site B | Austin  - 711679707645394",39.7,4426,51,,,,0.77843137,1.15228197,8.96972436,https://www.thelogox.com/pages/multitool?utm_source=ABM,2026-03-10,2026-03-10
2026-03-10,"25.02.26 |  Static - 8 | LogOX 3-in-1 Forestry MultiTool| Text Variation - 1 | LP : PDP",0.29,19,,,,,,,15.26315789,https://www.thelogox.com/products/logox-3-in-1,2026-03-10,2026-03-10
2026-03-10,"25.02.26 |  Static - 10 | CarryOX Gear Bag | Text Variation - 1 | LP : PDP",2.83,372,2,,,,1.415,0.53763441,7.60752688,https://www.thelogox.com/products/carryox-gear-bag,2026-03-10,2026-03-10
2026-03-10,"25.02.26 |  Static - 6 | LogOX 3-in-1 Forestry MultiTool| Text Variation - 1 | LP : PDP",0.08,11,,,,,,,7.27272727,https://www.thelogox.com/products/logox-3-in-1,2026-03-10,2026-03-10
2026-03-10,"25.02.26 |  Static - 3 | LogOX 3-in-1 Forestry MultiTool| Text Variation - 1 | LP : PDP",66.13,7486,37,,,,1.7872973,0.49425594,8.83382314,https://www.thelogox.com/products/logox-3-in-1,2026-03-10,2026-03-10
2026-03-10,"25.02.26 | Video - 1 | LogOX_Dan-D-Lift_video_revised | Text Variation - 1 | LP : PDP",11.75,2340,11,,,,1.06818182,0.47008547,5.02136752,https://www.thelogox.com/products/timberox-ddl,2026-03-10,2026-03-10
2026-03-10,"25.02.26 |  Static - 5 | LogOX 3-in-1 Forestry MultiTool| Text Variation - 1 | LP : PDP",0.17,26,,,,,,,6.53846154,https://www.thelogox.com/products/logox-3-in-1,2026-03-10,2026-03-10
2026-03-10,"02.03.26 | Video - 3 | WoodOX Sling | Text Variation - 1,2 | LP - Amazon LP",2.57,953,45,,,,0.05711111,4.72193075,2.69674711,https://www.amazon.ca/LogOx-LOX-8141-Ultimate-Firewood-Kindling/dp/B07PNRLQ26?maas=%5B%E2%80%A6%5D036BBDA00191F27CF6DBB98EA3F4E92_afap_abs&ref_=aa_maas&tag=maas,2026-03-10,2026-03-10
2026-03-10,"02.03.26 | Video -1 | WoodOX Sling | Text Variation - 1 | LP : Amazon LP",12.53,4108,351,,,,0.03569801,8.5443038,3.05014606,https://www.amazon.ca/LogOx-LOX-8141-Ultimate-Firewood-Kindling/dp/B07PNRLQ26?maas=%5B%E2%80%A6%5D036BBDA00191F27CF6DBB98EA3F4E92_afap_abs&ref_=aa_maas&tag=maas,2026-03-10,2026-03-10
2026-03-10,"02.03.26 | Video - 4 | WoodOX Sling | Text Variation - 1 | LP - Amazon LP",24.69,9155,885,,,,0.02789831,9.66684872,2.69688695,https://www.amazon.ca/LogOx-LOX-8141-Ultimate-Firewood-Kindling/dp/B07PNRLQ26?maas=%5B%E2%80%A6%5D036BBDA00191F27CF6DBB98EA3F4E92_afap_abs&ref_=aa_maas&tag=maas,2026-03-10,2026-03-10
2026-03-10,"03.03.26 | B6.V3 | LogOX Hauler | Text Variation - 1 | LP : LogOX Hauler",2.75,558,5,,,,0.55,0.89605735,4.92831541,https://www.thelogox.com/products/logox-carrying-tool,2026-03-10,2026-03-10
2026-03-10,"25.02.26 |  Video - 4 | LogOX_Dan-D-Lift_1to1_revised | Text Variation - 1 | LP : PDP",12.2,2519,26,,,,0.46923077,1.03215562,4.84319174,https://www.thelogox.com/products/timberox-ddl,2026-03-10,2026-03-10
2026-03-10,"02.03.26 | Video - 2 | WoodOX Sling | Text Variation - 1 | LP : Amazon LP",0.36,232,11,,,,0.03272727,4.74137931,1.55172414,https://www.amazon.ca/LogOx-LOX-8141-Ultimate-Firewood-Kindling/dp/B07PNRLQ26?maas=%5B%E2%80%A6%5D036BBDA00191F27CF6DBB98EA3F4E92_afap_abs&ref_=aa_maas&tag=maas,2026-03-10,2026-03-10
2026-03-10,"25.02.26 | Video - 5 | LogOX_Hauler_podcast_revised | Text Variation - 1 | LP : PDP",1.01,289,1,,,,1.01,0.34602076,3.49480969,https://www.thelogox.com/products/logox-carrying-tool,2026-03-10,2026-03-10
2026-03-10,"25.02.26 |  Static -1 | LogOX 3-in-1 Forestry MultiTool| Text Variation - 1 | LP : PDP",0.08,14,,,,,,,5.71428571,https://www.thelogox.com/products/logox-3-in-1,2026-03-10,2026-03-10
2026-03-10,"25.02.26 |  Static - 2 | LogOX 3-in-1 Forestry MultiTool| Text Variation - 1 | LP : PDP",0.09,17,,,,,,,5.29411765,https://www.thelogox.com/products/logox-3-in-1,2026-03-10,2026-03-10
2026-03-10,"25.02.26 | Video - 6 | LogOX_3-in-1tool_podcast_revised | Text Variation - 1 | LP : PDP",16.15,2353,18,,,,0.89722222,0.76498088,6.86357841,https://www.thelogox.com/products/logox-3-in-1,2026-03-10,2026-03-10
2026-03-10,"25.02.26 |  Video - 3 | LogOX_3-in-1tool_video_revised | Text Variation - 1 | LP : PDP",17.22,2131,4,,,,4.305,0.1877053,8.08071328,https://www.thelogox.com/products/logox-3-in-1,2026-03-10,2026-03-10
2026-03-10,"25.02.26 |  Static - 4 | LogOX 3-in-1 Forestry MultiTool| Text Variation - 1 | LP : PDP",0.01,1,,,,,,,10,https://www.thelogox.com/products/logox-3-in-1,2026-03-10,2026-03-10
2026-03-10,"25.02.26 |  Video - 2 | LogOX_Hauler_video_revised | Text Variation - 1 | LP : PDP",0.62,170,,,,,,,3.64705882,https://www.thelogox.com/products/logox-carrying-tool,2026-03-10,2026-03-10
2026-03-09,"09.12.25 | Video - 3 | LogOX 3-in-1 Forestry MultiTool | Text Variation - 2 | LP - Multitool PDP",15.13,611,5,,,,3.026,0.81833061,24.76268412,https://www.thelogox.com/pages/multitool,2026-03-09,2026-03-09
2026-03-09,"06.01.26 | B6.V2 | Forester Package | Text Variation - 1 | LP : Forester Package",116.64,14817,149,,,,0.78281879,1.00560167,7.87203887,https://www.thelogox.com/products/forester-package,2026-03-09,2026-03-09
2026-03-09,"06.01.26 | B6.V1 | Forester Package | Text Variation - 1 | LP : Forester Package",42.8,2842,16,,,,2.675,0.56298381,15.05981703,https://www.thelogox.com/products/forester-package,2026-03-09,2026-03-09
2026-03-09,"06.01.26 | B4.V4 | LogOX 3-in-1 Forestry MultiTool | Text Variation - 1 | LP : PDP",48.29,3693,29,,,,1.66517241,0.78526943,13.0760899,https://www.thelogox.com/products/logox-3-in-1,2026-03-09,2026-03-09
2026-03-09,"09.12.25 | Video -2 | LogOX 3-in-1 Forestry MultiTool | Text Variation - 1 LP : Multitool PDP",168.42,10573,150,2,366,2.17313858,1.1228,1.41870803,15.92925376,https://www.thelogox.com/pages/multitool,2026-03-09,2026-03-09
2026-03-09,"Vid FB1 937590858387610",41.32,3734,32,1,289,6.99419167,1.29125,0.85698982,11.06588109,https://www.thelogox.com/pages/multitool,2026-03-09,2026-03-09
2026-03-09,"17.11.25 | Video - 3 | LogOX 3-in-1 Forestry MultiTool | Text Variation - 2 | LP - PDP",17.88,1029,34,1,590.89,33.04753915,0.52588235,3.30417881,17.37609329,https://www.thelogox.com/products/logox-3-in-1,2026-03-09,2026-03-09
2026-03-09,"17.11.25 | Video -2 | LogOX 3-in-1 Forestry MultiTool | Text Variation - 1 LP - PDP",218.73,12386,204,,,,1.07220588,1.64702083,17.65945422,https://www.thelogox.com/products/logox-3-in-1,2026-03-09,2026-03-09
2026-03-09,"Video | Site B | Austin  - 816341450512552",146.14,16617,161,3,6573,44.97741891,0.90770186,0.96888728,8.79460793,https://www.thelogox.com/pages/multitool?utm_source=ABM,2026-03-09,2026-03-09
2026-03-09,"Video | Site B | Austin  - 711679707645394",49.19,6419,69,,,,0.71289855,1.07493379,7.66318741,https://www.thelogox.com/pages/multitool?utm_source=ABM,2026-03-09,2026-03-09
2026-03-09,"Vid YT4 937590921720937",22.08,1374,12,1,289,13.08876812,1.84,0.87336245,16.069869,https://www.thelogox.com/pages/multitool,2026-03-09,2026-03-09
2026-03-09,"3-in-1 Forestry MultiTool Static",22.58,2823,19,2,373.38,16.53587245,1.18842105,0.67304286,7.99858307,https://www.thelogox.com/pages/multitool,2026-03-09,2026-03-09
2026-03-09,"25.02.26 |  Static - 9 | The Fireside Bundle | Text Variation - 1 | LP : PDP",32.29,3196,22,,,,1.46772727,0.68836045,10.10325407,https://www.thelogox.com/products/fireside-bundle,2026-03-09,2026-03-09
2026-03-09,"17.11.25 | Video - 6 | TimberOX Summit 30-Ton | Text Variation - 3 | LP - PDP",0.33,32,2,,,,0.165,6.25,10.3125,https://www.thelogox.com/products/timberox,2026-03-09,2026-03-09
2026-03-09,"25.02.26 | Video - 6 | LogOX_3-in-1tool_podcast_revised | Text Variation - 1 | LP : PDP",18.83,3446,13,,,,1.44846154,0.37724898,5.46430644,https://www.thelogox.com/products/logox-3-in-1,2026-03-09,2026-03-09
2026-03-09,"25.02.26 |  Static - 8 | CarryOX Gear Bag | Text Variation - 1 | LP : PDP",15.13,1388,12,,,,1.26083333,0.86455331,10.90057637,https://www.thelogox.com/products/carryox-gear-bag,2026-03-09,2026-03-09
2026-03-09,"25.02.26 |  Video - 2 | LogOX_Hauler_video_revised | Text Variation - 1 | LP : PDP",4.07,824,,,,,,,4.93932039,https://www.thelogox.com/products/logox-carrying-tool,2026-03-09,2026-03-09
2026-03-09,"03.03.26 | B6.V3 | LogOX Hauler | Text Variation - 1 | LP : LogOX Hauler",14.76,2656,18,,,,0.82,0.67771084,5.55722892,https://www.thelogox.com/products/logox-carrying-tool,2026-03-09,2026-03-09
2026-03-09,"25.02.26 |  Video - 4 | LogOX_Dan-D-Lift_1to1_revised | Text Variation - 1 | LP : PDP",12.93,2236,26,1,185,14.30781129,0.49730769,1.1627907,5.78264758,https://www.thelogox.com/products/timberox-ddl,2026-03-09,2026-03-09
2026-03-09,"25.02.26 | Video - 1 | LogOX_Dan-D-Lift_video_revised | Text Variation - 1 | LP : PDP",9.9,1969,20,,,,0.495,1.01574403,5.02793296,https://www.thelogox.com/products/timberox-ddl,2026-03-09,2026-03-09
2026-03-09,"25.02.26 |  Static - 10 | CarryOX Gear Bag | Text Variation - 1 | LP : PDP",11.62,1153,20,1,355.5,30.59380379,0.581,1.73460538,10.07805724,https://www.thelogox.com/products/carryox-gear-bag,2026-03-09,2026-03-09
2026-03-09,"25.02.26 | Video - 5 | LogOX_Hauler_podcast_revised | Text Variation - 1 | LP : PDP",3.87,888,1,,,,3.87,0.11261261,4.35810811,https://www.thelogox.com/products/logox-carrying-tool,2026-03-09,2026-03-09
2026-03-09,"25.02.26 |  Static -1 | LogOX 3-in-1 Forestry MultiTool| Text Variation - 1 | LP : PDP",0,1,,,,,,,0,https://www.thelogox.com/products/logox-3-in-1,2026-03-09,2026-03-09
2026-03-09,"25.02.26 |  Static - 2 | LogOX 3-in-1 Forestry MultiTool| Text Variation - 1 | LP : PDP",0.29,40,1,,,,0.29,2.5,7.25,https://www.thelogox.com/products/logox-3-in-1,2026-03-09,2026-03-09
2026-03-09,"25.02.26 |  Static - 6 | LogOX 3-in-1 Forestry MultiTool| Text Variation - 1 | LP : PDP",0,3,,,,,,,0,https://www.thelogox.com/products/logox-3-in-1,2026-03-09,2026-03-09
2026-03-09,"25.02.26 |  Video - 3 | LogOX_3-in-1tool_video_revised | Text Variation - 1 | LP : PDP",6.46,1253,5,,,,1.292,0.3990423,5.1556265,https://www.thelogox.com/products/logox-3-in-1,2026-03-09,2026-03-09
2026-03-09,"25.02.26 |  Static - 3 | LogOX 3-in-1 Forestry MultiTool| Text Variation - 1 | LP : PDP",57.53,6477,41,1,289,5.02346602,1.40317073,0.63300911,8.88219855,https://www.thelogox.com/products/logox-3-in-1,2026-03-09,2026-03-09
2026-03-09,"25.02.26 | Static - 7 | LogOX 3-in-1 Forestry MultiTool | Text Variation - 1 | LP : PDP",0.05,14,,,,,,,3.57142857,https://www.thelogox.com/products/logox-3-in-1,2026-03-09,2026-03-09
2026-03-08,"09.12.25 | Video - 3 | LogOX 3-in-1 Forestry MultiTool | Text Variation - 2 | LP - Multitool PDP",19.21,791,13,,,,1.47769231,1.64348925,24.28571429,https://www.thelogox.com/pages/multitool,2026-03-08,2026-03-08
2026-03-08,"Video | Site B | Austin  - 711679707645394",0,1,,,,,,,0,https://www.thelogox.com/pages/multitool?utm_source=ABM,2026-03-08,2026-03-08
2026-03-08,"06.01.26 | B6.V2 | Forester Package | Text Variation - 1 | LP : Forester Package",141.14,15323,209,1,279,1.97676066,0.675311,1.36396267,9.21099002,https://www.thelogox.com/products/forester-package,2026-03-08,2026-03-08
2026-03-08,"06.01.26 | B6.V1 | Forester Package | Text Variation - 1 | LP : Forester Package",30.28,2005,20,1,185,6.10964333,1.514,0.99750623,15.10224439,https://www.thelogox.com/products/forester-package,2026-03-08,2026-03-08
2026-03-08,"06.01.26 | B4.V4 | LogOX 3-in-1 Forestry MultiTool | Text Variation - 1 | LP : PDP",48.05,3579,37,1,328.95,6.84599376,1.29864865,1.03380833,13.42553786,https://www.thelogox.com/products/logox-3-in-1,2026-03-08,2026-03-08
2026-03-08,"09.12.25 | Video -2 | LogOX 3-in-1 Forestry MultiTool | Text Variation - 1 LP : Multitool PDP",179.54,11940,133,1,195,1.08610895,1.34992481,1.11390285,15.03685092,https://www.thelogox.com/pages/multitool,2026-03-08,2026-03-08
2026-03-08,"09.12.25 | Video -2 | LogOX 3-in-1 Forestry MultiTool | Text Variation - 1 LP : Multitool PDP",0,1,,,,,,,0,https://www.thelogox.com/pages/multitool,2026-03-08,2026-03-08
2026-03-08,"17.11.25 | Video - 3 | LogOX 3-in-1 Forestry MultiTool | Text Variation - 2 | LP - PDP",17.41,940,13,,,,1.33923077,1.38297872,18.5212766,https://www.thelogox.com/products/logox-3-in-1,2026-03-08,2026-03-08
2026-03-08,"17.11.25 | Video -2 | LogOX 3-in-1 Forestry MultiTool | Text Variation - 1 LP - PDP",260.84,13605,162,,,,1.61012346,1.1907387,19.1723631,https://www.thelogox.com/products/logox-3-in-1,2026-03-08,2026-03-08
2026-03-08,"Video | Site B | Austin  - 816341450512552",164.38,17505,196,,,,0.83867347,1.11968009,9.39045987,https://www.thelogox.com/pages/multitool?utm_source=ABM,2026-03-08,2026-03-08
2026-03-08,"Vid FB1 937590858387610",32.44,2662,30,1,279,8.60049322,1.08133333,1.1269722,12.18632607,https://www.thelogox.com/pages/multitool,2026-03-08,2026-03-08
2026-03-08,"Video | Site B | Austin  - 711679707645394",55.21,6417,72,,,,0.76680556,1.12201964,8.6037089,https://www.thelogox.com/pages/multitool?utm_source=ABM,2026-03-08,2026-03-08
2026-03-08,"Vid YT4 937590921720937",18.28,1241,11,1,289,15.80962801,1.66181818,0.88638195,14.73005641,https://www.thelogox.com/pages/multitool,2026-03-08,2026-03-08
2026-03-08,"3-in-1 Forestry MultiTool Static",27.06,3127,17,1,385,14.22764228,1.59176471,0.54365206,8.65366166,https://www.thelogox.com/pages/multitool,2026-03-08,2026-03-08
2026-03-08,"17.11.25 | Video - 6 | TimberOX Summit 30-Ton | Text Variation - 3 | LP - PDP",0.47,30,2,,,,0.235,6.66666667,15.66666667,https://www.thelogox.com/products/timberox,2026-03-08,2026-03-08
2026-03-08,"25.02.26 | Video - 6 | LogOX_3-in-1tool_podcast_revised | Text Variation - 1 | LP : PDP",17.82,4434,14,,,,1.27285714,0.31574199,4.01894452,https://www.thelogox.com/products/logox-3-in-1,2026-03-08,2026-03-08
2026-03-08,"25.02.26 |  Static - 9 | The Fireside Bundle | Text Variation - 1 | LP : PDP",35.15,3162,14,,,,2.51071429,0.44275775,11.11638204,https://www.thelogox.com/products/fireside-bundle,2026-03-08,2026-03-08
2026-03-08,"25.02.26 |  Static - 6 | LogOX 3-in-1 Forestry MultiTool| Text Variation - 1 | LP : PDP",0.05,6,,,,,,,8.33333333,https://www.thelogox.com/products/logox-3-in-1,2026-03-08,2026-03-08
2026-03-08,"03.03.26 | B6.V3 | LogOX Hauler | Text Variation - 1 | LP : LogOX Hauler",17.49,3891,11,,,,1.59,0.28270368,4.49498843,https://www.thelogox.com/products/logox-carrying-tool,2026-03-08,2026-03-08
2026-03-08,"25.02.26 | Video - 1 | LogOX_Dan-D-Lift_video_revised | Text Variation - 1 | LP : PDP",13.01,2477,24,,,,0.54208333,0.96891401,5.25232136,https://www.thelogox.com/products/timberox-ddl,2026-03-08,2026-03-08
2026-03-08,"25.02.26 | Video - 5 | LogOX_Hauler_podcast_revised | Text Variation - 1 | LP : PDP",4.06,1043,3,,,,1.35333333,0.28763183,3.89261745,https://www.thelogox.com/products/logox-carrying-tool,2026-03-08,2026-03-08
2026-03-08,"25.02.26 |  Video - 2 | LogOX_Hauler_video_revised | Text Variation - 1 | LP : PDP",2.61,712,2,,,,1.305,0.28089888,3.66573034,https://www.thelogox.com/products/logox-carrying-tool,2026-03-08,2026-03-08
2026-03-08,"25.02.26 |  Static - 2 | LogOX 3-in-1 Forestry MultiTool| Text Variation - 1 | LP : PDP",0.41,53,2,,,,0.205,3.77358491,7.73584906,https://www.thelogox.com/products/logox-3-in-1,2026-03-08,2026-03-08
2026-03-08,"25.02.26 |  Video - 4 | LogOX_Dan-D-Lift_1to1_revised | Text Variation - 1 | LP : PDP",10.18,2258,18,,,,0.56555556,0.79716563,4.50841453,https://www.thelogox.com/products/timberox-ddl,2026-03-08,2026-03-08
2026-03-08,"25.02.26 |  Static - 8 | CarryOX Gear Bag | Text Variation - 1 | LP : PDP",16.67,1311,18,,,,0.92611111,1.37299771,12.71548436,https://www.thelogox.com/products/carryox-gear-bag,2026-03-08,2026-03-08
2026-03-08,"25.02.26 |  Static - 4 | LogOX 3-in-1 Forestry MultiTool| Text Variation - 1 | LP : PDP",0.01,1,,,,,,,10,https://www.thelogox.com/products/logox-3-in-1,2026-03-08,2026-03-08
2026-03-08,"25.02.26 |  Static - 5 | LogOX 3-in-1 Forestry MultiTool| Text Variation - 1 | LP : PDP",0.07,10,,,,,,,7,https://www.thelogox.com/products/logox-3-in-1,2026-03-08,2026-03-08
2026-03-08,"25.02.26 |  Static - 3 | LogOX 3-in-1 Forestry MultiTool| Text Variation - 1 | LP : PDP",66.35,6867,29,1,289,4.35568953,2.28793103,0.4223096,9.66215232,https://www.thelogox.com/products/logox-3-in-1,2026-03-08,2026-03-08
2026-03-08,"25.02.26 |  Static - 8 | LogOX 3-in-1 Forestry MultiTool| Text Variation - 1 | LP : PDP",0.14,16,,,,,,,8.75,https://www.thelogox.com/products/logox-3-in-1,2026-03-08,2026-03-08
2026-03-08,"25.02.26 |  Static - 10 | CarryOX Gear Bag | Text Variation - 1 | LP : PDP",12.85,1120,19,,,,0.67631579,1.69642857,11.47321429,https://www.thelogox.com/products/carryox-gear-bag,2026-03-08,2026-03-08
2026-03-08,"25.02.26 |  Video - 3 | LogOX_3-in-1tool_video_revised | Text Variation - 1 | LP : PDP",6.67,2000,7,,,,0.95285714,0.35,3.335,https://www.thelogox.com/products/logox-3-in-1,2026-03-08,2026-03-08
2026-03-07,"17.11.25 | Video - 3 | LogOX 3-in-1 Forestry MultiTool | Text Variation - 2 | LP - PDP",32.46,1728,28,,,,1.15928571,1.62037037,18.78472222,https://www.thelogox.com/products/logox-3-in-1,2026-03-07,2026-03-07
2026-03-07,"06.01.26 | B6.V2 | Forester Package | Text Variation - 1 | LP : Forester Package",149.69,17017,220,4,1377.9,9.20502372,0.68040909,1.29282482,8.79649762,https://www.thelogox.com/products/forester-package,2026-03-07,2026-03-07
2026-03-07,"06.01.26 | B6.V1 | Forester Package | Text Variation - 1 | LP : Forester Package",32.08,2160,20,,,,1.604,0.92592593,14.85185185,https://www.thelogox.com/products/forester-package,2026-03-07,2026-03-07
2026-03-07,"06.01.26 | B4.V4 | LogOX 3-in-1 Forestry MultiTool | Text Variation - 1 | LP : PDP",39.36,3055,41,,,,0.96,1.34206219,12.88379705,https://www.thelogox.com/products/logox-3-in-1,2026-03-07,2026-03-07
2026-03-07,"09.12.25 | Video -2 | LogOX 3-in-1 Forestry MultiTool | Text Variation - 1 LP : Multitool PDP",161.2,10788,122,1,289,1.79280397,1.32131148,1.13088617,14.94252874,https://www.thelogox.com/pages/multitool,2026-03-07,2026-03-07
2026-03-07,"09.12.25 | Video - 3 | LogOX 3-in-1 Forestry MultiTool | Text Variation - 2 | LP - Multitool PDP",28.86,1053,25,2,558,19.33471933,1.1544,2.37416904,27.40740741,https://www.thelogox.com/pages/multitool,2026-03-07,2026-03-07
2026-03-07,"Video | Site B | Austin  - 711679707645394",49.82,5132,66,,,,0.75484848,1.28604832,9.70771629,https://www.thelogox.com/pages/multitool?utm_source=ABM,2026-03-07,2026-03-07
2026-03-07,"17.11.25 | Video -2 | LogOX 3-in-1 Forestry MultiTool | Text Variation - 1 LP - PDP",225.47,12822,193,2,578,2.56353395,1.16823834,1.50522539,17.58462018,https://www.thelogox.com/products/logox-3-in-1,2026-03-07,2026-03-07
2026-03-07,"Video | Site B | Austin  - 816341450512552",196.3,20424,187,3,847,4.31482425,1.04973262,0.9155895,9.61124168,https://www.thelogox.com/pages/multitool?utm_source=ABM,2026-03-07,2026-03-07
2026-03-07,"Vid FB1 937590858387610",29.44,2339,28,1,279,9.47690217,1.05142857,1.19709277,12.58657546,https://www.thelogox.com/pages/multitool,2026-03-07,2026-03-07
2026-03-07,"Vid YT4 937590921720937",19.69,1383,12,,,,1.64083333,0.86767896,14.23716558,https://www.thelogox.com/pages/multitool,2026-03-07,2026-03-07
2026-03-07,"3-in-1 Forestry MultiTool Static",20.97,2393,16,,,,1.310625,0.6686168,8.76305892,https://www.thelogox.com/pages/multitool,2026-03-07,2026-03-07
2026-03-07,"17.11.25 | Video - 6 | TimberOX Summit 30-Ton | Text Variation - 3 | LP - PDP",2,114,9,,,,0.22222222,7.89473684,17.54385965,https://www.thelogox.com/products/timberox,2026-03-07,2026-03-07
2026-03-07,"17.11.25 | Video -2 | LogOX 3-in-1 Forestry MultiTool | Text Variation - 1 LP - PDP",0.07,4,,,,,,,17.5,https://www.thelogox.com/products/logox-3-in-1,2026-03-07,2026-03-07
2026-03-07,"25.02.26 |  Static - 9 | The Fireside Bundle | Text Variation - 1 | LP : PDP",32.25,2844,10,,,,3.225,0.35161744,11.33966245,https://www.thelogox.com/products/fireside-bundle,2026-03-07,2026-03-07
2026-03-07,"06.01.26 | B6.V2 | Forester Package | Text Variation - 1 | LP : Forester Package",0.01,1,,,,,,,10,https://www.thelogox.com/products/forester-package,2026-03-07,2026-03-07
2026-03-07,"25.02.26 |  Static - 6 | LogOX 3-in-1 Forestry MultiTool| Text Variation - 1 | LP : PDP",0.2,22,,,,,,,9.09090909,https://www.thelogox.com/products/logox-3-in-1,2026-03-07,2026-03-07
2026-03-07,"25.02.26 |  Video - 4 | LogOX_Dan-D-Lift_1to1_revised | Text Variation - 1 | LP : PDP",4.18,873,10,,,,0.418,1.14547537,4.78808706,https://www.thelogox.com/products/timberox-ddl,2026-03-07,2026-03-07
2026-03-07,"25.02.26 | Video - 1 | LogOX_Dan-D-Lift_video_revised | Text Variation - 1 | LP : PDP",17.38,3565,35,,,,0.49657143,0.98176718,4.87517532,https://www.thelogox.com/products/timberox-ddl,2026-03-07,2026-03-07
2026-03-07,"25.02.26 | Video - 5 | LogOX_Hauler_podcast_revised | Text Variation - 1 | LP : PDP",5.75,1238,7,,,,0.82142857,0.56542811,4.64458805,https://www.thelogox.com/products/logox-carrying-tool,2026-03-07,2026-03-07
2026-03-07,"25.02.26 |  Video - 2 | LogOX_Hauler_video_revised | Text Variation - 1 | LP : PDP",3.03,711,,,,,,,4.26160338,https://www.thelogox.com/products/logox-carrying-tool,2026-03-07,2026-03-07
2026-03-07,"25.02.26 |  Static -1 | LogOX 3-in-1 Forestry MultiTool| Text Variation - 1 | LP : PDP",0.35,24,,,,,,,14.58333333,https://www.thelogox.com/products/logox-3-in-1,2026-03-07,2026-03-07
2026-03-07,"03.03.26 | B6.V3 | LogOX Hauler | Text Variation - 1 | LP : LogOX Hauler",17.32,4267,26,,,,0.66615385,0.6093274,4.05905789,https://www.thelogox.com/products/logox-carrying-tool,2026-03-07,2026-03-07
2026-03-07,"25.02.26 | Video - 6 | LogOX_3-in-1tool_podcast_revised | Text Variation - 1 | LP : PDP",11.88,3141,16,,,,0.7425,0.50939191,3.78223496,https://www.thelogox.com/products/logox-3-in-1,2026-03-07,2026-03-07
2026-03-07,"25.02.26 |  Static - 3 | LogOX 3-in-1 Forestry MultiTool| Text Variation - 1 | LP : PDP",62.83,5848,41,3,585.06,9.31179373,1.53243902,0.70109439,10.74384405,https://www.thelogox.com/products/logox-3-in-1,2026-03-07,2026-03-07
2026-03-07,"25.02.26 | Static - 7 | LogOX 3-in-1 Forestry MultiTool | Text Variation - 1 | LP : PDP",0.1,22,,,,,,,4.54545455,https://www.thelogox.com/products/logox-3-in-1,2026-03-07,2026-03-07
2026-03-07,"25.02.26 |  Static - 10 | CarryOX Gear Bag | Text Variation - 1 | LP : PDP",10.03,858,18,,,,0.55722222,2.0979021,11.68997669,https://www.thelogox.com/products/carryox-gear-bag,2026-03-07,2026-03-07
2026-03-07,"25.02.26 |  Static - 8 | CarryOX Gear Bag | Text Variation - 1 | LP : PDP",23.35,1646,9,,,,2.59444444,0.54678007,14.18590522,https://www.thelogox.com/products/carryox-gear-bag,2026-03-07,2026-03-07
2026-03-07,"25.02.26 |  Video - 3 | LogOX_3-in-1tool_video_revised | Text Variation - 1 | LP : PDP",12.06,2849,4,,,,3.015,0.14040014,4.23306423,https://www.thelogox.com/products/logox-3-in-1,2026-03-07,2026-03-07
2026-03-06,"09.12.25 | Video - 3 | LogOX 3-in-1 Forestry MultiTool | Text Variation - 2 | LP - Multitool PDP",13.05,532,14,,,,0.93214286,2.63157895,24.53007519,https://www.thelogox.com/pages/multitool,2026-03-06,2026-03-06
2026-03-06,"Video | Site B | Austin  - 816341450512552",0,5,,,,,,,0,https://www.thelogox.com/pages/multitool?utm_source=ABM,2026-03-06,2026-03-06
2026-03-06,"06.01.26 | B6.V2 | Forester Package | Text Variation - 1 | LP : Forester Package",157.38,16955,226,1,289,1.83631974,0.69637168,1.33294014,9.28221763,https://www.thelogox.com/products/forester-package,2026-03-06,2026-03-06
2026-03-06,"06.01.26 | B6.V1 | Forester Package | Text Variation - 1 | LP : Forester Package",17.95,1178,12,2,770,42.89693593,1.49583333,1.01867572,15.237691,https://www.thelogox.com/products/forester-package,2026-03-06,2026-03-06
2026-03-06,"06.01.26 | B4.V4 | LogOX 3-in-1 Forestry MultiTool | Text Variation - 1 | LP : PDP",48.23,2801,17,1,403.9,8.37445573,2.83705882,0.6069261,17.21885041,https://www.thelogox.com/products/logox-3-in-1,2026-03-06,2026-03-06
2026-03-06,"09.12.25 | Video -2 | LogOX 3-in-1 Forestry MultiTool | Text Variation - 1 LP : Multitool PDP",190.69,11805,117,2,634.5,3.32739,1.62982906,0.99110546,16.15332486,https://www.thelogox.com/pages/multitool,2026-03-06,2026-03-06
2026-03-06,"Vid FB1 937590858387610",18.01,1301,13,,,,1.38538462,0.99923136,13.84319754,https://www.thelogox.com/pages/multitool,2026-03-06,2026-03-06
2026-03-06,"17.11.25 | Video - 3 | LogOX 3-in-1 Forestry MultiTool | Text Variation - 2 | LP - PDP",22.02,1401,34,,,,0.64764706,2.42683797,15.71734475,https://www.thelogox.com/products/logox-3-in-1,2026-03-06,2026-03-06
2026-03-06,"17.11.25 | Video -2 | LogOX 3-in-1 Forestry MultiTool | Text Variation - 1 LP - PDP",234.72,14089,222,4,1081.95,4.60953476,1.0572973,1.57569735,16.65980552,https://www.thelogox.com/products/logox-3-in-1,2026-03-06,2026-03-06
2026-03-06,"Video | Site B | Austin  - 816341450512552",207.93,20509,216,3,934.1,4.49237724,0.96263889,1.05319616,10.13847579,https://www.thelogox.com/pages/multitool?utm_source=ABM,2026-03-06,2026-03-06
2026-03-06,"Video | Site B | Austin  - 711679707645394",40.96,4790,48,,,,0.85333333,1.00208768,8.55114823,https://www.thelogox.com/pages/multitool?utm_source=ABM,2026-03-06,2026-03-06
2026-03-06,"Vid YT4 937590921720937",20.67,1184,12,,,,1.7225,1.01351351,17.45777027,https://www.thelogox.com/pages/multitool,2026-03-06,2026-03-06
2026-03-06,"3-in-1 Forestry MultiTool Static",18.86,1804,14,,,,1.34714286,0.77605322,10.45454545,https://www.thelogox.com/pages/multitool,2026-03-06,2026-03-06
2026-03-06,"25.02.26 |  Static - 9 | The Fireside Bundle | Text Variation - 1 | LP : PDP",38.16,3836,19,,,,2.00842105,0.49530761,9.94786236,https://www.thelogox.com/products/fireside-bundle,2026-03-06,2026-03-06
2026-03-06,"17.11.25 | Video - 6 | TimberOX Summit 30-Ton | Text Variation - 3 | LP - PDP",0.32,21,1,,,,0.32,4.76190476,15.23809524,https://www.thelogox.com/products/timberox,2026-03-06,2026-03-06
2026-03-06,"03.03.26 | B6.V3 | LogOX Hauler | Text Variation - 1 | LP : LogOX Hauler",9.9,2395,11,,,,0.9,0.45929019,4.13361169,https://www.thelogox.com/products/logox-carrying-tool,2026-03-06,2026-03-06
2026-03-06,"25.02.26 |  Static - 8 | CarryOX Gear Bag | Text Variation - 1 | LP : PDP",9,616,2,,,,4.5,0.32467532,14.61038961,https://www.thelogox.com/products/carryox-gear-bag,2026-03-06,2026-03-06
2026-03-06,"25.02.26 |  Static - 6 | LogOX 3-in-1 Forestry MultiTool| Text Variation - 1 | LP : PDP",0.42,40,1,,,,0.42,2.5,10.5,https://www.thelogox.com/products/logox-3-in-1,2026-03-06,2026-03-06
2026-03-06,"25.02.26 |  Static - 10 | CarryOX Gear Bag | Text Variation - 1 | LP : PDP",12.14,780,14,,,,0.86714286,1.79487179,15.56410256,https://www.thelogox.com/products/carryox-gear-bag,2026-03-06,2026-03-06
2026-03-06,"25.02.26 |  Video - 4 | LogOX_Dan-D-Lift_1to1_revised | Text Variation - 1 | LP : PDP",4.4,985,7,,,,0.62857143,0.7106599,4.46700508,https://www.thelogox.com/products/timberox-ddl,2026-03-06,2026-03-06
2026-03-06,"25.02.26 | Video - 1 | LogOX_Dan-D-Lift_video_revised | Text Variation - 1 | LP : PDP",18.55,3625,28,,,,0.6625,0.77241379,5.11724138,https://www.thelogox.com/products/timberox-ddl,2026-03-06,2026-03-06
2026-03-06,"25.02.26 | Video - 5 | LogOX_Hauler_podcast_revised | Text Variation - 1 | LP : PDP",5.71,1389,6,,,,0.95166667,0.43196544,4.11087113,https://www.thelogox.com/products/logox-carrying-tool,2026-03-06,2026-03-06
2026-03-06,"25.02.26 |  Static - 2 | LogOX 3-in-1 Forestry MultiTool| Text Variation - 1 | LP : PDP",0.25,29,,,,,,,8.62068966,https://www.thelogox.com/products/logox-3-in-1,2026-03-06,2026-03-06
2026-03-06,"25.02.26 |  Video - 2 | LogOX_Hauler_video_revised | Text Variation - 1 | LP : PDP",2.57,640,1,,,,2.57,0.15625,4.015625,https://www.thelogox.com/products/logox-carrying-tool,2026-03-06,2026-03-06
2026-03-06,"25.02.26 | Video - 6 | LogOX_3-in-1tool_podcast_revised | Text Variation - 1 | LP : PDP",16.64,4021,18,,,,0.92444444,0.44764984,4.13827406,https://www.thelogox.com/products/logox-3-in-1,2026-03-06,2026-03-06
2026-03-06,"25.02.26 |  Video - 3 | LogOX_3-in-1tool_video_revised | Text Variation - 1 | LP : PDP",7.47,1970,7,,,,1.06714286,0.35532995,3.79187817,https://www.thelogox.com/products/logox-3-in-1,2026-03-06,2026-03-06
2026-03-06,"25.02.26 |  Static - 4 | LogOX 3-in-1 Forestry MultiTool| Text Variation - 1 | LP : PDP",0.04,4,,,,,,,10,https://www.thelogox.com/products/logox-3-in-1,2026-03-06,2026-03-06
2026-03-06,"25.02.26 |  Static - 5 | LogOX 3-in-1 Forestry MultiTool| Text Variation - 1 | LP : PDP",0.03,7,,2,908.91,30297,,,4.28571429,https://www.thelogox.com/products/logox-3-in-1,2026-03-06,2026-03-06
2026-03-06,"25.02.26 |  Static - 3 | LogOX 3-in-1 Forestry MultiTool| Text Variation - 1 | LP : PDP",61.37,6011,41,3,1023.45,16.67671501,1.49682927,0.68208285,10.2096157,https://www.thelogox.com/products/logox-3-in-1,2026-03-06,2026-03-06
2026-03-06,"25.02.26 | Static - 7 | LogOX 3-in-1 Forestry MultiTool | Text Variation - 1 | LP : PDP",0.04,3,,,,,,,13.33333333,https://www.thelogox.com/products/logox-3-in-1,2026-03-06,2026-03-06
2026-03-05,"09.12.25 | Video -2 | LogOX 3-in-1 Forestry MultiTool | Text Variation - 1 LP : Multitool PDP",150.42,9513,93,1,289,1.92128706,1.61741935,0.97760959,15.81204667,https://www.thelogox.com/pages/multitool,2026-03-05,2026-03-05
2026-03-05,"17.11.25 | Video - 6 | TimberOX Summit 30-Ton | Text Variation - 3 | LP - PDP",1.19,73,8,,,,0.14875,10.95890411,16.30136986,https://www.thelogox.com/products/timberox,2026-03-05,2026-03-05
2026-03-05,"Video | Site B | Austin  - 711679707645394",0,1,,,,,,,0,https://www.thelogox.com/pages/multitool?utm_source=ABM,2026-03-05,2026-03-05
2026-03-05,"19.01.26 | LOGOX V1 | Hearth Bin Adjustable Firewood Rack | Text Variation - 1 | LP : PDP",0.03,2,,,,,,,15,https://www.thelogox.com/products/logox-firewood-hearth-bin,2026-03-05,2026-03-05
2026-03-05,"06.01.26 | B6.V2 | Forester Package | Text Variation - 1 | LP : Forester Package",114.7,12624,156,,,,0.73525641,1.23574144,9.08586819,https://www.thelogox.com/products/forester-package,2026-03-05,2026-03-05
2026-03-05,"3-in-1 Forestry MultiTool Static",20.54,2271,8,2,370,18.01363194,2.5675,0.35226772,9.0444738,https://www.thelogox.com/pages/multitool,2026-03-05,2026-03-05
2026-03-05,"06.01.26 | B4.V4 | LogOX 3-in-1 Forestry MultiTool | Text Variation - 1 | LP : PDP",58.38,4164,47,,,,1.24212766,1.12872238,14.02017291,https://www.thelogox.com/products/logox-3-in-1,2026-03-05,2026-03-05
2026-03-05,"Vid YT4 937590921720937",6.77,641,5,,,,1.354,0.7800312,10.56162246,https://www.thelogox.com/pages/multitool,2026-03-05,2026-03-05
2026-03-05,"09.12.25 | Video - 3 | LogOX 3-in-1 Forestry MultiTool | Text Variation - 2 | LP - Multitool PDP",20.01,725,7,,,,2.85857143,0.96551724,27.6,https://www.thelogox.com/pages/multitool,2026-03-05,2026-03-05
2026-03-05,"17.11.25 | Video - 3 | LogOX 3-in-1 Forestry MultiTool | Text Variation - 2 | LP - PDP",21.01,1038,19,1,279,13.27939077,1.10578947,1.83044316,20.24084778,https://www.thelogox.com/products/logox-3-in-1,2026-03-05,2026-03-05
2026-03-05,"17.11.25 | Video -2 | LogOX 3-in-1 Forestry MultiTool | Text Variation - 1 LP - PDP",208.95,12728,153,1,279,1.33524767,1.36568627,1.20207417,16.41656191,https://www.thelogox.com/products/logox-3-in-1,2026-03-05,2026-03-05
2026-03-05,"Video | Site B | Austin  - 816341450512552",170.17,16567,146,1,289,1.6983017,1.16554795,0.88126999,10.27162431,https://www.thelogox.com/pages/multitool?utm_source=ABM,2026-03-05,2026-03-05
2026-03-05,"Vid FB1 937590858387610",19.99,1465,13,,,,1.53769231,0.88737201,13.64505119,https://www.thelogox.com/pages/multitool,2026-03-05,2026-03-05
2026-03-05,"Video | Site B | Austin  - 711679707645394",52.66,6600,76,,,,0.69289474,1.15151515,7.97878788,https://www.thelogox.com/pages/multitool?utm_source=ABM,2026-03-05,2026-03-05
2026-03-05,"25.02.26 |  Static - 8 | CarryOX Gear Bag | Text Variation - 1 | LP : PDP",8.54,838,5,,,,1.708,0.59665871,10.19093079,https://www.thelogox.com/products/carryox-gear-bag,2026-03-05,2026-03-05
2026-03-05,"25.02.26 |  Static - 9 | The Fireside Bundle | Text Variation - 1 | LP : PDP",34.84,2756,3,,,,11.61333333,0.10885341,12.64150943,https://www.thelogox.com/products/fireside-bundle,2026-03-05,2026-03-05
2026-03-05,"06.01.26 | B6.V1 | Forester Package | Text Variation - 1 | LP : Forester Package",26.71,2220,16,,,,1.669375,0.72072072,12.03153153,https://www.thelogox.com/products/forester-package,2026-03-05,2026-03-05
2026-03-05,"25.02.26 |  Static - 10 | CarryOX Gear Bag | Text Variation - 1 | LP : PDP",13.95,1096,10,,,,1.395,0.91240876,12.72810219,https://www.thelogox.com/products/carryox-gear-bag,2026-03-05,2026-03-05
2026-03-05,"25.02.26 |  Static - 2 | LogOX 3-in-1 Forestry MultiTool| Text Variation - 1 | LP : PDP",0.13,4,,,,,,,32.5,https://www.thelogox.com/products/logox-3-in-1,2026-03-05,2026-03-05
2026-03-05,"03.03.26 | B6.V3 | LogOX Hauler | Text Variation - 1 | LP : LogOX Hauler",2.44,559,9,,,,0.27111111,1.61001789,4.36493739,https://www.thelogox.com/products/logox-carrying-tool,2026-03-05,2026-03-05
2026-03-05,"25.02.26 |  Video - 4 | LogOX_Dan-D-Lift_1to1_revised | Text Variation - 1 | LP : PDP",7.18,1319,18,,,,0.39888889,1.3646702,5.44351782,https://www.thelogox.com/products/timberox-ddl,2026-03-05,2026-03-05
2026-03-05,"25.02.26 | Video - 1 | LogOX_Dan-D-Lift_video_revised | Text Variation - 1 | LP : PDP",15.06,2709,34,2,130,8.63213811,0.44294118,1.25507567,5.55924695,https://www.thelogox.com/products/timberox-ddl,2026-03-05,2026-03-05
2026-03-05,"25.02.26 | Video - 5 | LogOX_Hauler_podcast_revised | Text Variation - 1 | LP : PDP",12.18,3284,7,,,,1.74,0.21315469,3.7088916,https://www.thelogox.com/products/logox-carrying-tool,2026-03-05,2026-03-05
2026-03-05,"25.02.26 |  Video - 2 | LogOX_Hauler_video_revised | Text Variation - 1 | LP : PDP",1.61,434,2,,,,0.805,0.46082949,3.70967742,https://www.thelogox.com/products/logox-carrying-tool,2026-03-05,2026-03-05
2026-03-05,"25.02.26 |  Static -1 | LogOX 3-in-1 Forestry MultiTool| Text Variation - 1 | LP : PDP",0.15,23,,,,,,,6.52173913,https://www.thelogox.com/products/logox-3-in-1,2026-03-05,2026-03-05
2026-03-05,"25.02.26 |  Static - 8 | LogOX 3-in-1 Forestry MultiTool| Text Variation - 1 | LP : PDP",0.07,14,,,,,,,5,https://www.thelogox.com/products/logox-3-in-1,2026-03-05,2026-03-05
2026-03-05,"25.02.26 |  Static - 6 | LogOX 3-in-1 Forestry MultiTool| Text Variation - 1 | LP : PDP",0.72,88,1,,,,0.72,1.13636364,8.18181818,https://www.thelogox.com/products/logox-3-in-1,2026-03-05,2026-03-05
2026-03-05,"25.02.26 |  Video - 3 | LogOX_3-in-1tool_video_revised | Text Variation - 1 | LP : PDP",10.95,2793,9,,,,1.21666667,0.32223416,3.92051557,https://www.thelogox.com/products/logox-3-in-1,2026-03-05,2026-03-05
2026-03-05,"25.02.26 |  Static - 4 | LogOX 3-in-1 Forestry MultiTool| Text Variation - 1 | LP : PDP",0,1,,,,,,,0,https://www.thelogox.com/products/logox-3-in-1,2026-03-05,2026-03-05
2026-03-05,"25.02.26 |  Static - 5 | LogOX 3-in-1 Forestry MultiTool| Text Variation - 1 | LP : PDP",0.1,8,,,,,,,12.5,https://www.thelogox.com/products/logox-3-in-1,2026-03-05,2026-03-05
2026-03-05,"25.02.26 |  Static - 3 | LogOX 3-in-1 Forestry MultiTool| Text Variation - 1 | LP : PDP",52.7,5069,24,,,,2.19583333,0.47346617,10.39652791,https://www.thelogox.com/products/logox-3-in-1,2026-03-05,2026-03-05
2026-03-05,"25.02.26 | Static - 7 | LogOX 3-in-1 Forestry MultiTool | Text Variation - 1 | LP : PDP",0.04,4,,,,,,,10,https://www.thelogox.com/products/logox-3-in-1,2026-03-05,2026-03-05
2026-03-05,"25.02.26 | Video - 6 | LogOX_3-in-1tool_podcast_revised | Text Variation - 1 | LP : PDP",12.76,3104,11,,,,1.16,0.35438144,4.11082474,https://www.thelogox.com/products/logox-3-in-1,2026-03-05,2026-03-05
2026-03-04,"09.12.25 | Video - 3 | LogOX 3-in-1 Forestry MultiTool | Text Variation - 2 | LP - Multitool PDP",14.03,630,8,,,,1.75375,1.26984127,22.26984127,https://www.thelogox.com/pages/multitool,2026-03-04,2026-03-04
2026-03-04,"Video | Site B | Austin  - 816341450512552",0.05,2,,,,,,,25,https://www.thelogox.com/pages/multitool?utm_source=ABM,2026-03-04,2026-03-04
2026-03-04,"19.01.26 | LOGOX V1 | Hearth Bin Adjustable Firewood Rack | Text Variation - 1 | LP : PDP",0.05,5,,,,,,,10,https://www.thelogox.com/products/logox-firewood-hearth-bin,2026-03-04,2026-03-04
2026-03-04,"06.01.26 | B6.V2 | Forester Package | Text Variation - 1 | LP : Forester Package",91.77,8959,127,,,,0.72259843,1.41756893,10.24333073,https://www.thelogox.com/products/forester-package,2026-03-04,2026-03-04
2026-03-04,"06.01.26 | B6.V1 | Forester Package | Text Variation - 1 | LP : Forester Package",25.93,2301,43,,,,0.60302326,1.86875272,11.26901347,https://www.thelogox.com/products/forester-package,2026-03-04,2026-03-04
2026-03-04,"06.01.26 | B4.V4 | LogOX 3-in-1 Forestry MultiTool | Text Variation - 1 | LP : PDP",78.49,4952,60,,,,1.30816667,1.21163166,15.85016155,https://www.thelogox.com/products/logox-3-in-1,2026-03-04,2026-03-04
2026-03-04,"09.12.25 | Video -2 | LogOX 3-in-1 Forestry MultiTool | Text Variation - 1 LP : Multitool PDP",166.49,11901,134,1,185,1.11117785,1.24246269,1.1259558,13.98958071,https://www.thelogox.com/pages/multitool,2026-03-04,2026-03-04
2026-03-04,"Vid FB1 937590858387610",19.68,1632,12,,,,1.64,0.73529412,12.05882353,https://www.thelogox.com/pages/multitool,2026-03-04,2026-03-04
2026-03-04,"17.11.25 | Video - 3 | LogOX 3-in-1 Forestry MultiTool | Text Variation - 2 | LP - PDP",23.56,1419,24,1,289,12.26655348,0.98166667,1.69133192,16.60324172,https://www.thelogox.com/products/logox-3-in-1,2026-03-04,2026-03-04
2026-03-04,"17.11.25 | Video -2 | LogOX 3-in-1 Forestry MultiTool | Text Variation - 1 LP - PDP",211.23,13810,290,1,279,1.32083511,0.72837931,2.09992759,15.29543809,https://www.thelogox.com/products/logox-3-in-1,2026-03-04,2026-03-04
2026-03-04,"Video | Site B | Austin  - 816341450512552",187.58,19122,184,1,185,0.98624587,1.01945652,0.96224244,9.80964334,https://www.thelogox.com/pages/multitool?utm_source=ABM,2026-03-04,2026-03-04
2026-03-04,"Video | Site B | Austin  - 711679707645394",57.03,6506,72,,,,0.79208333,1.10667077,8.76575469,https://www.thelogox.com/pages/multitool?utm_source=ABM,2026-03-04,2026-03-04
2026-03-04,"Vid YT4 937590921720937",6.48,629,13,,,,0.49846154,2.06677266,10.30206677,https://www.thelogox.com/pages/multitool,2026-03-04,2026-03-04
2026-03-04,"3-in-1 Forestry MultiTool Static",12.67,1309,11,,,,1.15181818,0.84033613,9.67914439,https://www.thelogox.com/pages/multitool,2026-03-04,2026-03-04
2026-03-04,"17.11.25 | Video - 6 | TimberOX Summit 30-Ton | Text Variation - 3 | LP - PDP",0.2,15,1,,,,0.2,6.66666667,13.33333333,https://www.thelogox.com/products/timberox,2026-03-04,2026-03-04
2026-03-04,"17.11.25 | Video -2 | LogOX 3-in-1 Forestry MultiTool | Text Variation - 1 LP - PDP",0.02,2,,,,,,,10,https://www.thelogox.com/products/logox-3-in-1,2026-03-04,2026-03-04
2026-03-04,"09.12.25 | Video -2 | LogOX 3-in-1 Forestry MultiTool | Text Variation - 1 LP : Multitool PDP",0,1,,,,,,,0,https://www.thelogox.com/pages/multitool,2026-03-04,2026-03-04
2026-03-04,"06.01.26 | B6.V2 | Forester Package | Text Variation - 1 | LP : Forester Package",0,1,,,,,,,0,https://www.thelogox.com/products/forester-package,2026-03-04,2026-03-04
2026-03-04,"25.02.26 |  Static - 6 | LogOX 3-in-1 Forestry MultiTool| Text Variation - 1 | LP : PDP",2.78,328,2,,,,1.39,0.6097561,8.47560976,https://www.thelogox.com/products/logox-3-in-1,2026-03-04,2026-03-04
2026-03-04,"03.03.26 | B6.V3 | LogOX Hauler | Text Variation - 1 | LP : LogOX Hauler",2.09,658,6,,,,0.34833333,0.9118541,3.17629179,https://www.thelogox.com/products/logox-carrying-tool,2026-03-04,2026-03-04
2026-03-04,"25.02.26 |  Video - 4 | LogOX_Dan-D-Lift_1to1_revised | Text Variation - 1 | LP : PDP",10.49,1961,23,4,6435,613.44137274,0.45608696,1.17287098,5.34931158,https://www.thelogox.com/products/timberox-ddl,2026-03-04,2026-03-04
2026-03-04,"25.02.26 | Video - 1 | LogOX_Dan-D-Lift_video_revised | Text Variation - 1 | LP : PDP",12.34,2581,28,,,,0.44071429,1.08485083,4.7810926,https://www.thelogox.com/products/timberox-ddl,2026-03-04,2026-03-04
2026-03-04,"25.02.26 | Video - 5 | LogOX_Hauler_podcast_revised | Text Variation - 1 | LP : PDP",12.06,2929,8,,,,1.5075,0.27313076,4.11744623,https://www.thelogox.com/products/logox-carrying-tool,2026-03-04,2026-03-04
2026-03-04,"25.02.26 |  Video - 2 | LogOX_Hauler_video_revised | Text Variation - 1 | LP : PDP",3.17,738,2,,,,1.585,0.27100271,4.29539295,https://www.thelogox.com/products/logox-carrying-tool,2026-03-04,2026-03-04
2026-03-04,"25.02.26 |  Static - 2 | LogOX 3-in-1 Forestry MultiTool| Text Variation - 1 | LP : PDP",0,1,,,,,,,0,https://www.thelogox.com/products/logox-3-in-1,2026-03-04,2026-03-04
2026-03-04,"25.02.26 |  Static -1 | LogOX 3-in-1 Forestry MultiTool| Text Variation - 1 | LP : PDP",0,2,,,,,,,0,https://www.thelogox.com/products/logox-3-in-1,2026-03-04,2026-03-04
2026-03-04,"25.02.26 | Video - 6 | LogOX_3-in-1tool_podcast_revised | Text Variation - 1 | LP : PDP",13.93,3127,10,1,474.95,34.09547739,1.393,0.31979533,4.45474896,https://www.thelogox.com/products/logox-3-in-1,2026-03-04,2026-03-04
2026-03-04,"25.02.26 |  Video - 3 | LogOX_3-in-1tool_video_revised | Text Variation - 1 | LP : PDP",10.13,2268,3,,,,3.37666667,0.13227513,4.4664903,https://www.thelogox.com/products/logox-3-in-1,2026-03-04,2026-03-04
2026-03-04,"25.02.26 |  Static - 4 | LogOX 3-in-1 Forestry MultiTool| Text Variation - 1 | LP : PDP",0,1,,,,,,,0,https://www.thelogox.com/products/logox-3-in-1,2026-03-04,2026-03-04
2026-03-04,"25.02.26 |  Static - 3 | LogOX 3-in-1 Forestry MultiTool| Text Variation - 1 | LP : PDP",51.49,5201,23,,,,2.23869565,0.44222265,9.90001923,https://www.thelogox.com/products/logox-3-in-1,2026-03-04,2026-03-04
2026-03-04,"25.02.26 | Static - 7 | LogOX 3-in-1 Forestry MultiTool | Text Variation - 1 | LP : PDP",0.13,12,,,,,,,10.83333333,https://www.thelogox.com/products/logox-3-in-1,2026-03-04,2026-03-04
2026-03-04,"25.02.26 |  Static - 10 | CarryOX Gear Bag | Text Variation - 1 | LP : PDP",19,1713,18,,,,1.05555556,1.05078809,11.09165207,https://www.thelogox.com/products/carryox-gear-bag,2026-03-04,2026-03-04
2026-03-04,"25.02.26 |  Static - 8 | CarryOX Gear Bag | Text Variation - 1 | LP : PDP",14.09,1227,14,,,,1.00642857,1.1409943,11.48329258,https://www.thelogox.com/products/carryox-gear-bag,2026-03-04,2026-03-04
2026-03-04,"25.02.26 |  Static - 9 | The Fireside Bundle | Text Variation - 1 | LP : PDP",24.09,2390,11,,,,2.19,0.46025105,10.07949791,https://www.thelogox.com/products/fireside-bundle,2026-03-04,2026-03-04
2026-03-03,"06.01.26 | B4.V4 | LogOX 3-in-1 Forestry MultiTool | Text Variation - 1 | LP : PDP",52.01,3346,35,1,289,5.55662373,1.486,1.0460251,15.54393305,https://www.thelogox.com/products/logox-3-in-1,2026-03-03,2026-03-03
2026-03-03,"09.12.25 | Video -2 | LogOX 3-in-1 Forestry MultiTool | Text Variation - 1 LP : Multitool PDP",0,1,,,,,,,0,https://www.thelogox.com/pages/multitool,2026-03-03,2026-03-03
2026-03-03,"17.11.25 | Video - 6 | TimberOX Summit 30-Ton | Text Variation - 3 | LP - PDP",0.26,35,3,,,,0.08666667,8.57142857,7.42857143,https://www.thelogox.com/products/timberox,2026-03-03,2026-03-03
2026-03-03,"Video | Site B | Austin  - 711679707645394",0.01,2,,,,,,,5,https://www.thelogox.com/pages/multitool?utm_source=ABM,2026-03-03,2026-03-03
2026-03-03,"19.01.26 | LOGOX V1 | Hearth Bin Adjustable Firewood Rack | Text Variation - 1 | LP : PDP",0.47,7,,,,,,,67.14285714,https://www.thelogox.com/products/logox-firewood-hearth-bin,2026-03-03,2026-03-03
2026-03-03,"06.01.26 | B6.V2 | Forester Package | Text Variation - 1 | LP : Forester Package",82.96,8658,115,4,1052.9,12.69165863,0.7213913,1.32825133,9.58188958,https://www.thelogox.com/products/forester-package,2026-03-03,2026-03-03
2026-03-03,"06.01.26 | B6.V1 | Forester Package | Text Variation - 1 | LP : Forester Package",25.3,1815,21,,,,1.2047619,1.15702479,13.93939394,https://www.thelogox.com/products/forester-package,2026-03-03,2026-03-03
2026-03-03,"06.01.26 | B6.V3 | Forester Package | Text Variation - 1 | LP : Forester Package",52.88,5961,49,2,568,10.74130106,1.07918367,0.82200973,8.8709948,https://www.thelogox.com/products/forester-package,2026-03-03,2026-03-03
2026-03-03,"Vid YT4 937590921720937",13.52,1104,12,,,,1.12666667,1.08695652,12.24637681,https://www.thelogox.com/pages/multitool,2026-03-03,2026-03-03
2026-03-03,"09.12.25 | Video -2 | LogOX 3-in-1 Forestry MultiTool | Text Variation - 1 LP : Multitool PDP",173.57,12080,146,2,390,2.24693207,1.18883562,1.20860927,14.36837748,https://www.thelogox.com/pages/multitool,2026-03-03,2026-03-03
2026-03-03,"09.12.25 | Video - 3 | LogOX 3-in-1 Forestry MultiTool | Text Variation - 2 | LP - Multitool PDP",26.69,1068,21,,,,1.27095238,1.96629213,24.9906367,https://www.thelogox.com/pages/multitool,2026-03-03,2026-03-03
2026-03-03,"17.11.25 | Video - 3 | LogOX 3-in-1 Forestry MultiTool | Text Variation - 2 | LP - PDP",34.09,2016,57,,,,0.59807018,2.82738095,16.90972222,https://www.thelogox.com/products/logox-3-in-1,2026-03-03,2026-03-03
2026-03-03,"17.11.25 | Video -2 | LogOX 3-in-1 Forestry MultiTool | Text Variation - 1 LP - PDP",234.37,15113,316,4,984.54,4.20079362,0.74167722,2.09091511,15.50784093,https://www.thelogox.com/products/logox-3-in-1,2026-03-03,2026-03-03
2026-03-03,"Video | Site B | Austin  - 816341450512552",200.99,23048,241,,,,0.8339834,1.04564387,8.72049636,https://www.thelogox.com/pages/multitool?utm_source=ABM,2026-03-03,2026-03-03
2026-03-03,"Vid FB1 937590858387610",23,1637,17,,,,1.35294118,1.03848503,14.05009163,https://www.thelogox.com/pages/multitool,2026-03-03,2026-03-03
2026-03-03,"Video | Site B | Austin  - 711679707645394",41.1,5183,63,,,,0.65238095,1.21551225,7.9297704,https://www.thelogox.com/pages/multitool?utm_source=ABM,2026-03-03,2026-03-03
2026-03-03,"3-in-1 Forestry MultiTool Static",16.95,1999,8,1,289,17.05014749,2.11875,0.4002001,8.47923962,https://www.thelogox.com/pages/multitool,2026-03-03,2026-03-03
2026-03-03,"25.02.26 |  Static - 8 | CarryOX Gear Bag | Text Variation - 1 | LP : PDP",5.89,676,19,,,,0.31,2.81065089,8.71301775,https://www.thelogox.com/products/carryox-gear-bag,2026-03-03,2026-03-03
2026-03-03,"25.02.26 |  Static - 9 | The Fireside Bundle | Text Variation - 1 | LP : PDP",31.24,2402,18,,,,1.73555556,0.74937552,13.00582848,https://www.thelogox.com/products/fireside-bundle,2026-03-03,2026-03-03
2026-03-03,"02.03.26 | Video -1 | WoodOX Sling | Text Variation - 1 | LP : Amazon LP",13.61,1561,15,,,,0.90733333,0.96092249,8.71877002,https://www.amazon.ca/LogOx-LOX-8141-Ultimate-Firewood-Kindling/dp/B07PNRLQ26?maas=%5B%E2%80%A6%5D036BBDA00191F27CF6DBB98EA3F4E92_afap_abs&ref_=aa_maas&tag=maas,2026-03-03,2026-03-03
2026-03-03,"25.02.26 |  Static - 10 | CarryOX Gear Bag | Text Variation - 1 | LP : PDP",21.17,2018,29,,,,0.73,1.4370664,10.49058474,https://www.thelogox.com/products/carryox-gear-bag,2026-03-03,2026-03-03
2026-03-03,"25.02.26 |  Video - 2 | LogOX_Hauler_video_revised | Text Variation - 1 | LP : PDP",4.92,972,2,,,,2.46,0.20576132,5.0617284,https://www.thelogox.com/products/logox-carrying-tool,2026-03-03,2026-03-03
2026-03-03,"25.02.26 |  Static - 8 | LogOX 3-in-1 Forestry MultiTool| Text Variation - 1 | LP : PDP",0.02,10,,,,,,,2,https://www.thelogox.com/products/logox-3-in-1,2026-03-03,2026-03-03
2026-03-03,"02.03.26 | Video - 3 | WoodOX Sling | Text Variation - 1,2 | LP - Amazon LP",0.06,10,,,,,,,6,https://www.amazon.ca/LogOx-LOX-8141-Ultimate-Firewood-Kindling/dp/B07PNRLQ26?maas=%5B%E2%80%A6%5D036BBDA00191F27CF6DBB98EA3F4E92_afap_abs&ref_=aa_maas&tag=maas,2026-03-03,2026-03-03
2026-03-03,"02.03.26 | Video - 4 | WoodOX Sling | Text Variation - 1 | LP - Amazon LP",1.07,89,1,,,,1.07,1.12359551,12.02247191,https://www.amazon.ca/LogOx-LOX-8141-Ultimate-Firewood-Kindling/dp/B07PNRLQ26?maas=%5B%E2%80%A6%5D036BBDA00191F27CF6DBB98EA3F4E92_afap_abs&ref_=aa_maas&tag=maas,2026-03-03,2026-03-03
2026-03-03,"02.03.26 | Video - 2 | WoodOX Sling | Text Variation - 1 | LP : Amazon LP",0,3,,,,,,,0,https://www.amazon.ca/LogOx-LOX-8141-Ultimate-Firewood-Kindling/dp/B07PNRLQ26?maas=%5B%E2%80%A6%5D036BBDA00191F27CF6DBB98EA3F4E92_afap_abs&ref_=aa_maas&tag=maas,2026-03-03,2026-03-03
2026-03-03,"25.02.26 |  Video - 4 | LogOX_Dan-D-Lift_1to1_revised | Text Variation - 1 | LP : PDP",15.33,3503,48,4,,,0.319375,1.37025407,4.37624893,https://www.thelogox.com/products/timberox-ddl,2026-03-03,2026-03-03
2026-03-03,"25.02.26 | Video - 1 | LogOX_Dan-D-Lift_video_revised | Text Variation - 1 | LP : PDP",7.89,1923,24,,,,0.32875,1.24804992,4.10296412,https://www.thelogox.com/products/timberox-ddl,2026-03-03,2026-03-03
2026-03-03,"25.02.26 | Video - 5 | LogOX_Hauler_podcast_revised | Text Variation - 1 | LP : PDP",15.13,3720,20,,,,0.7565,0.53763441,4.0672043,https://www.thelogox.com/products/logox-carrying-tool,2026-03-03,2026-03-03
2026-03-03,"03.03.26 | B6.V3 | LogOX Hauler | Text Variation - 1 | LP : LogOX Hauler",0.09,16,1,,,,0.09,6.25,5.625,https://www.thelogox.com/products/logox-carrying-tool,2026-03-03,2026-03-03
2026-03-03,"25.02.26 |  Static -1 | LogOX 3-in-1 Forestry MultiTool| Text Variation - 1 | LP : PDP",0.07,5,,,,,,,14,https://www.thelogox.com/products/logox-3-in-1,2026-03-03,2026-03-03
2026-03-03,"25.02.26 |  Static - 6 | LogOX 3-in-1 Forestry MultiTool| Text Variation - 1 | LP : PDP",2.35,203,2,,,,1.175,0.98522167,11.57635468,https://www.thelogox.com/products/logox-3-in-1,2026-03-03,2026-03-03
2026-03-03,"25.02.26 | Video - 6 | LogOX_3-in-1tool_podcast_revised | Text Variation - 1 | LP : PDP",18.16,4021,13,,,,1.39692308,0.32330266,4.51628948,https://www.thelogox.com/products/logox-3-in-1,2026-03-03,2026-03-03
2026-03-03,"25.02.26 |  Video - 3 | LogOX_3-in-1tool_video_revised | Text Variation - 1 | LP : PDP",13.11,2855,11,,,,1.19181818,0.38528897,4.59194396,https://www.thelogox.com/products/logox-3-in-1,2026-03-03,2026-03-03
2026-03-03,"25.02.26 |  Static - 4 | LogOX 3-in-1 Forestry MultiTool| Text Variation - 1 | LP : PDP",0.02,2,,,,,,,10,https://www.thelogox.com/products/logox-3-in-1,2026-03-03,2026-03-03
2026-03-03,"25.02.26 |  Static - 5 | LogOX 3-in-1 Forestry MultiTool| Text Variation - 1 | LP : PDP",0.04,8,,,,,,,5,https://www.thelogox.com/products/logox-3-in-1,2026-03-03,2026-03-03
2026-03-03,"25.02.26 |  Static - 3 | LogOX 3-in-1 Forestry MultiTool| Text Variation - 1 | LP : PDP",59.06,5667,29,1,185,3.13240772,2.03655172,0.5117346,10.4217399,https://www.thelogox.com/products/logox-3-in-1,2026-03-03,2026-03-03
2026-03-03,"25.02.26 |  Static - 2 | LogOX 3-in-1 Forestry MultiTool| Text Variation - 1 | LP : PDP",0.14,15,,,,,,,9.33333333,https://www.thelogox.com/products/logox-3-in-1,2026-03-03,2026-03-03
2026-03-02,"06.01.26 | B4.V4 | LogOX 3-in-1 Forestry MultiTool | Text Variation - 1 | LP : PDP",28.6,1951,31,,,,0.92258065,1.58892875,14.65914915,https://www.thelogox.com/products/logox-3-in-1,2026-03-02,2026-03-02
2026-03-02,"17.11.25 | Video - 6 | TimberOX Summit 30-Ton | Text Variation - 3 | LP - PDP",1.53,110,2,,,,0.765,1.81818182,13.90909091,https://www.thelogox.com/products/timberox,2026-03-02,2026-03-02
2026-03-02,"Video | Site B | Austin  - 816341450512552",0.02,1,,,,,,,20,https://www.thelogox.com/pages/multitool?utm_source=ABM,2026-03-02,2026-03-02
2026-03-02,"19.01.26 | LOGOX V1 | Hearth Bin Adjustable Firewood Rack | Text Variation - 1 | LP : PDP",0.36,12,2,,,,0.18,16.66666667,30,https://www.thelogox.com/products/logox-firewood-hearth-bin,2026-03-02,2026-03-02
2026-03-02,"06.01.26 | B6.V2 | Forester Package | Text Variation - 1 | LP : Forester Package",55.41,6035,89,1,289,5.21566504,0.62258427,1.47473074,9.18144159,https://www.thelogox.com/products/forester-package,2026-03-02,2026-03-02
2026-03-02,"06.01.26 | B6.V1 | Forester Package | Text Variation - 1 | LP : Forester Package",24.84,2117,13,,,,1.91076923,0.61407652,11.73358526,https://www.thelogox.com/products/forester-package,2026-03-02,2026-03-02
2026-03-02,"06.01.26 | B6.V3 | Forester Package | Text Variation - 1 | LP : Forester Package",105.72,13134,133,1,908.65,8.59487325,0.79488722,1.01263895,8.0493376,https://www.thelogox.com/products/forester-package,2026-03-02,2026-03-02
2026-03-02,"17.11.25 | Video -2 | LogOX 3-in-1 Forestry MultiTool | Text Variation - 1 LP - PDP",210.42,12878,298,1,175.5,0.83404619,0.70610738,2.31402392,16.33949371,https://www.thelogox.com/products/logox-3-in-1,2026-03-02,2026-03-02
2026-03-02,"09.12.25 | Video -2 | LogOX 3-in-1 Forestry MultiTool | Text Variation - 1 LP : Multitool PDP",158.33,10077,115,4,1146,7.23804712,1.37678261,1.14121266,15.71201747,https://www.thelogox.com/pages/multitool,2026-03-02,2026-03-02
2026-03-02,"09.12.25 | Video - 3 | LogOX 3-in-1 Forestry MultiTool | Text Variation - 2 | LP - Multitool PDP",29.05,1114,12,,,,2.42083333,1.07719928,26.07719928,https://www.thelogox.com/pages/multitool,2026-03-02,2026-03-02
2026-03-02,"17.11.25 | Video - 3 | LogOX 3-in-1 Forestry MultiTool | Text Variation - 2 | LP - PDP",32.56,2668,33,,,,0.98666667,1.23688156,12.20389805,https://www.thelogox.com/products/logox-3-in-1,2026-03-02,2026-03-02
2026-03-02,"Video | Site B | Austin  - 816341450512552",184.17,22358,225,,,,0.81853333,1.00635119,8.23731997,https://www.thelogox.com/pages/multitool?utm_source=ABM,2026-03-02,2026-03-02
2026-03-02,"Vid FB1 937590858387610",22.4,1788,19,,,,1.17894737,1.06263982,12.52796421,https://www.thelogox.com/pages/multitool,2026-03-02,2026-03-02
2026-03-02,"Video | Site B | Austin  - 711679707645394",49.83,6466,89,,,,0.55988764,1.37643056,7.70646458,https://www.thelogox.com/pages/multitool?utm_source=ABM,2026-03-02,2026-03-02
2026-03-02,"25.02.26 |  Static - 9 | The Fireside Bundle | Text Variation - 1 | LP : PDP",30.33,2743,8,,,,3.79125,0.29165148,11.0572366,https://www.thelogox.com/products/fireside-bundle,2026-03-02,2026-03-02
2026-03-02,"06.01.26 | B6.V3 | Forester Package | Text Variation - 1 | LP : Forester Package",0,1,,,,,,,0,https://www.thelogox.com/products/forester-package,2026-03-02,2026-03-02
2026-03-02,"Vid YT4 937590921720937",7.73,940,13,,,,0.59461538,1.38297872,8.22340426,https://www.thelogox.com/pages/multitool,2026-03-02,2026-03-02
2026-03-02,"25.02.26 |  Static - 8 | CarryOX Gear Bag | Text Variation - 1 | LP : PDP",10.64,1057,6,,,,1.77333333,0.56764428,10.06622517,https://www.thelogox.com/products/carryox-gear-bag,2026-03-02,2026-03-02
2026-03-02,"25.02.26 | Video - 5 | LogOX_Hauler_podcast_revised | Text Variation - 1 | LP : PDP",18.52,3153,14,,,,1.32285714,0.44402157,5.87377101,https://www.thelogox.com/products/logox-carrying-tool,2026-03-02,2026-03-02
2026-03-02,"02.03.26 | Video -1 | WoodOX Sling | Text Variation - 1 | LP : Amazon LP",20.6,2034,43,,,,0.47906977,2.11406096,10.12782694,https://www.amazon.ca/LogOx-LOX-8141-Ultimate-Firewood-Kindling/dp/B07PNRLQ26?maas=%5B%E2%80%A6%5D036BBDA00191F27CF6DBB98EA3F4E92_afap_abs&ref_=aa_maas&tag=maas,2026-03-02,2026-03-02
2026-03-02,"02.03.26 | Video - 3 | WoodOX Sling | Text Variation - 1,2 | LP - Amazon LP",0.3,20,,,,,,,15,https://www.amazon.ca/LogOx-LOX-8141-Ultimate-Firewood-Kindling/dp/B07PNRLQ26?maas=%5B%E2%80%A6%5D036BBDA00191F27CF6DBB98EA3F4E92_afap_abs&ref_=aa_maas&tag=maas,2026-03-02,2026-03-02
2026-03-02,"02.03.26 | Video - 4 | WoodOX Sling | Text Variation - 1 | LP - Amazon LP",12.65,1292,11,,,,1.15,0.85139319,9.79102167,https://www.amazon.ca/LogOx-LOX-8141-Ultimate-Firewood-Kindling/dp/B07PNRLQ26?maas=%5B%E2%80%A6%5D036BBDA00191F27CF6DBB98EA3F4E92_afap_abs&ref_=aa_maas&tag=maas,2026-03-02,2026-03-02
2026-03-02,"02.03.26 | Video - 2 | WoodOX Sling | Text Variation - 1 | LP : Amazon LP",4.47,517,2,,,,2.235,0.3868472,8.64603482,https://www.amazon.ca/LogOx-LOX-8141-Ultimate-Firewood-Kindling/dp/B07PNRLQ26?maas=%5B%E2%80%A6%5D036BBDA00191F27CF6DBB98EA3F4E92_afap_abs&ref_=aa_maas&tag=maas,2026-03-02,2026-03-02
2026-03-02,"25.02.26 |  Video - 4 | LogOX_Dan-D-Lift_1to1_revised | Text Variation - 1 | LP : PDP",20.22,2663,44,,,,0.45954545,1.65227187,7.59294029,https://www.thelogox.com/products/timberox-ddl,2026-03-02,2026-03-02
2026-03-02,"25.02.26 | Video - 1 | LogOX_Dan-D-Lift_video_revised | Text Variation - 1 | LP : PDP",4.5,973,12,,,,0.375,1.23329908,4.62487153,https://www.thelogox.com/products/timberox-ddl,2026-03-02,2026-03-02
2026-03-02,"25.02.26 |  Video - 2 | LogOX_Hauler_video_revised | Text Variation - 1 | LP : PDP",3.68,589,6,,,,0.61333333,1.01867572,6.24787776,https://www.thelogox.com/products/logox-carrying-tool,2026-03-02,2026-03-02
2026-03-02,"25.02.26 |  Static - 10 | CarryOX Gear Bag | Text Variation - 1 | LP : PDP",14.55,1326,19,,,,0.76578947,1.43288084,10.97285068,https://www.thelogox.com/products/carryox-gear-bag,2026-03-02,2026-03-02
2026-03-02,"25.02.26 |  Static -1 | LogOX 3-in-1 Forestry MultiTool| Text Variation - 1 | LP : PDP",0.27,28,,,,,,,9.64285714,https://www.thelogox.com/products/logox-3-in-1,2026-03-02,2026-03-02
2026-03-02,"25.02.26 |  Static - 6 | LogOX 3-in-1 Forestry MultiTool| Text Variation - 1 | LP : PDP",2.52,222,2,,,,1.26,0.9009009,11.35135135,https://www.thelogox.com/products/logox-3-in-1,2026-03-02,2026-03-02
2026-03-02,"25.02.26 | Video - 6 | LogOX_3-in-1tool_podcast_revised | Text Variation - 1 | LP : PDP",19.03,2476,17,,,,1.11941176,0.68659128,7.68578352,https://www.thelogox.com/products/logox-3-in-1,2026-03-02,2026-03-02
2026-03-02,"25.02.26 |  Video - 3 | LogOX_3-in-1tool_video_revised | Text Variation - 1 | LP : PDP",16.49,3794,18,,,,0.91611111,0.47443332,4.34633632,https://www.thelogox.com/products/logox-3-in-1,2026-03-02,2026-03-02
2026-03-02,"25.02.26 |  Static - 3 | LogOX 3-in-1 Forestry MultiTool| Text Variation - 1 | LP : PDP",53.34,5079,27,,,,1.97555556,0.53160071,10.50206734,https://www.thelogox.com/products/logox-3-in-1,2026-03-02,2026-03-02
2026-03-02,"25.02.26 | Static - 7 | LogOX 3-in-1 Forestry MultiTool | Text Variation - 1 | LP : PDP",0.06,11,,,,,,,5.45454545,https://www.thelogox.com/products/logox-3-in-1,2026-03-02,2026-03-02
2026-03-02,"3-in-1 Forestry MultiTool Static",19.18,2591,16,,,,1.19875,0.61752219,7.40254728,https://www.thelogox.com/pages/multitool,2026-03-02,2026-03-02
