Start Date,End Date,Portfolio name,Currency,Campaign Name,Country,Ad Group Name,Retailer,Targeting,Match Type,Impressions,Top-of-search impression share,Clicks,Click-through rate (CTR),Cost per click (CPC),Spend,Total Advertising Cost of Sales (ACOS) ,Total Return on Advertising Spend (ROAS),7 Day Total Sales,7 Day Total Orders (#),7 Day Total Units (#),7 Day Conversion Rate,7 Day Advertised SKU Units (#),7 Day Other SKU Units (#),7 Day Advertised SKU Sales,7 Day Other SKU Sales
"Feb 01, 2026","Mar 19, 2026",Jars,USD,NM - Pineapple Salt - Auto - Close - MDF - Jars - Aug 2024,United States,NM - Jars - Auto - Close,Amazon,close-match,-,122,0.9200%,8,6.5574%,1,11,,0.00,0,0,0,0.0000%,0,0,0,0
"Feb 01, 2026","Mar 18, 2026",Jars,USD,NM - SP - BMM - MDF - Offense - Electrolytes KWs - Jars,United States,NM - SP - Jars - BMM - Electrolytes KWs,Amazon,+electrolytes,BROAD,648,0.0100%,1,0.1543%,1,1,,0.00,0,0,0,0.0000%,0,0,0,0
"Feb 05, 2026","Feb 24, 2026",Jars,USD,NM - SP - BMM - MDF - Offense - Electrolytes KWs - Jars,United States,NM - SP - Jars - BMM - Electrolytes KWs,Amazon,+electrolyte +drink,BROAD,2,3.8500%,0,0.0000%,0,0,,,0,0,0,,0,0,0,0
"Feb 25, 2026","Mar 17, 2026",Jars,USD,NM - SP - BMM - MDF - Offense - Electrolytes KWs - Jars,United States,NM - SP - Jars - BMM - Electrolytes KWs,Amazon,+hydrate +electrolyte +powder,BROAD,4,0.0000%,0,0.0000%,0,0,,,0,0,0,,0,0,0,0
"Feb 10, 2026","Mar 15, 2026",Jars,USD,NM - SP - BMM - MDF - Offense - Electrolytes KWs - Jars,United States,NM - SP - Jars - BMM - Electrolytes KWs,Amazon,+electrolytes +drinks,BROAD,4,0.0000%,0,0.0000%,0,0,,,0,0,0,,0,0,0,0
"Mar 02, 2026","Mar 18, 2026",Multi,USD,NM - SP - MMT - Branded - MDF - Multi - Jars,United States,NM - SP - Jars - MMT - Branded - Up Down,Amazon,harlo,PHRASE,6,10.6400%,0,0.0000%,0,0,,,0,0,0,,0,0,0,0
"Feb 02, 2026","Feb 10, 2026",Multi,USD,NM - SP - MMT - Branded - MDF - Multi - Jars,United States,NM - SP - Jars - MMT - Branded - Up Down,Amazon,harlo,EXACT,0,,0,,0,0,,,0,0,0,,0,0,0,0
"Feb 08, 2026","Mar 19, 2026",Multi,USD,NM - SP - MMT - Branded - MDF - Multi - Jars,United States,NM - SP - Jars - MMT - Branded - Up Down,Amazon,harlo electrolytes,EXACT,9690,54.7000%,265,2.7348%,2,617,16.1203%,6.20,3829,92,96,34.7170%,56,40,2353,1476
"Feb 14, 2026","Feb 23, 2026",Multi,USD,NM - SP - MMT - Branded - MDF - Multi - Jars,United States,NM - SP - Jars - MMT - Branded - Up Down,Amazon,harlo electrolytes creatine,PHRASE,75,40.0000%,4,5.3333%,4,16,,0.00,0,0,0,0.0000%,0,0,0,0
"Mar 07, 2026","Mar 10, 2026",Multi,USD,NM - SP - MMT - Branded - MDF - Multi - Jars,United States,NM - SP - Jars - MMT - Branded - Up Down,Amazon,harlo electrolytes creatine,EXACT,5,100.0000%,0,0.0000%,0,0,,,0,0,0,,0,0,0,0
"Feb 13, 2026","Feb 20, 2026",Multi,USD,NM - SP - MMT - Branded - MDF - Multi - Jars,United States,NM - SP - Jars - MMT - Branded - Up Down,Amazon,harlo supplement,PHRASE,12,63.6400%,1,8.3333%,0,0,,0.00,0,0,0,0.0000%,0,0,0,0
"Mar 04, 2026","Mar 18, 2026",Multi,USD,NM - SP - MMT - Branded - MDF - Multi - Jars,United States,NM - SP - Jars - MMT - Branded - Up Down,Amazon,harlo raspberry,PHRASE,204,0.0000%,4,1.9608%,4,16,,0.00,0,0,0,0.0000%,0,0,0,0
"Feb 05, 2026","Mar 16, 2026",Multi,USD,NM - SP - MMT - Branded - MDF - Multi - Jars,United States,NM - SP - Jars - MMT - Branded - Up Down,Amazon,harlo raspberry,EXACT,55,44.4400%,0,0.0000%,0,0,,,0,0,0,,0,0,0,0
"Feb 13, 2026","Mar 18, 2026",Multi,USD,NM - SP - MMT - Branded - MDF - Multi - Jars,United States,NM - SP - Jars - MMT - Branded - Up Down,Amazon,harlo drink mix,EXACT,197,76.0000%,2,1.0152%,2,4,,0.00,0,0,0,0.0000%,0,0,0,0
"Feb 01, 2026","Mar 19, 2026",Multi,USD,NM - SP - MMT - Branded - MDF - Multi - Jars,United States,NM - SP - Jars - MMT - Branded - Up Down,Amazon,+harlo,BROAD,6966,41.8700%,200,2.8711%,2,316,10.4209%,9.60,3035,73,78,36.5000%,46,32,1969,1066
"Feb 10, 2026","Feb 10, 2026",Jars,USD,NM - SP - Watermelon Salt - BMM - Offense - LMNT - Jars - Aug 2024,United States,NM - SP - Jars - BMM - Offense - LMNT - Up Down,Amazon,+lmnt +electrolytes,BROAD,1,0.0000%,0,0.0000%,0,0,,,0,0,0,,0,0,0,0
"Feb 02, 2026","Feb 02, 2026",Jars,USD,NM - SP - Watermelon Salt - BMM - Offense - LMNT - Jars - Aug 2024,United States,NM - SP - Jars - BMM - Offense - LMNT - Up Down,Amazon,+lmnt +electrolyte +drink +mix,BROAD,1,0.0000%,0,0.0000%,0,0,,,0,0,0,,0,0,0,0
"Feb 01, 2026","Mar 14, 2026",Jars,USD,NM - SP - Watermelon Salt - BMM - Offense - LMNT - Jars - Aug 2024,United States,NM - SP - Jars - BMM - Offense - LMNT - Up Down,Amazon,+lmnt +electrolytes +unflavored,BROAD,78,0.0000%,0,0.0000%,0,0,,,0,0,0,,0,0,0,0
"Feb 10, 2026","Feb 10, 2026",Jars,USD,NM - SP - Watermelon Salt - BMM - Offense - LMNT - Jars - Aug 2024,United States,NM - SP - Jars - BMM - Offense - LMNT - Up Down,Amazon,+lmnt +unflavored,BROAD,1,0.0000%,0,0.0000%,0,0,,,0,0,0,,0,0,0,0
"Feb 28, 2026","Feb 28, 2026",Jars,USD,NM - SP - Exact - MDF - Offense - Jars - Aug 2024,United States,NM - SP - Jars - Exact - Creatine KWs - Up Down,Amazon,creatine monohydrate gnc,EXACT,3,0.0000%,0,0.0000%,0,0,,,0,0,0,,0,0,0,0
"Feb 01, 2026","Mar 16, 2026",Jars,USD,NM - SP - Citrus Salt - Auto - Close - Offense - Jars - Oct 2024,United States,NM - Jars - Citrus Salt - Auto - Close - Oct 2024 - Up down,Amazon,close-match,-,4,0.0000%,0,0.0000%,0,0,,,0,0,0,,0,0,0,0
"Feb 02, 2026","Mar 17, 2026",Jars,USD,NM - SP - Citrus Salt - Exact - MDF - Offense - Harvest - Jars - Oct 2024,United States,NM - Jars - Citrus Salt - Exact - Harvest - Oct 2024,Amazon,creatine and collagen for women,EXACT,4,0.6700%,0,0.0000%,0,0,,,0,0,0,,0,0,0,0
"Feb 01, 2026","Mar 16, 2026",Jars,USD,NM - SP - Citrus Salt - Exact - MDF - Offense - Harvest - Jars - Oct 2024,United States,NM - Jars - Citrus Salt - Exact - Harvest - Oct 2024,Amazon,creatine collagen electrolytes,EXACT,124,23.1900%,6,4.8387%,5,30,303.4171%,0.33,10,1,1,16.6667%,0,1,0,10
"Feb 04, 2026","Mar 09, 2026",Jars,USD,NM - SP - Citrus Salt - Exact - MDF - Offense - Harvest - Jars - Oct 2024,United States,NM - Jars - Citrus Salt - Exact - Harvest - Oct 2024,Amazon,creatine collagen magnesium,EXACT,4,27.5000%,1,25.0000%,5,5,,0.00,0,0,0,0.0000%,0,0,0,0
"Feb 01, 2026","Mar 17, 2026",Jars,USD,NM - SP - Citrus Salt - Exact - MDF - Offense - Harvest - Jars - Oct 2024,United States,NM - Jars - Citrus Salt - Exact - Harvest - Oct 2024,Amazon,creatine plus electrolytes,EXACT,14,3.3800%,0,0.0000%,0,0,,,0,0,0,,0,0,0,0
"Feb 20, 2026","Feb 21, 2026",Jars,USD,NM - SP - Citrus Salt - Exact - MDF - Offense - Harvest - Jars - Oct 2024,United States,NM - Jars - Citrus Salt - Exact - Harvest - Oct 2024,Amazon,creatine powder flavored for men,EXACT,3,0.0000%,0,0.0000%,0,0,,,0,0,0,,0,0,0,0
"Feb 05, 2026","Mar 17, 2026",Jars,USD,NM - SP - Citrus Salt - Exact - MDF - Offense - Harvest - Jars - Oct 2024,United States,NM - Jars - Citrus Salt - Exact - Harvest - Oct 2024,Amazon,creatine with electrolytes,EXACT,5,0.0000%,0,0.0000%,0,0,,,0,0,0,,0,0,0,0
"Feb 01, 2026","Mar 15, 2026",Jars,USD,NM - SP - Citrus Salt - Exact - MDF - Offense - Harvest - Jars - Oct 2024,United States,NM - Jars - Citrus Salt - Exact - Harvest - Oct 2024,Amazon,electrolyte powder unflavored,EXACT,7,0.0000%,0,0.0000%,0,0,,,0,0,0,,0,0,0,0
"Feb 05, 2026","Feb 07, 2026",Jars,USD,NM - SP - Citrus Salt - Exact - MDF - Offense - Harvest - Jars - Oct 2024,United States,NM - Jars - Citrus Salt - Exact - Harvest - Oct 2024,Amazon,electrolytes and creatine powder,EXACT,7,30.4300%,3,42.8571%,8,23,,0.00,0,0,0,0.0000%,0,0,0,0
"Feb 11, 2026","Mar 17, 2026",Jars,USD,NM - SP - Citrus Salt - Exact - MDF - Offense - Harvest - Jars - Oct 2024,United States,NM - Jars - Citrus Salt - Exact - Harvest - Oct 2024,Amazon,electrolytes collagen creatine,EXACT,11,21.8800%,3,27.2727%,4,11,,0.00,0,0,0,0.0000%,0,0,0,0
"Feb 24, 2026","Mar 18, 2026",Jars,USD,NM - SP - Citrus Salt - Exact - MDF - Offense - Harvest - Jars - Oct 2024,United States,NM - Jars - Citrus Salt - Exact - Harvest - Oct 2024,Amazon,electrolytes powder creatine,EXACT,16,4.6900%,0,0.0000%,0,0,,,0,0,0,,0,0,0,0
"Feb 02, 2026","Mar 18, 2026",Jars,USD,NM - SP - Citrus Salt - BMM - Offense - Jars - Aug 2024,United States,NM - Jars - Auto - BMM,Amazon,+collagen +electrolytes,BROAD,26,16.3300%,0,0.0000%,0,0,,,0,0,0,,0,0,0,0
"Feb 01, 2026","Mar 18, 2026",Jars,USD,NM - SP - Citrus Salt - BMM - Offense - Jars - Aug 2024,United States,NM - Jars - Auto - BMM,Amazon,+creatine +collagen,BROAD,95,4.5400%,2,2.1053%,4,7,,0.00,0,0,0,0.0000%,0,0,0,0
"Feb 01, 2026","Mar 17, 2026",Jars,USD,NM - SP - Citrus Salt - BMM - Offense - Jars - Aug 2024,United States,NM - Jars - Auto - BMM,Amazon,+creatine +collagen +electrolytes,BROAD,56,28.6500%,3,5.3571%,4,12,26.3404%,3.80,45,1,1,33.3333%,0,1,0,45
"Mar 07, 2026","Mar 07, 2026",Jars,USD,NM - SP - Citrus Salt - BMM - Offense - Jars - Aug 2024,United States,NM - Jars - Auto - BMM,Amazon,+creatine +collagen +magnesium,BROAD,0,25.0000%,0,,0,0,,,0,0,0,,0,0,0,0
"Feb 01, 2026","Mar 18, 2026",Jars,USD,NM - SP - Citrus Salt - BMM - Offense - Jars - Aug 2024,United States,NM - Jars - Auto - BMM,Amazon,+creatine +women,BROAD,68,0.0000%,0,0.0000%,0,0,,,0,0,0,,0,0,0,0
"Feb 01, 2026","Mar 05, 2026",Jars,USD,NM - SP - Citrus Salt - BMM - Offense - Jars - Aug 2024,United States,NM - Jars - Auto - BMM,Amazon,+creatine +monohydrate +gnc,BROAD,1001,0.1700%,0,0.0000%,0,0,,,0,0,0,,0,0,0,0
"Feb 03, 2026","Mar 14, 2026",Jars,USD,NM - SP - Citrus Salt - BMM - Offense - Jars - Aug 2024,United States,NM - Jars - Auto - BMM,Amazon,+creatine +monohydrate +with +collagen,BROAD,2,16.6700%,0,0.0000%,0,0,,,0,0,0,,0,0,0,0
"Feb 01, 2026","Mar 05, 2026",Jars,USD,NM - SP - Citrus Salt - BMM - Offense - Jars - Aug 2024,United States,NM - Jars - Auto - BMM,Amazon,+creatine +plus +electrolytes,BROAD,18,13.4100%,0,0.0000%,0,0,,,0,0,0,,0,0,0,0
"Feb 01, 2026","Feb 27, 2026",Jars,USD,NM - SP - Citrus Salt - BMM - Offense - Jars - Aug 2024,United States,NM - Jars - Auto - BMM,Amazon,+creatine +powder +flavored +for +men,BROAD,457,12.5000%,0,0.0000%,0,0,,,0,0,0,,0,0,0,0
"Feb 01, 2026","Mar 18, 2026",Jars,USD,NM - SP - Citrus Salt - BMM - Offense - Jars - Aug 2024,United States,NM - Jars - Auto - BMM,Amazon,+creatine +electrolytes,BROAD,68,18.0000%,2,2.9412%,3,6,,0.00,0,0,0,0.0000%,0,0,0,0
"Feb 08, 2026","Mar 17, 2026",Jars,USD,NM - SP - Citrus Salt - BMM - Offense - Jars - Aug 2024,United States,NM - Jars - Auto - BMM,Amazon,+electrolytes +creatine +powder,BROAD,110,25.2500%,12,10.9091%,6,74,223.4901%,0.45,33,1,1,8.3333%,1,0,33,0
"Feb 01, 2026","Mar 18, 2026",Jars,USD,NM - SP - Citrus Salt - BMM - Offense - Jars - Aug 2024,United States,NM - Jars - Auto - BMM,Amazon,+electrolytes +powder,BROAD,329,0.3000%,0,0.0000%,0,0,,,0,0,0,,0,0,0,0
"Feb 01, 2026","Mar 13, 2026",Jars,USD,NM - SP - Citrus Salt - BMM - Offense - Jars - Aug 2024,United States,NM - Jars - Auto - BMM,Amazon,+electrolytes +powder +creatine,BROAD,311,24.5500%,11,3.5370%,6,62,187.2231%,0.53,33,1,1,9.0909%,0,1,0,33
"Feb 02, 2026","Feb 16, 2026",Jars,USD,NM - SP - Citrus Salt - BMM - Offense - Jars - Aug 2024,United States,NM - Jars - Auto - BMM,Amazon,+element +electrolytes,BROAD,12,2.7800%,0,0.0000%,0,0,,,0,0,0,,0,0,0,0
"Feb 02, 2026","Feb 02, 2026",Multi,USD,NM - SP - PT - Defence - MDF - Jan 2025 - Multi,United States,NM - SP - PT - Defence - B0D6L1PNZY - Jan 2025,Amazon,"asin=""B0D6L1PNZY""",-,1,50.0000%,0,0.0000%,0,0,,,0,0,0,,0,0,0,0
"Mar 05, 2026","Mar 17, 2026",Multi,USD,NM - SP - PT - Defence - MDF - Jan 2025 - Multi,United States,NM - SP - PT - Defence - B0D6L2RZNH - Jan 2025,Amazon,"asin=""B0D6L2RZNH""",-,4,11.1100%,0,0.0000%,0,0,,,0,0,0,,0,0,0,0
"Mar 10, 2026","Mar 10, 2026",Multi,USD,NM - SP - PT - Defence - MDF - Jan 2025 - Multi,United States,NM - SP - PT - Defence - B0D6L3BFJ8 - Jan 2025,Amazon,"asin=""B0D6L3BFJ8""",-,0,,0,,0,0,,,0,0,0,,0,0,0,0
"Feb 11, 2026","Mar 16, 2026",Multi,USD,NM - SP - PT - Defence - MDF - Jan 2025 - Multi,United States,NM - SP - PT - Defence - B0DJ3J2CKX - Jan 2025,Amazon,"asin=""B0DJ3J2CKX""",-,19,38.4600%,0,0.0000%,0,0,,,0,0,0,,0,0,0,0
"Mar 01, 2026","Mar 17, 2026",Multi,USD,NM - SP - PT - Defence - MDF - Jan 2025 - Multi,United States,NM - SP - PT - Defence - B0D6L13DBT - Jan 2025,Amazon,"asin=""B0D6L13DBT""",-,5,100.0000%,0,0.0000%,0,0,,,0,0,0,,0,0,0,0
"Feb 01, 2026","Mar 19, 2026",Multi,USD,NM - SP - PT - Defence - MDF - Jan 2025 - Multi,United States,NM - SP - PT - Defence - B0D6L2FPYW - Jan 2025,Amazon,"asin=""B0D6L2FPYW""",-,263,34.8500%,3,1.1407%,3,10,21.2903%,4.70,45,1,1,33.3333%,1,0,45,0
"Feb 02, 2026","Feb 02, 2026",Jars,USD,NM - SP - Citrus Salt - Exact - MDF - Offense - Harvest - Jars - Oct 2024,United States,NM - Jars - Citrus Salt - Exact - Harvest - Oct 2024,Amazon,collagen,EXACT,0,0.0000%,0,,0,0,,,0,0,0,,0,0,0,0
"Feb 02, 2026","Mar 11, 2026",Jars,USD,NM - SP - Citrus Salt - Exact - MDF - Offense - Harvest - Jars - Oct 2024,United States,NM - Jars - Citrus Salt - Exact - Harvest - Oct 2024,Amazon,flavored drink mix collagen,EXACT,0,80.0000%,0,,0,0,,,0,0,0,,0,0,0,0
"Feb 01, 2026","Mar 17, 2026",Jars,USD,NM - SP - Citrus Salt - Exact - MDF - Offense - Harvest - Jars - Oct 2024,United States,NM - Jars - Citrus Salt - Exact - Harvest - Oct 2024,Amazon,collagen creatine powder,EXACT,289,10.3400%,2,0.6920%,6,13,,0.00,0,0,0,0.0000%,0,0,0,0
"Feb 04, 2026","Mar 06, 2026",Jars,USD,NM - SP - Citrus Salt - Exact - MDF - Offense - Harvest - Jars - Oct 2024,United States,NM - Jars - Citrus Salt - Exact - Harvest - Oct 2024,Amazon,electrolytes no sugar no sweetener,EXACT,6,0.0000%,0,0.0000%,0,0,,,0,0,0,,0,0,0,0
"Feb 02, 2026","Feb 04, 2026",Jars,USD,NM - SP - Citrus Salt - Exact - MDF - Offense - Harvest - Jars - Oct 2024,United States,NM - Jars - Citrus Salt - Exact - Harvest - Oct 2024,Amazon,collagen creatine electrolyte packets,EXACT,2,18.1800%,0,0.0000%,0,0,,,0,0,0,,0,0,0,0
"Feb 01, 2026","Mar 18, 2026",Jars,USD,NM - SP - Citrus Salt - Exact - MDF - Offense - Harvest - Jars - Oct 2024,United States,NM - Jars - Citrus Salt - Exact - Harvest - Oct 2024,Amazon,pineapple powder,EXACT,158,0.0000%,0,0.0000%,0,0,,,0,0,0,,0,0,0,0
"Feb 03, 2026","Mar 10, 2026",Jars,USD,NM - SP - Citrus Salt - Exact - MDF - Offense - Harvest - Jars - Oct 2024,United States,NM - Jars - Citrus Salt - Exact - Harvest - Oct 2024,Amazon,electrolyte and collagen mix,EXACT,9,38.8900%,0,0.0000%,0,0,,,0,0,0,,0,0,0,0
"Feb 19, 2026","Feb 19, 2026",Jars,USD,NM - SP - Citrus Salt - Exact - MDF - Offense - Harvest - Jars - Oct 2024,United States,NM - Jars - Citrus Salt - Exact - Harvest - Oct 2024,Amazon,creapure creatine monohydrate collagen,EXACT,1,0.0000%,0,0.0000%,0,0,,,0,0,0,,0,0,0,0
"Feb 03, 2026","Feb 12, 2026",Jars,USD,NM - SP - Citrus Salt - Exact - MDF - Offense - Harvest - Jars - Oct 2024,United States,NM - Jars - Citrus Salt - Exact - Harvest - Oct 2024,Amazon,electrolytes collagen,EXACT,7,4.0900%,0,0.0000%,0,0,,,0,0,0,,0,0,0,0
"Feb 04, 2026","Mar 01, 2026",Jars,USD,NM - SP - Citrus Salt - Exact - MDF - Offense - Harvest - Jars - Oct 2024,United States,NM - Jars - Citrus Salt - Exact - Harvest - Oct 2024,Amazon,collagen and creatine for men,EXACT,1,11.1100%,0,0.0000%,0,0,,,0,0,0,,0,0,0,0
"Feb 01, 2026","Feb 19, 2026",Jars,USD,NM - SP - Citrus Salt - Exact - MDF - Offense - Harvest - Jars - Oct 2024,United States,NM - Jars - Citrus Salt - Exact - Harvest - Oct 2024,Amazon,creatine collagen blend,EXACT,2,20.0000%,0,0.0000%,0,0,,,0,0,0,,0,0,0,0
"Feb 02, 2026","Feb 02, 2026",Jars,USD,NM - SP - Citrus Salt - Exact - MDF - Offense - Harvest - Jars - Oct 2024,United States,NM - Jars - Citrus Salt - Exact - Harvest - Oct 2024,Amazon,collagen electrolytes creatine,EXACT,1,50.0000%,0,0.0000%,0,0,,,0,0,0,,0,0,0,0
"Feb 01, 2026","Mar 17, 2026",Jars,USD,NM - SP - Citrus Salt - Exact - MDF - Offense - Harvest - Jars - Oct 2024,United States,NM - Jars - Citrus Salt - Exact - Harvest - Oct 2024,Amazon,lmnt electrolytes,EXACT,82,0.0000%,0,0.0000%,0,0,,,0,0,0,,0,0,0,0
"Feb 20, 2026","Feb 20, 2026",Jars,USD,NM - SP - Citrus Salt - Exact - MDF - Offense - Harvest - Jars - Oct 2024,United States,NM - Jars - Citrus Salt - Exact - Harvest - Oct 2024,Amazon,grapefruit collagen,EXACT,2,,0,0.0000%,0,0,,,0,0,0,,0,0,0,0
"Feb 23, 2026","Feb 23, 2026",Jars,USD,NM - SP - Citrus Salt - Exact - MDF - Offense - Harvest - Jars - Oct 2024,United States,NM - Jars - Citrus Salt - Exact - Harvest - Oct 2024,Amazon,lmnt electrolyte drink mix,EXACT,1,0.0000%,0,0.0000%,0,0,,,0,0,0,,0,0,0,0
"Feb 01, 2026","Mar 18, 2026",Jars,USD,NM - SP - Citrus Salt - Exact - MDF - Offense - Harvest - Jars - Oct 2024,United States,NM - Jars - Citrus Salt - Exact - Harvest - Oct 2024,Amazon,creatine & collagen,EXACT,88,0.7300%,0,0.0000%,0,0,,,0,0,0,,0,0,0,0
"Feb 10, 2026","Mar 17, 2026",Jars,USD,NM - SP - Citrus Salt - Exact - MDF - Offense - Harvest - Jars - Oct 2024,United States,NM - Jars - Citrus Salt - Exact - Harvest - Oct 2024,Amazon,lmnt electrolyte powder citrus salt,EXACT,6,0.0000%,0,0.0000%,0,0,,,0,0,0,,0,0,0,0
"Feb 08, 2026","Feb 08, 2026",Jars,USD,NM - SP - Citrus Salt - Exact - MDF - Offense - Harvest - Jars - Oct 2024,United States,NM - Jars - Citrus Salt - Exact - Harvest - Oct 2024,Amazon,creatine electrolytes hcl,EXACT,2,50.0000%,0,0.0000%,0,0,,,0,0,0,,0,0,0,0
"Feb 03, 2026","Mar 18, 2026",Jars,USD,NM - SP - Citrus Salt - Exact - MDF - Offense - Harvest - Jars - Oct 2024,United States,NM - Jars - Citrus Salt - Exact - Harvest - Oct 2024,Amazon,lmnt raspberry salt,EXACT,44,0.0000%,0,0.0000%,0,0,,,0,0,0,,0,0,0,0
"Feb 01, 2026","Mar 14, 2026",Jars,USD,NM - SP - Citrus Salt - Exact - MDF - Offense - Harvest - Jars - Oct 2024,United States,NM - Jars - Citrus Salt - Exact - Harvest - Oct 2024,Amazon,creatine monohydrate electrolyte,EXACT,13,2.7000%,0,0.0000%,0,0,,,0,0,0,,0,0,0,0
"Feb 04, 2026","Mar 07, 2026",Jars,USD,NM - SP - Citrus Salt - Exact - MDF - Offense - Harvest - Jars - Oct 2024,United States,NM - Jars - Citrus Salt - Exact - Harvest - Oct 2024,Amazon,raspberry salt,EXACT,22,0.0000%,0,0.0000%,0,0,,,0,0,0,,0,0,0,0
"Feb 01, 2026","Mar 17, 2026",Jars,USD,NM - SP - Citrus Salt - Exact - MDF - Offense - Harvest - Jars - Oct 2024,United States,NM - Jars - Citrus Salt - Exact - Harvest - Oct 2024,Amazon,gym salt,EXACT,20,0.0000%,0,0.0000%,0,0,,,0,0,0,,0,0,0,0
"Feb 01, 2026","Mar 18, 2026",Jars,USD,NM - SP - Citrus Salt - Exact - MDF - Offense - Harvest - Jars - Oct 2024,United States,NM - Jars - Citrus Salt - Exact - Harvest - Oct 2024,Amazon,electrolyte creatine,EXACT,1105,19.0100%,30,2.7149%,6,185,108.1991%,0.92,171,5,5,16.6667%,2,3,78,93
"Feb 09, 2026","Mar 11, 2026",Jars,USD,NM - SP - Citrus Salt - Exact - MDF - Offense - Harvest - Jars - Oct 2024,United States,NM - Jars - Citrus Salt - Exact - Harvest - Oct 2024,Amazon,electrolytes pineapple,EXACT,18,2.2700%,0,0.0000%,0,0,,,0,0,0,,0,0,0,0
"Feb 03, 2026","Mar 17, 2026",Jars,USD,NM - SP - Citrus Salt - Exact - MDF - Offense - Harvest - Jars - Oct 2024,United States,NM - Jars - Citrus Salt - Exact - Harvest - Oct 2024,Amazon,creatine monohydrate and collagen,EXACT,1,7.6900%,0,0.0000%,0,0,,,0,0,0,,0,0,0,0
"Feb 11, 2026","Feb 12, 2026",Jars,USD,NM - SP - Citrus Salt - Exact - MDF - Offense - Harvest - Jars - Oct 2024,United States,NM - Jars - Citrus Salt - Exact - Harvest - Oct 2024,Amazon,electrolytes with creatine,EXACT,1,4.5500%,0,0.0000%,0,0,,,0,0,0,,0,0,0,0
"Feb 01, 2026","Mar 16, 2026",Jars,USD,NM - SP - Citrus Salt - Exact - MDF - Offense - Harvest - Jars - Oct 2024,United States,NM - Jars - Citrus Salt - Exact - Harvest - Oct 2024,Amazon,citrus salt,EXACT,123,6.6300%,3,2.4390%,4,11,,0.00,0,0,0,0.0000%,0,0,0,0
"Mar 07, 2026","Mar 07, 2026",Jars,USD,NM  - SP - Exact - MDF - Business - Raspberry Salt - Offense - Jars - Jan 2025,United States,NM  - SP - Exact - MDF - Offense - Jan 2025 - Multi,Amazon,creatine collagen electrolytes,EXACT,3,0.0000%,0,0.0000%,0,0,,,0,0,0,,0,0,0,0
"Feb 09, 2026","Mar 11, 2026",Jars,USD,NM  - SP - Exact - MDF - Business - Raspberry Salt - Offense - Jars - Jan 2025,United States,NM  - SP - Exact - MDF - Offense - Jan 2025 - Multi,Amazon,lmnt electrolytes,EXACT,3,0.0000%,0,0.0000%,0,0,,,0,0,0,,0,0,0,0
"Feb 01, 2026","Mar 03, 2026",Jars,USD,NM  - SP - Exact - MDF - Business - Raspberry Salt - Offense - Jars - Jan 2025,United States,NM  - SP - Exact - MDF - Offense - Jan 2025 - Multi,Amazon,creatine for women,EXACT,2,0.0000%,0,0.0000%,0,0,,,0,0,0,,0,0,0,0
"Feb 01, 2026","Mar 11, 2026",Jars,USD,NM  - SP - Exact - MDF - Business - Raspberry Salt - Offense - Jars - Jan 2025,United States,NM  - SP - Exact - MDF - Offense - Jan 2025 - Multi,Amazon,creatine electrolytes collagen,EXACT,18,36.0000%,5,27.7778%,2,12,26.2959%,3.80,45,1,1,20.0000%,0,1,0,45
"Feb 04, 2026","Mar 11, 2026",Jars,USD,NM  - SP - Exact - MDF - Business - Raspberry Salt - Offense - Jars - Jan 2025,United States,NM  - SP - Exact - MDF - Offense - Jan 2025 - Multi,Amazon,raspberry salt,EXACT,7,4.3500%,0,0.0000%,0,0,,,0,0,0,,0,0,0,0
"Mar 17, 2026","Mar 17, 2026",Jars,USD,NM  - SP - Exact - MDF - Business - Raspberry Salt - Offense - Jars - Jan 2025,United States,NM  - SP - Exact - MDF - Offense - Jan 2025 - Multi,Amazon,creatine & collagen,EXACT,0,,0,,0,0,,,0,0,0,,0,0,0,0
"Mar 09, 2026","Mar 12, 2026",Jars,USD,NM  - SP - Exact - MDF - Business - Raspberry Salt - Offense - Jars - Jan 2025,United States,NM  - SP - Exact - MDF - Offense - Jan 2025 - Multi,Amazon,hydrate electrolyte powder,EXACT,2,0.0000%,0,0.0000%,0,0,,,0,0,0,,0,0,0,0
"Feb 04, 2026","Feb 12, 2026",Jars,USD,NM  - SP - Exact - MDF - Business - Raspberry Salt - Offense - Jars - Jan 2025,United States,NM  - SP - Exact - MDF - Offense - Jan 2025 - Multi,Amazon,creatine monohydrate powder with collagen,EXACT,2,35.7100%,0,0.0000%,0,0,,,0,0,0,,0,0,0,0
"Feb 07, 2026","Mar 11, 2026",Jars,USD,NM  - SP - Exact - MDF - Business - Raspberry Salt - Offense - Jars - Jan 2025,United States,NM  - SP - Exact - MDF - Offense - Jan 2025 - Multi,Amazon,element electrolytes,EXACT,6,0.0000%,0,0.0000%,0,0,,,0,0,0,,0,0,0,0
"Feb 02, 2026","Mar 18, 2026",Jars,USD,NM - SP - Pineapple Salt - BMM - MDF - Collagen KWs - Offense - Jars - Mar 2025,United States,NM - SP - Jars - Pineapple Salt - BMM - Collagen KWs - Mar 2025,Amazon,+collagen +electrolytes,BROAD,20,5.6300%,2,10.0000%,1,2,5.4727%,18.27,45,1,1,50.0000%,0,1,0,45
"Feb 01, 2026","Mar 14, 2026",Jars,USD,NM - SP - Pineapple Salt - BMM - MDF - Collagen KWs - Offense - Jars - Mar 2025,United States,NM - SP - Jars - Pineapple Salt - BMM - Collagen KWs - Mar 2025,Amazon,+electrolytes +collagen,BROAD,1,25.0000%,0,0.0000%,0,0,,,0,0,0,,0,0,0,0
"Mar 16, 2026","Mar 16, 2026",Jars,USD,NM - SP - Pineapple Salt - BMM - MDF - Collagen KWs - Offense - Jars - Mar 2025,United States,NM - SP - Jars - Pineapple Salt - BMM - Collagen KWs - Mar 2025,Amazon,+electrolyte +and +collagen +mix,BROAD,1,50.0000%,0,0.0000%,0,0,,,0,0,0,,0,0,0,0
"Feb 28, 2026","Feb 28, 2026",Jars,USD,NM - SP - Pineapple Salt - BMM - MDF - Collagen KWs - Offense - Jars - Mar 2025,United States,NM - SP - Jars - Pineapple Salt - BMM - Collagen KWs - Mar 2025,Amazon,+collagen +drink +powder,BROAD,1,,0,0.0000%,0,0,,,0,0,0,,0,0,0,0
"Mar 11, 2026","Mar 11, 2026",Jars,USD,NM - SP - Exact - MDF - Offense - Jars - Aug 2024,United States,NM - SP - Jars - Exact - Creatine KWs - Up Down,Amazon,creatine hydration,EXACT,0,,0,,0,0,,,0,0,0,,0,0,0,0
"Feb 04, 2026","Feb 04, 2026",Jars,USD,NM - SP - Exact - MDF - Offense - Jars - Aug 2024,United States,NM - SP - Jars - Exact - Creatine KWs - Up Down,Amazon,drink lmnt lmnt electrolytes watermelon,EXACT,0,33.3300%,0,,0,0,,,0,0,0,,0,0,0,0
"Mar 03, 2026","Mar 04, 2026",Sachets,USD,NM  - SP - 12 Pack - MMT - MDF - Branded - May 2025 - B0DY6K7RQH,United States,NM  - SP - 12 Pack - MMT - Branded - Apr 2025 - B0DY6K7RQH,Amazon,harlo,PHRASE,3,33.3300%,0,0.0000%,0,0,,,0,0,0,,0,0,0,0
"Feb 02, 2026","Mar 03, 2026",Sachets,USD,NM  - SP - 12 Pack - BMM - MDF - Offense - May 2025 - B0DY6K7RQH,United States,NM  - SP - 12 Pack - BMM - Offense - Apr 2025 - B0DY6K7RQH,Amazon,+creatine +electrolyte +packets,BROAD,3,0.0000%,0,0.0000%,0,0,,,0,0,0,,0,0,0,0
"Feb 01, 2026","Mar 13, 2026",Sachets,USD,NM  - SP - 12 Pack - BMM - MDF - Offense - May 2025 - B0DY6K7RQH,United States,NM  - SP - 12 Pack - BMM - Offense - Apr 2025 - B0DY6K7RQH,Amazon,+collagen +electrolyte,BROAD,247,5.6100%,7,2.8340%,2,14,,0.00,0,0,0,0.0000%,0,0,0,0
"Feb 01, 2026","Mar 13, 2026",Sachets,USD,NM  - SP - 12 Pack - BMM - MDF - Offense - May 2025 - B0DY6K7RQH,United States,NM  - SP - 12 Pack - BMM - Offense - Apr 2025 - B0DY6K7RQH,Amazon,+creatine +and +collagen,BROAD,86,1.8100%,3,3.4884%,2,5,,0.00,0,0,0,0.0000%,0,0,0,0
"Feb 05, 2026","Feb 16, 2026",Sachets,USD,NM  - SP - 12 Pack - BMM - MDF - Offense - May 2025 - B0DY6K7RQH,United States,NM  - SP - 12 Pack - BMM - Offense - Apr 2025 - B0DY6K7RQH,Amazon,+element +electrolytes,BROAD,0,,0,,0,0,,,0,0,0,,0,0,0,0
"Feb 14, 2026","Feb 14, 2026",Sachets,USD,NM  - SP - 12 Pack - BMM - MDF - Offense - May 2025 - B0DY6K7RQH,United States,NM  - SP - 12 Pack - BMM - Offense - Apr 2025 - B0DY6K7RQH,Amazon,+creatine +travel +packs,BROAD,0,,0,,0,0,,,0,0,0,,0,0,0,0
"Feb 01, 2026","Mar 13, 2026",Sachets,USD,NM  - SP - 12 Pack - MMT - MDF - Branded - May 2025 - B0DY6K7RQH,United States,NM  - SP - 12 Pack - MMT - Branded - Apr 2025 - B0DY6K7RQH,Amazon,+harlo,BROAD,11247,34.2300%,299,2.6585%,2,458,18.6747%,5.35,2450,112,138,37.4582%,116,22,1889,561
"Feb 01, 2026","Mar 05, 2026",Sachets,USD,NM  - SP - 4 Pack - Auto - PBP  Audience - Offense - B0DJ3J2CKX - July 2025,United States,NM  - SP - 4 Pack - Auto - PBP  Audience - Offense - B0DJ3J2CKX - July 2025,Amazon,close-match,-,375,0.0100%,4,1.0667%,0,2,,0.00,0,0,0,0.0000%,0,0,0,0
"Feb 01, 2026","Mar 02, 2026",Sachets,USD,NM  - SP - 4 Pack - Auto - PBP  Audience - Offense - B0DJ3J2CKX - July 2025,United States,NM  - SP - 4 Pack - Auto - PBP  Audience - Offense - B0DJ3J2CKX - July 2025,Amazon,loose-match,-,13,0.0000%,0,0.0000%,0,0,,,0,0,0,,0,0,0,0
"Feb 01, 2026","Mar 05, 2026",Sachets,USD,NM  - SP - 4 Pack - Auto - PBP  Audience - Offense - B0DJ3J2CKX - July 2025,United States,NM  - SP - 4 Pack - Auto - PBP  Audience - Offense - B0DJ3J2CKX - July 2025,Amazon,complements,-,952,0.0000%,10,1.0504%,0,5,23.9599%,4.17,20,1,1,10.0000%,0,1,0,20
"Feb 01, 2026","Mar 05, 2026",Sachets,USD,NM  - SP - 4 Pack - Auto - PBP  Audience - Offense - B0DJ3J2CKX - July 2025,United States,NM  - SP - 4 Pack - Auto - PBP  Audience - Offense - B0DJ3J2CKX - July 2025,Amazon,substitutes,-,16,0.0000%,0,0.0000%,0,0,,,0,0,0,,0,0,0,0
"Feb 01, 2026","Mar 16, 2026",Jars,USD,NM - SP - Auto - CAC  Audience - Multi - Offense - Jars - July 2025,United States,NM - SP - Jars - Auto - CAC  Audience - Multi - Offense - July 2025,Amazon,close-match,-,100,0.0100%,0,0.0000%,0,0,,,0,0,0,,0,0,0,0
"Feb 01, 2026","Mar 18, 2026",Jars,USD,NM - SP - Auto - CAC  Audience - Multi - Offense - Jars - July 2025,United States,NM - SP - Jars - Auto - CAC  Audience - Multi - Offense - July 2025,Amazon,loose-match,-,3003,0.0400%,17,0.5661%,3,49,54.3493%,1.84,90,2,2,11.7647%,1,1,45,45
"Feb 01, 2026","Mar 19, 2026",Jars,USD,NM - SP - Auto - CAC  Audience - Multi - Offense - Jars - July 2025,United States,NM - SP - Jars - Auto - CAC  Audience - Multi - Offense - July 2025,Amazon,substitutes,-,33645,0.0500%,65,0.1932%,3,198,68.5289%,1.46,289,9,9,13.8462%,4,5,158,131
"Feb 01, 2026","Mar 19, 2026",Jars,USD,NM - SP - Auto - HLP  Audience - Multi - Offense - Jars - July 2025,United States,NM - SP - Jars - Auto - HLP  Audience - Multi - Offense - July 2025,Amazon,close-match,-,42771,0.2000%,326,0.7622%,5,1600,114.5755%,0.87,1396,35,35,10.7362%,15,20,630,766
"Feb 01, 2026","Mar 19, 2026",Jars,USD,NM - SP - Auto - HLP  Audience - Multi - Offense - Jars - July 2025,United States,NM - SP - Jars - Auto - HLP  Audience - Multi - Offense - July 2025,Amazon,loose-match,-,12571,0.6200%,229,1.8217%,4,877,102.8030%,0.97,853,20,20,8.7336%,11,9,472,381
"Feb 01, 2026","Feb 25, 2026",Jars,USD,NM - SP - Auto - HLP  Audience - Multi - Offense - Jars - July 2025,United States,NM - SP - Jars - Auto - HLP  Audience - Multi - Offense - July 2025,Amazon,complements,-,73682,0.0000%,30,0.0407%,2,70,,0.00,0,0,0,0.0000%,0,0,0,0
"Feb 01, 2026","Mar 18, 2026",Jars,USD,NM - SP - Auto - HLP  Audience - Multi - Offense - Jars - July 2025,United States,NM - SP - Jars - Auto - HLP  Audience - Multi - Offense - July 2025,Amazon,substitutes,-,514,0.0200%,3,0.5837%,2,6,,0.00,0,0,0,0.0000%,0,0,0,0
"Feb 01, 2026","Feb 20, 2026",Sachets,USD,NM  - SP - 4 Pack - Auto - CAC  Audience - Offense - B0DJ3J2CKX - July 2025,United States,NM  - SP - 4 Pack - Auto - CAC  Audience - Offense - B0DJ3J2CKX - July 2025,Amazon,close-match,-,16,0.3500%,0,0.0000%,0,0,,,0,0,0,,0,0,0,0
"Feb 01, 2026","Mar 03, 2026",Sachets,USD,NM  - SP - 4 Pack - Auto - CAC  Audience - Offense - B0DJ3J2CKX - July 2025,United States,NM  - SP - 4 Pack - Auto - CAC  Audience - Offense - B0DJ3J2CKX - July 2025,Amazon,loose-match,-,308,0.0100%,7,2.2727%,0,2,,0.00,0,0,0,0.0000%,0,0,0,0
"Feb 01, 2026","Mar 04, 2026",Sachets,USD,NM  - SP - 4 Pack - Auto - CAC  Audience - Offense - B0DJ3J2CKX - July 2025,United States,NM  - SP - 4 Pack - Auto - CAC  Audience - Offense - B0DJ3J2CKX - July 2025,Amazon,complements,-,7076,0.0000%,69,0.9751%,1,59,147.2932%,0.68,40,2,2,2.8986%,1,1,5,35
"Feb 01, 2026","Mar 05, 2026",Sachets,USD,NM  - SP - 4 Pack - Auto - CAC  Audience - Offense - B0DJ3J2CKX - July 2025,United States,NM  - SP - 4 Pack - Auto - CAC  Audience - Offense - B0DJ3J2CKX - July 2025,Amazon,substitutes,-,7862,0.1200%,26,0.3307%,1,16,62.5403%,1.60,25,4,4,15.3846%,3,1,15,10
"Feb 02, 2026","Mar 04, 2026",Sachets,USD,NM  - SP - 12 Pack - Auto - PBP  Audience - MDF - Offense - B0DY6K7RQH - July 2025,United States,NM  - SP - 12 Pack - Auto - PBP  Audience - Offense - B0DY6K7RQH - July 2025,Amazon,close-match,-,42,0.3300%,1,2.3810%,0,0,2.4080%,41.53,15,1,1,100.0000%,1,0,15,0
"Feb 01, 2026","Mar 13, 2026",Sachets,USD,NM  - SP - 12 Pack - Auto - PBP  Audience - MDF - Offense - B0DY6K7RQH - July 2025,United States,NM  - SP - 12 Pack - Auto - PBP  Audience - Offense - B0DY6K7RQH - July 2025,Amazon,loose-match,-,460,0.0200%,6,1.3043%,1,4,18.5965%,5.38,20,1,1,16.6667%,1,0,20,0
"Feb 01, 2026","Feb 25, 2026",Sachets,USD,NM  - SP - 12 Pack - Auto - PBP  Audience - MDF - Offense - B0DY6K7RQH - July 2025,United States,NM  - SP - 12 Pack - Auto - PBP  Audience - Offense - B0DY6K7RQH - July 2025,Amazon,complements,-,2845,0.0000%,0,0.0000%,0,0,,,0,0,0,,0,0,0,0
"Feb 01, 2026","Mar 13, 2026",Sachets,USD,NM  - SP - 12 Pack - Auto - PBP  Audience - MDF - Offense - B0DY6K7RQH - July 2025,United States,NM  - SP - 12 Pack - Auto - PBP  Audience - Offense - B0DY6K7RQH - July 2025,Amazon,substitutes,-,2821,0.0000%,19,0.6735%,0,7,73.1658%,1.37,10,1,1,5.2632%,1,0,10,0
"Feb 01, 2026","Mar 17, 2026",Jars,USD,NM - SP - Auto - PBP  Audience - Multi - Offense - Jars - July 2025,United States,NM - SP - Jars - Auto - PBP  Audience - Multi - Offense - July 2025,Amazon,close-match,-,62,0.1000%,0,0.0000%,0,0,,,0,0,0,,0,0,0,0
"Feb 01, 2026","Mar 18, 2026",Jars,USD,NM - SP - Auto - PBP  Audience - Multi - Offense - Jars - July 2025,United States,NM - SP - Jars - Auto - PBP  Audience - Multi - Offense - July 2025,Amazon,loose-match,-,48568,0.0900%,63,0.1297%,3,181,94.5749%,1.06,192,6,6,9.5238%,4,2,144,48
"Feb 02, 2026","Feb 05, 2026",Jars,USD,NM - SP - Auto - PBP  Audience - Multi - Offense - Jars - July 2025,United States,NM - SP - Jars - Auto - PBP  Audience - Multi - Offense - July 2025,Amazon,complements,-,12,0.0000%,0,0.0000%,0,0,,,0,0,0,,0,0,0,0
"Feb 01, 2026","Mar 17, 2026",Jars,USD,NM - SP - Auto - PBP  Audience - Multi - Offense - Jars - July 2025,United States,NM - SP - Jars - Auto - PBP  Audience - Multi - Offense - July 2025,Amazon,substitutes,-,382,0.0000%,4,1.0471%,1,6,,0.00,0,0,0,0.0000%,0,0,0,0
"Feb 02, 2026","Feb 20, 2026",Sachets,USD,NM  - SP - 4 Pack - Phrase 1 - B0DJ3J2CKX - Sep 2025,United States,NM  - SP - 4 Pack - Phrase 1 - B0DJ3J2CKX - Sep 2025,Amazon,harlo electrolytes creatine,PHRASE,5,12.5000%,0,0.0000%,0,0,,,0,0,0,,0,0,0,0
"Feb 03, 2026","Feb 21, 2026",Sachets,USD,NM  - SP - 4 Pack - Phrase 1 - B0DJ3J2CKX - Sep 2025,United States,NM  - SP - 4 Pack - Phrase 1 - B0DJ3J2CKX - Sep 2025,Amazon,lmnt electrolyte powder,PHRASE,18,0.0000%,0,0.0000%,0,0,,,0,0,0,,0,0,0,0
"Feb 01, 2026","Mar 02, 2026",Sachets,USD,NM  - SP - 4 Pack - Phrase 1 - B0DJ3J2CKX - Sep 2025,United States,NM  - SP - 4 Pack - Phrase 1 - B0DJ3J2CKX - Sep 2025,Amazon,powder sample packs,PHRASE,107,0.0600%,0,0.0000%,0,0,,,0,0,0,,0,0,0,0
"Feb 05, 2026","Mar 02, 2026",Sachets,USD,NM  - SP - 4 Pack - Phrase 1 - B0DJ3J2CKX - Sep 2025,United States,NM  - SP - 4 Pack - Phrase 1 - B0DJ3J2CKX - Sep 2025,Amazon,collagen electrolyte powder,PHRASE,9,5.2600%,0,0.0000%,0,0,,,0,0,0,,0,0,0,0
"Feb 01, 2026","Mar 05, 2026",Sachets,USD,NM  - SP - 4 Pack - Phrase 1 - B0DJ3J2CKX - Sep 2025,United States,NM  - SP - 4 Pack - Phrase 1 - B0DJ3J2CKX - Sep 2025,Amazon,electrolytes with collagen,PHRASE,1234,11.4800%,21,1.7018%,1,31,32.6582%,3.06,95,4,4,19.0476%,2,2,15,80
"Feb 01, 2026","Mar 03, 2026",Sachets,USD,NM  - SP - 4 Pack - Phrase 1 - B0DJ3J2CKX - Sep 2025,United States,NM  - SP - 4 Pack - Phrase 1 - B0DJ3J2CKX - Sep 2025,Amazon,creatine travel packs,PHRASE,10,1.4900%,0,0.0000%,0,0,,,0,0,0,,0,0,0,0
"Feb 10, 2026","Feb 15, 2026",Sachets,USD,NM  - SP - 4 Pack - Phrase 1 - B0DJ3J2CKX - Sep 2025,United States,NM  - SP - 4 Pack - Phrase 1 - B0DJ3J2CKX - Sep 2025,Amazon,electrolyte drink mix,PHRASE,3,1.6900%,0,0.0000%,0,0,,,0,0,0,,0,0,0,0
"Feb 05, 2026","Feb 12, 2026",Sachets,USD,NM  - SP - 4 Pack - Phrase 1 - B0DJ3J2CKX - Sep 2025,United States,NM  - SP - 4 Pack - Phrase 1 - B0DJ3J2CKX - Sep 2025,Amazon,travel creatine packets,PHRASE,4,0.4900%,0,0.0000%,0,0,,,0,0,0,,0,0,0,0
"Feb 01, 2026","Mar 05, 2026",Sachets,USD,NM  - SP - 4 Pack - Phrase 1 - B0DJ3J2CKX - Sep 2025,United States,NM  - SP - 4 Pack - Phrase 1 - B0DJ3J2CKX - Sep 2025,Amazon,single serve packets,PHRASE,262,0.8200%,1,0.3817%,1,1,,0.00,0,0,0,0.0000%,0,0,0,0
"Feb 02, 2026","Mar 03, 2026",Sachets,USD,NM  - SP - 4 Pack - Phrase 1 - B0DJ3J2CKX - Sep 2025,United States,NM  - SP - 4 Pack - Phrase 1 - B0DJ3J2CKX - Sep 2025,Amazon,electrolytes and creatine,PHRASE,37,5.8100%,0,0.0000%,0,0,,,0,0,0,,0,0,0,0
"Feb 09, 2026","Mar 17, 2026",Jars,USD,NM - SP - Phrase 3 - MDF - Jars - Sep 2025,United States,NM - SP - Jars - Phrase 3 - Sep 2025,Amazon,and electrolytes powder,PHRASE,157,0.0000%,0,0.0000%,0,0,,,0,0,0,,0,0,0,0
"Feb 01, 2026","Feb 08, 2026",Jars,USD,NM - SP - Phrase 3 - MDF - Jars - Sep 2025,United States,NM - SP - Jars - Phrase 3 - Sep 2025,Amazon,and electrolyte powder,PHRASE,50,0.0000%,0,0.0000%,0,0,,,0,0,0,,0,0,0,0
"Feb 01, 2026","Mar 18, 2026",Jars,USD,NM - SP - Phrase 3 - MDF - Jars - Sep 2025,United States,NM - SP - Jars - Phrase 3 - Sep 2025,Amazon,electrolytes powder with,PHRASE,8947,0.5200%,17,0.1900%,5,83,184.6941%,0.54,45,1,1,5.8824%,1,0,45,0
"Feb 01, 2026","Mar 06, 2026",Jars,USD,NM - SP - Phrase 3 - MDF - Jars - Sep 2025,United States,NM - SP - Jars - Phrase 3 - Sep 2025,Amazon,powder for men,PHRASE,69,0.0100%,0,0.0000%,0,0,,,0,0,0,,0,0,0,0
"Feb 03, 2026","Mar 16, 2026",Jars,USD,NM - SP - Phrase 3 - MDF - Jars - Sep 2025,United States,NM - SP - Jars - Phrase 3 - Sep 2025,Amazon,and collagen powder,PHRASE,9,0.8200%,0,0.0000%,0,0,,,0,0,0,,0,0,0,0
"Mar 01, 2026","Mar 01, 2026",Jars,USD,NM - SP - Phrase 3 - MDF - Jars - Sep 2025,United States,NM - SP - Jars - Phrase 3 - Sep 2025,Amazon,electrolyte powder with,PHRASE,0,0.0000%,0,,0,0,,,0,0,0,,0,0,0,0
"Mar 08, 2026","Mar 15, 2026",Jars,USD,NM - SP - Phrase 3 - MDF - Jars - Sep 2025,United States,NM - SP - Jars - Phrase 3 - Sep 2025,Amazon,keto electrolytes powder,PHRASE,2,0.0000%,0,0.0000%,0,0,,,0,0,0,,0,0,0,0
"Feb 20, 2026","Mar 04, 2026",Jars,USD,NM - SP - Phrase 3 - MDF - Jars - Sep 2025,United States,NM - SP - Jars - Phrase 3 - Sep 2025,Amazon,collagen creatine powder,PHRASE,1,0.0000%,0,0.0000%,0,0,,,0,0,0,,0,0,0,0
"Feb 01, 2026","Mar 05, 2026",Sachets,USD,NM  - SP - 4 Pack - Phrase 2 - MDF - B0DJ3J2CKX - Sep 2025,United States,NM  - SP - 4 Pack - Phrase 2 - B0DJ3J2CKX - Sep 2025,Amazon,harlo electrolytes collagen,PHRASE,3505,9.1700%,27,0.7703%,2,49,27.9552%,3.58,174,12,18,44.4444%,14,4,94,80
"Feb 01, 2026","Mar 05, 2026",Sachets,USD,NM  - SP - 4 Pack - Phrase 2 - MDF - B0DJ3J2CKX - Sep 2025,United States,NM  - SP - 4 Pack - Phrase 2 - B0DJ3J2CKX - Sep 2025,Amazon,creatine and collagen,PHRASE,330,1.2100%,5,1.5152%,1,5,26.2312%,3.81,20,2,2,40.0000%,2,0,20,0
"Feb 01, 2026","Feb 27, 2026",Sachets,USD,NM  - SP - 4 Pack - Phrase 2 - MDF - B0DJ3J2CKX - Sep 2025,United States,NM  - SP - 4 Pack - Phrase 2 - B0DJ3J2CKX - Sep 2025,Amazon,harlo creatine and,PHRASE,26,16.6700%,0,0.0000%,0,0,,,0,0,0,,0,0,0,0
"Feb 01, 2026","Mar 03, 2026",Sachets,USD,NM  - SP - 4 Pack - Phrase 2 - MDF - B0DJ3J2CKX - Sep 2025,United States,NM  - SP - 4 Pack - Phrase 2 - B0DJ3J2CKX - Sep 2025,Amazon,clear protein powder,PHRASE,3314,0.0100%,12,0.3621%,1,10,99.0955%,1.01,10,1,1,8.3333%,1,0,10,0
"Feb 01, 2026","Mar 04, 2026",Sachets,USD,NM  - SP - 4 Pack - Phrase 2 - MDF - B0DJ3J2CKX - Sep 2025,United States,NM  - SP - 4 Pack - Phrase 2 - B0DJ3J2CKX - Sep 2025,Amazon,creatine for women,PHRASE,118,0.0500%,3,2.5424%,1,3,,0.00,0,0,0,0.0000%,0,0,0,0
"Feb 01, 2026","Mar 04, 2026",Sachets,USD,NM  - SP - 4 Pack - Phrase 2 - MDF - B0DJ3J2CKX - Sep 2025,United States,NM  - SP - 4 Pack - Phrase 2 - B0DJ3J2CKX - Sep 2025,Amazon,creatine with electrolytes,PHRASE,15,0.0000%,0,0.0000%,0,0,,,0,0,0,,0,0,0,0
"Feb 01, 2026","Mar 04, 2026",Sachets,USD,NM  - SP - 4 Pack - Phrase 2 - MDF - B0DJ3J2CKX - Sep 2025,United States,NM  - SP - 4 Pack - Phrase 2 - B0DJ3J2CKX - Sep 2025,Amazon,packets to go,PHRASE,523,0.5700%,1,0.1912%,0,0,,0.00,0,0,0,0.0000%,0,0,0,0
"Feb 01, 2026","Mar 05, 2026",Sachets,USD,NM  - SP - 4 Pack - Phrase 2 - MDF - B0DJ3J2CKX - Sep 2025,United States,NM  - SP - 4 Pack - Phrase 2 - B0DJ3J2CKX - Sep 2025,Amazon,collagen and creatine,PHRASE,206,1.3200%,3,1.4563%,1,3,9.7324%,10.27,30,1,2,33.3333%,0,2,0,30
"Feb 01, 2026","Mar 05, 2026",Sachets,USD,NM  - SP - 4 Pack - Phrase 2 - MDF - B0DJ3J2CKX - Sep 2025,United States,NM  - SP - 4 Pack - Phrase 2 - B0DJ3J2CKX - Sep 2025,Amazon,creatine packets to,PHRASE,489,0.3700%,9,1.8405%,1,9,89.2462%,1.12,10,1,1,11.1111%,1,0,10,0
"Feb 01, 2026","Mar 04, 2026",Sachets,USD,NM  - SP - 4 Pack - Phrase 3 - MDF - B0DJ3J2CKX - Sep 2025,United States,NM  - SP - 4 Pack - Phrase 3 - B0DJ3J2CKX - Sep 2025,Amazon,creatine powder packets,PHRASE,89,3.0000%,3,3.3708%,2,5,,0.00,0,0,0,0.0000%,0,0,0,0
"Feb 01, 2026","Mar 04, 2026",Sachets,USD,NM  - SP - 4 Pack - Phrase 3 - MDF - B0DJ3J2CKX - Sep 2025,United States,NM  - SP - 4 Pack - Phrase 3 - B0DJ3J2CKX - Sep 2025,Amazon,creatine and electrolytes,PHRASE,464,2.0300%,11,2.3707%,1,16,63.7827%,1.57,25,3,3,27.2727%,3,0,25,0
"Feb 01, 2026","Mar 04, 2026",Sachets,USD,NM  - SP - 4 Pack - Phrase 3 - MDF - B0DJ3J2CKX - Sep 2025,United States,NM  - SP - 4 Pack - Phrase 3 - B0DJ3J2CKX - Sep 2025,Amazon,creatine single serve,PHRASE,39,0.2100%,0,0.0000%,0,0,,,0,0,0,,0,0,0,0
"Feb 03, 2026","Feb 16, 2026",Sachets,USD,NM  - SP - 4 Pack - Phrase 3 - MDF - B0DJ3J2CKX - Sep 2025,United States,NM  - SP - 4 Pack - Phrase 3 - B0DJ3J2CKX - Sep 2025,Amazon,creatine electrolyte powder,PHRASE,27,1.3000%,0,0.0000%,0,0,,,0,0,0,,0,0,0,0
"Feb 01, 2026","Mar 04, 2026",Sachets,USD,NM  - SP - 4 Pack - Phrase 3 - MDF - B0DJ3J2CKX - Sep 2025,United States,NM  - SP - 4 Pack - Phrase 3 - B0DJ3J2CKX - Sep 2025,Amazon,creatine individual packets,PHRASE,25,0.0000%,0,0.0000%,0,0,,,0,0,0,,0,0,0,0
"Feb 10, 2026","Feb 25, 2026",Sachets,USD,NM  - SP - 4 Pack - Phrase 3 - MDF - B0DJ3J2CKX - Sep 2025,United States,NM  - SP - 4 Pack - Phrase 3 - B0DJ3J2CKX - Sep 2025,Amazon,single serve creatine,PHRASE,9,6.0600%,0,0.0000%,0,0,,,0,0,0,,0,0,0,0
"Feb 12, 2026","Mar 01, 2026",Sachets,USD,NM  - SP - 4 Pack - Phrase 3 - MDF - B0DJ3J2CKX - Sep 2025,United States,NM  - SP - 4 Pack - Phrase 3 - B0DJ3J2CKX - Sep 2025,Amazon,serve creatine packets,PHRASE,5,0.0000%,0,0.0000%,0,0,,,0,0,0,,0,0,0,0
"Feb 03, 2026","Feb 18, 2026",Jars,USD,NM - SP - Phrase 2 - MDF - Jars - Sep 2025,United States,NM - SP - Jars - Phrase 2 - Sep 2025,Amazon,electrolytes for women,PHRASE,2,0.0000%,0,0.0000%,0,0,,,0,0,0,,0,0,0,0
"Feb 12, 2026","Mar 18, 2026",Jars,USD,NM - SP - Phrase 2 - MDF - Jars - Sep 2025,United States,NM - SP - Jars - Phrase 2 - Sep 2025,Amazon,powder no sugar,PHRASE,13,1.4900%,0,0.0000%,0,0,,,0,0,0,,0,0,0,0
"Feb 01, 2026","Feb 28, 2026",Jars,USD,NM - SP - Phrase 2 - MDF - Jars - Sep 2025,United States,NM - SP - Jars - Phrase 2 - Sep 2025,Amazon,electrolytes and collagen,PHRASE,32,23.1300%,1,3.1250%,4,4,,0.00,0,0,0,0.0000%,0,0,0,0
"Feb 10, 2026","Mar 14, 2026",Jars,USD,NM - SP - Phrase 2 - MDF - Jars - Sep 2025,United States,NM - SP - Jars - Phrase 2 - Sep 2025,Amazon,powder with creatine,PHRASE,1,50.0000%,0,0.0000%,0,0,,,0,0,0,,0,0,0,0
"Feb 08, 2026","Mar 12, 2026",Jars,USD,NM - SP - Phrase 2 - MDF - Jars - Sep 2025,United States,NM - SP - Jars - Phrase 2 - Sep 2025,Amazon,electrolytes powder no,PHRASE,13,0.0000%,0,0.0000%,0,0,,,0,0,0,,0,0,0,0
"Feb 03, 2026","Mar 17, 2026",Jars,USD,NM - SP - Phrase 2 - MDF - Jars - Sep 2025,United States,NM - SP - Jars - Phrase 2 - Sep 2025,Amazon,lmnt electrolyte powder,PHRASE,15,0.0000%,0,0.0000%,0,0,,,0,0,0,,0,0,0,0
"Feb 01, 2026","Mar 15, 2026",Jars,USD,NM - SP - Phrase 2 - MDF - Jars - Sep 2025,United States,NM - SP - Jars - Phrase 2 - Sep 2025,Amazon,collagen with creatine,PHRASE,2,0.0000%,0,0.0000%,0,0,,,0,0,0,,0,0,0,0
"Feb 02, 2026","Feb 20, 2026",Jars,USD,NM - SP - Phrase 2 - MDF - Jars - Sep 2025,United States,NM - SP - Jars - Phrase 2 - Sep 2025,Amazon,creatine powder for,PHRASE,5,0.8700%,0,0.0000%,0,0,,,0,0,0,,0,0,0,0
"Feb 15, 2026","Feb 15, 2026",Jars,USD,NM - SP - Phrase 2 - MDF - Jars - Sep 2025,United States,NM - SP - Jars - Phrase 2 - Sep 2025,Amazon,creatine and electrolyte,PHRASE,2,0.0000%,0,0.0000%,0,0,,,0,0,0,,0,0,0,0
"Feb 05, 2026","Mar 12, 2026",Jars,USD,NM - SP - Phrase 4 - Jars - Sep 2025,United States,NM - SP - Jars - Phrase 4 - Sep 2025,Amazon,lmnt raspberry salt,PHRASE,5,0.0000%,0,0.0000%,0,0,,,0,0,0,,0,0,0,0
"Feb 01, 2026","Mar 17, 2026",Jars,USD,NM - SP - Phrase 4 - Jars - Sep 2025,United States,NM - SP - Jars - Phrase 4 - Sep 2025,Amazon,with creatine and,PHRASE,132,0.0600%,1,0.7576%,2,2,,0.00,0,0,0,0.0000%,0,0,0,0
"Feb 10, 2026","Feb 15, 2026",Jars,USD,NM - SP - Phrase 4 - Jars - Sep 2025,United States,NM - SP - Jars - Phrase 4 - Sep 2025,Amazon,electrolyte and collagen,PHRASE,0,,0,,0,0,,,0,0,0,,0,0,0,0
"Feb 01, 2026","Mar 11, 2026",Jars,USD,NM - SP - Phrase 4 - Jars - Sep 2025,United States,NM - SP - Jars - Phrase 4 - Sep 2025,Amazon,sugar free electrolytes,PHRASE,7,0.0000%,0,0.0000%,0,0,,,0,0,0,,0,0,0,0
"Feb 12, 2026","Mar 07, 2026",Jars,USD,NM - SP - Phrase 4 - Jars - Sep 2025,United States,NM - SP - Jars - Phrase 4 - Sep 2025,Amazon,creatine collagen powder,PHRASE,1,0.0000%,0,0.0000%,0,0,,,0,0,0,,0,0,0,0
"Feb 28, 2026","Mar 17, 2026",Jars,USD,NM - SP - Phrase 4 - Jars - Sep 2025,United States,NM - SP - Jars - Phrase 4 - Sep 2025,Amazon,harlo electrolytes collagen,PHRASE,11,0.0000%,0,0.0000%,0,0,,,0,0,0,,0,0,0,0
"Feb 01, 2026","Mar 13, 2026",Sachets,USD,NM  - SP - 12 Pack - Phrase - MDF - B0DY6K7RQH - Sep 2025,United States,NM  - SP - 12 Pack - Phrase - B0DY6K7RQH - Sep 2025,Amazon,electrolytes collagen creatine,PHRASE,489,13.5700%,7,1.4315%,2,14,96.3880%,1.04,15,1,1,14.2857%,1,0,15,0
"Feb 08, 2026","Mar 04, 2026",Sachets,USD,NM  - SP - 12 Pack - Phrase - MDF - B0DY6K7RQH - Sep 2025,United States,NM  - SP - 12 Pack - Phrase - B0DY6K7RQH - Sep 2025,Amazon,harlo electrolytes collagen,PHRASE,56,0.0000%,1,1.7857%,2,2,,0.00,0,0,0,0.0000%,0,0,0,0
"Feb 01, 2026","Mar 04, 2026",Sachets,USD,NM  - SP - 12 Pack - Phrase - MDF - B0DY6K7RQH - Sep 2025,United States,NM  - SP - 12 Pack - Phrase - B0DY6K7RQH - Sep 2025,Amazon,creatine for women,PHRASE,92,0.0400%,2,2.1739%,2,3,31.9598%,3.13,10,1,1,50.0000%,1,0,10,0
"Feb 01, 2026","Mar 13, 2026",Sachets,USD,NM  - SP - 12 Pack - Phrase - MDF - B0DY6K7RQH - Sep 2025,United States,NM  - SP - 12 Pack - Phrase - B0DY6K7RQH - Sep 2025,Amazon,creatine and collagen,PHRASE,2756,2.5000%,33,1.1974%,2,70,30.3032%,3.30,233,9,9,27.2727%,5,4,85,148
"Feb 01, 2026","Mar 05, 2026",Sachets,USD,NM  - SP - 12 Pack - Phrase - MDF - B0DY6K7RQH - Sep 2025,United States,NM  - SP - 12 Pack - Phrase - B0DY6K7RQH - Sep 2025,Amazon,collagen for women,PHRASE,1002,0.0000%,8,0.7984%,2,13,35.9026%,2.79,35,2,2,25.0000%,2,0,35,0
"Feb 01, 2026","Feb 08, 2026",Sachets,USD,NM  - SP - 12 Pack - Phrase - MDF - B0DY6K7RQH - Sep 2025,United States,NM  - SP - 12 Pack - Phrase - B0DY6K7RQH - Sep 2025,Amazon,electrolytes creatine collagen,PHRASE,718,36.3600%,3,0.4178%,1,4,,0.00,0,0,0,0.0000%,0,0,0,0
"Feb 02, 2026","Feb 02, 2026",Sachets,USD,NM  - SP - 12 Pack - Phrase - MDF - B0DY6K7RQH - Sep 2025,United States,NM  - SP - 12 Pack - Phrase - B0DY6K7RQH - Sep 2025,Amazon,harlo electrolyte drink,PHRASE,0,,0,,0,0,,,0,0,0,,0,0,0,0
"Feb 01, 2026","Mar 01, 2026",Sachets,USD,NM  - SP - 12 Pack - Phrase - MDF - B0DY6K7RQH - Sep 2025,United States,NM  - SP - 12 Pack - Phrase - B0DY6K7RQH - Sep 2025,Amazon,lmnt electrolyte powder packets,PHRASE,216,0.0000%,1,0.4630%,1,1,,0.00,0,0,0,0.0000%,0,0,0,0
"Feb 05, 2026","Feb 27, 2026",Sachets,USD,NM  - SP - 12 Pack - Phrase - MDF - B0DY6K7RQH - Sep 2025,United States,NM  - SP - 12 Pack - Phrase - B0DY6K7RQH - Sep 2025,Amazon,creatine and electrolytes for women,PHRASE,6,6.2500%,0,0.0000%,0,0,,,0,0,0,,0,0,0,0
"Feb 01, 2026","Mar 13, 2026",Sachets,USD,NM  - SP - 12 Pack - Phrase - MDF - B0DY6K7RQH - Sep 2025,United States,NM  - SP - 12 Pack - Phrase - B0DY6K7RQH - Sep 2025,Amazon,collagen creatine electrolytes,PHRASE,161,25.0000%,6,3.7267%,3,19,26.8956%,3.72,70,2,2,33.3333%,0,2,0,70
"Feb 03, 2026","Feb 05, 2026",Jars,USD,NM - SP - Phrase 4 - Jars - Sep 2025,United States,NM - SP - Jars - Phrase 4 - Sep 2025,Amazon,creatine and electrolytes for women,PHRASE,1,50.0000%,0,0.0000%,0,0,,,0,0,0,,0,0,0,0
"Feb 16, 2026","Feb 16, 2026",Jars,USD,NM - SP - Phrase 2 - MDF - Jars - Sep 2025,United States,NM - SP - Jars - Phrase 2 - Sep 2025,Amazon,creatine and electrolytes for women,PHRASE,0,,0,,0,0,,,0,0,0,,0,0,0,0
"Feb 03, 2026","Mar 07, 2026",Jars,USD,NM - SP - Phrase 2 - MDF - Jars - Sep 2025,United States,NM - SP - Jars - Phrase 2 - Sep 2025,Amazon,collagen creatine electrolytes,PHRASE,2,61.5400%,0,0.0000%,0,0,,,0,0,0,,0,0,0,0
"Feb 16, 2026","Mar 03, 2026",Sachets,USD,NM  - SP - 4 Pack - Phrase 3 - MDF - B0DJ3J2CKX - Sep 2025,United States,NM  - SP - 4 Pack - Phrase 3 - B0DJ3J2CKX - Sep 2025,Amazon,lmnt electrolyte powder packets,PHRASE,104,0.0000%,0,0.0000%,0,0,,,0,0,0,,0,0,0,0
"Feb 19, 2026","Mar 03, 2026",Sachets,USD,NM  - SP - 4 Pack - Phrase 3 - MDF - B0DJ3J2CKX - Sep 2025,United States,NM  - SP - 4 Pack - Phrase 3 - B0DJ3J2CKX - Sep 2025,Amazon,collagen creatine electrolytes,PHRASE,12,10.8100%,0,0.0000%,0,0,,,0,0,0,,0,0,0,0
"Feb 09, 2026","Mar 10, 2026",Sachets,USD,NM  - SP - 4 Pack - Phrase 1 - B0DJ3J2CKX - Sep 2025,United States,NM  - SP - 4 Pack - Phrase 1 - B0DJ3J2CKX - Sep 2025,Amazon,lmnt electrolyte powder packets,PHRASE,94,0.0000%,1,1.0638%,1,1,,0.00,0,0,0,0.0000%,0,0,0,0
"Feb 12, 2026","Feb 25, 2026",Sachets,USD,NM  - SP - 4 Pack - Phrase 1 - B0DJ3J2CKX - Sep 2025,United States,NM  - SP - 4 Pack - Phrase 1 - B0DJ3J2CKX - Sep 2025,Amazon,creatine and electrolytes for women,PHRASE,7,14.2900%,2,28.5714%,1,3,,0.00,0,0,0,0.0000%,0,0,0,0
"Feb 11, 2026","Feb 23, 2026",Sachets,USD,NM  - SP - 4 Pack - Phrase 1 - B0DJ3J2CKX - Sep 2025,United States,NM  - SP - 4 Pack - Phrase 1 - B0DJ3J2CKX - Sep 2025,Amazon,collagen creatine electrolytes,PHRASE,18,3.4500%,0,0.0000%,0,0,,,0,0,0,,0,0,0,0
"Feb 04, 2026","Mar 01, 2026",Sachets,USD,NM  - SP - 4 Pack - Phrase 2 - MDF - B0DJ3J2CKX - Sep 2025,United States,NM  - SP - 4 Pack - Phrase 2 - B0DJ3J2CKX - Sep 2025,Amazon,lmnt electrolyte powder packets,PHRASE,273,0.0000%,1,0.3663%,1,1,,0.00,0,0,0,0.0000%,0,0,0,0
"Feb 02, 2026","Feb 15, 2026",Sachets,USD,NM  - SP - 4 Pack - Phrase 2 - MDF - B0DJ3J2CKX - Sep 2025,United States,NM  - SP - 4 Pack - Phrase 2 - B0DJ3J2CKX - Sep 2025,Amazon,creatine and electrolytes for women,PHRASE,10,23.0800%,0,0.0000%,0,0,,,0,0,0,,0,0,0,0
"Feb 01, 2026","Feb 15, 2026",Sachets,USD,NM  - SP - 4 Pack - Phrase 2 - MDF - B0DJ3J2CKX - Sep 2025,United States,NM  - SP - 4 Pack - Phrase 2 - B0DJ3J2CKX - Sep 2025,Amazon,collagen creatine electrolytes,PHRASE,57,24.2400%,0,0.0000%,0,0,,,0,0,0,,0,0,0,0
"Feb 05, 2026","Mar 17, 2026",Multi,USD,NM - SP - Exact - Branded - Multi - Dec2025,United States,NM - SP - Jars - Exact - Branded - Multi - Dec2025,Amazon,harlo,EXACT,93,0.0000%,2,2.1505%,2,4,8.2314%,12.15,45,1,1,50.0000%,1,0,45,0
"Feb 23, 2026","Feb 23, 2026",Multi,USD,NM - SP - Exact - Branded - Multi - Dec2025,United States,NM - SP - Jars - Exact - Branded - Multi - Dec2025,Amazon,harlo electrolytes,EXACT,1,0.0000%,0,0.0000%,0,0,,,0,0,0,,0,0,0,0
"Feb 27, 2026","Feb 27, 2026",Multi,USD,NM - SP - Phrase - Branded - Multi -  Jars - Dec 2025,United States,NM - SP - Jars - Phrase - Multi - Dec 2025,Amazon,harlo electrolytes collagen creatine,PHRASE,0,20.0000%,0,,0,0,,,0,0,0,,0,0,0,0
"Feb 23, 2026","Mar 13, 2026",Multi,USD,NM - SP - Phrase - Branded - Multi -  Jars - Dec 2025,United States,NM - SP - Jars - Phrase - Multi - Dec 2025,Amazon,harlo,PHRASE,2,0.0000%,0,0.0000%,0,0,,,0,0,0,,0,0,0,0
"Feb 25, 2026","Mar 17, 2026",Multi,USD,NM - SP - Phrase - Branded - Multi -  Jars - Dec 2025,United States,NM - SP - Jars - Phrase - Multi - Dec 2025,Amazon,harlo 3 in 1,PHRASE,1,0.0000%,0,0.0000%,0,0,,,0,0,0,,0,0,0,0
"Feb 08, 2026","Feb 13, 2026",Jars,USD,NM - SP - STR - Exact - Jars - Jan 2026,United States,NM - SP - STR - Exact - Jars - Jan 2026,Amazon,hydration & collagen electrolyte drink mix,EXACT,9,75.0000%,0,0.0000%,0,0,,,0,0,0,,0,0,0,0
"Feb 06, 2026","Feb 07, 2026",Jars,USD,NM - SP - STR - Exact - Jars - Jan 2026,United States,NM - SP - STR - Exact - Jars - Jan 2026,Amazon,creatine electrolyte powder,EXACT,2,,0,0.0000%,0,0,,,0,0,0,,0,0,0,0
"Feb 12, 2026","Feb 12, 2026",Jars,USD,NM - SP - STR - Exact - Jars - Jan 2026,United States,NM - SP - STR - Exact - Jars - Jan 2026,Amazon,electrolytes collagen,EXACT,0,12.5000%,0,,0,0,,,0,0,0,,0,0,0,0
"Feb 01, 2026","Mar 16, 2026",Jars,USD,NM - SP - STR - Exact - Jars - Jan 2026,United States,NM - SP - STR - Exact - Jars - Jan 2026,Amazon,collagen creatine electrolytes,EXACT,13,25.8300%,2,15.3846%,3,5,,0.00,0,0,0,0.0000%,0,0,0,0
"Feb 01, 2026","Mar 19, 2026",Jars,USD,NM - SP - STR - Phrase - Jars - Jan 2026,United States,NM - SP - STR - Phrase - Jars - Jan 2026,Amazon,electrolytes collagen creatine,PHRASE,1338,12.9200%,8,0.5979%,3,25,56.6407%,1.77,45,1,1,12.5000%,1,0,45,0
"Feb 01, 2026","Mar 01, 2026",Jars,USD,NM - SP - STR - Phrase - Jars - Jan 2026,United States,NM - SP - STR - Phrase - Jars - Jan 2026,Amazon,hydration & collagen electrolyte drink mix,PHRASE,7,0.0000%,0,0.0000%,0,0,,,0,0,0,,0,0,0,0
"Feb 01, 2026","Mar 19, 2026",Jars,USD,NM - SP - STR - Phrase - Jars - Jan 2026,United States,NM - SP - STR - Phrase - Jars - Jan 2026,Amazon,electrolytes with collagen,PHRASE,238,2.1300%,6,2.5210%,2,14,,0.00,0,0,0,0.0000%,0,0,0,0
"Feb 01, 2026","Mar 18, 2026",Jars,USD,NM - SP - STR - Phrase - Jars - Jan 2026,United States,NM - SP - STR - Phrase - Jars - Jan 2026,Amazon,electrolyte with creatine,PHRASE,787,0.5800%,4,0.5083%,2,9,,0.00,0,0,0,0.0000%,0,0,0,0
"Feb 01, 2026","Feb 17, 2026",Jars,USD,NM - SP - STR - Phrase - Jars - Jan 2026,United States,NM - SP - STR - Phrase - Jars - Jan 2026,Amazon,creatine electrolyte powder,PHRASE,265,0.0800%,5,1.8868%,4,18,88.8442%,1.13,20,1,2,20.0000%,0,2,0,20
"Feb 01, 2026","Mar 17, 2026",Jars,USD,NM - SP - STR - Phrase - Jars - Jan 2026,United States,NM - SP - STR - Phrase - Jars - Jan 2026,Amazon,electrolytes collagen,PHRASE,1240,6.1300%,15,1.2097%,3,41,,0.00,0,0,0,0.0000%,0,0,0,0
"Feb 01, 2026","Mar 18, 2026",Jars,USD,NM - SP - STR - Phrase - Jars - Jan 2026,United States,NM - SP - STR - Phrase - Jars - Jan 2026,Amazon,protein collagen and creatine,PHRASE,39,5.2600%,1,2.5641%,3,3,,0.00,0,0,0,0.0000%,0,0,0,0
"Feb 01, 2026","Mar 11, 2026",Jars,USD,NM - SP - STR - Phrase - Jars - Jan 2026,United States,NM - SP - STR - Phrase - Jars - Jan 2026,Amazon,collagen creatine electrolytes,PHRASE,7,11.4300%,0,0.0000%,0,0,,,0,0,0,,0,0,0,0
"Feb 01, 2026","Mar 18, 2026",Jars,USD,NM - SP - STR - Phrase - Jars - Jan 2026,United States,NM - SP - STR - Phrase - Jars - Jan 2026,Amazon,harlo electrolytes,PHRASE,2698,3.6000%,21,0.7784%,3,56,26.9007%,3.72,209,6,12,28.5714%,2,10,90,120
"Feb 01, 2026","Feb 01, 2026",Jars,USD,NM - SP - STR - Phrase - Jars - Jan 2026,United States,NM - SP - STR - Phrase - Jars - Jan 2026,Amazon,creatine electrolytes,PHRASE,0,100.0000%,0,,0,0,,,0,0,0,,0,0,0,0
"Feb 01, 2026","Mar 19, 2026",Jars,USD,NM - SP - STR - Phrase - Jars - Jan 2026,United States,NM - SP - STR - Phrase - Jars - Jan 2026,Amazon,creatine single serve packets,PHRASE,100,0.0000%,0,0.0000%,0,0,,,0,0,0,,0,0,0,0
"Feb 01, 2026","Mar 13, 2026",Jars,USD,NM - SP - STR - Phrase - Jars - Jan 2026,United States,NM - SP - STR - Phrase - Jars - Jan 2026,Amazon,electrolytes powder with creatine,PHRASE,63,0.8500%,1,1.5873%,3,3,,0.00,0,0,0,0.0000%,0,0,0,0
"Feb 03, 2026","Feb 07, 2026",Jars,USD,NM - SP - STR - Phrase - Jars - Jan 2026,United States,NM - SP - STR - Phrase - Jars - Jan 2026,Amazon,electrolytes with creatine,PHRASE,0,,0,,0,0,,,0,0,0,,0,0,0,0
"Feb 12, 2026","Mar 07, 2026",Jars,USD,NM - SP - STR - Phrase - Jars - Jan 2026,United States,NM - SP - STR - Phrase - Jars - Jan 2026,Amazon,electrolyte collagen creatine,PHRASE,0,,0,,0,0,,,0,0,0,,0,0,0,0
"Feb 01, 2026","Mar 19, 2026",Jars,USD,NM - SP - STR - Phrase - Jars - Jan 2026,United States,NM - SP - STR - Phrase - Jars - Jan 2026,Amazon,collagen packets,PHRASE,1160,0.2200%,2,0.1724%,3,6,,0.00,0,0,0,0.0000%,0,0,0,0
"Feb 01, 2026","Mar 19, 2026",Jars,USD,NM - SP - STR - Phrase - Jars - Jan 2026,United States,NM - SP - STR - Phrase - Jars - Jan 2026,Amazon,creatine and electrolytes,PHRASE,2746,1.2700%,22,0.8012%,3,62,24.9536%,4.01,248,6,6,27.2727%,3,3,135,113
"Feb 01, 2026","Mar 10, 2026",Jars,USD,NM - SP - STR - Phrase - Jars - Jan 2026,United States,NM - SP - STR - Phrase - Jars - Jan 2026,Amazon,creatine electrolytes collagen,PHRASE,47,11.5400%,1,2.1277%,5,5,,0.00,0,0,0,0.0000%,0,0,0,0
"Feb 01, 2026","Mar 19, 2026",Jars,USD,NM - SP - STR - Phrase - Jars - Jan 2026,United States,NM - SP - STR - Phrase - Jars - Jan 2026,Amazon,collagen electrolyte powder,PHRASE,170,4.4600%,1,0.5882%,3,3,,0.00,0,0,0,0.0000%,0,0,0,0
"Feb 01, 2026","Mar 04, 2026",Sachets,USD,NM  - SP - GPT - 12 Pack - Exact - B0DY6K7RQH - Jan 2026,United States,NM  - SP - GPT - 12 Pack - Exact - B0DY6K7RQH - Jan 2026,Amazon,electrolyte packets,EXACT,8477,0.0200%,56,0.6606%,2,107,307.6040%,0.33,35,3,3,5.3571%,3,0,35,0
"Feb 01, 2026","Mar 04, 2026",Sachets,USD,NM  - SP - GPT - 12 Pack - Exact - B0DY6K7RQH - Jan 2026,United States,NM  - SP - GPT - 12 Pack - Exact - B0DY6K7RQH - Jan 2026,Amazon,electrolyte powder packets,EXACT,695,0.0000%,17,2.4460%,1,19,,0.00,0,0,0,0.0000%,0,0,0,0
"Feb 01, 2026","Mar 03, 2026",Sachets,USD,NM  - SP - GPT - 12 Pack - Exact - B0DY6K7RQH - Jan 2026,United States,NM  - SP - GPT - 12 Pack - Exact - B0DY6K7RQH - Jan 2026,Amazon,electrolytes with creatine,EXACT,176,0.3500%,1,0.5682%,2,2,,0.00,0,0,0,0.0000%,0,0,0,0
"Feb 02, 2026","Feb 03, 2026",Sachets,USD,NM  - SP - GPT - 12 Pack - Exact - B0DY6K7RQH - Jan 2026,United States,NM  - SP - GPT - 12 Pack - Exact - B0DY6K7RQH - Jan 2026,Amazon,electrolyte drink mix packets,EXACT,3,0.0000%,0,0.0000%,0,0,,,0,0,0,,0,0,0,0
"Feb 01, 2026","Feb 15, 2026",Sachets,USD,NM  - SP - STR - 4 Pack - PT 3 - B0DJ3J2CKX - Jan 2026,United States,NM  - SP - STR - 4 Pack - PT 3 - B0DJ3J2CKX - Jan 2026,Amazon,"asin=""B0CM4JB864""",-,0,,0,,0,0,,,0,0,0,,0,0,0,0
"Feb 03, 2026","Mar 02, 2026",Sachets,USD,NM  - SP - STR - 4 Pack - PT 3 - B0DJ3J2CKX - Jan 2026,United States,NM  - SP - STR - 4 Pack - PT 3 - B0DJ3J2CKX - Jan 2026,Amazon,"asin=""B0DQ2R23K4""",-,2,0.0000%,1,50.0000%,0,0,,0.00,0,0,0,0.0000%,0,0,0,0
"Feb 01, 2026","Mar 04, 2026",Sachets,USD,NM  - SP - STR - 4 Pack - PT 3 - B0DJ3J2CKX - Jan 2026,United States,NM  - SP - STR - 4 Pack - PT 3 - B0DJ3J2CKX - Jan 2026,Amazon,"asin=""B0BRM8CT4N""",-,279,0.2600%,2,0.7168%,1,1,,0.00,0,0,0,0.0000%,0,0,0,0
"Feb 01, 2026","Mar 03, 2026",Sachets,USD,NM  - SP - STR - 4 Pack - PT 3 - B0DJ3J2CKX - Jan 2026,United States,NM  - SP - STR - 4 Pack - PT 3 - B0DJ3J2CKX - Jan 2026,Amazon,"asin=""B07PWB1HXV""",-,13,0.0100%,0,0.0000%,0,0,,,0,0,0,,0,0,0,0
"Feb 10, 2026","Mar 04, 2026",Sachets,USD,NM  - SP - STR - 4 Pack - PT 3 - B0DJ3J2CKX - Jan 2026,United States,NM  - SP - STR - 4 Pack - PT 3 - B0DJ3J2CKX - Jan 2026,Amazon,"asin=""B07TYJFRG5""",-,8,5.5600%,0,0.0000%,0,0,,,0,0,0,,0,0,0,0
"Feb 01, 2026","Mar 04, 2026",Sachets,USD,NM  - SP - STR - 4 Pack - PT 3 - B0DJ3J2CKX - Jan 2026,United States,NM  - SP - STR - 4 Pack - PT 3 - B0DJ3J2CKX - Jan 2026,Amazon,"asin=""B0DPKFB3NP""",-,109,3.5400%,3,2.7523%,1,4,,0.00,0,0,0,0.0000%,0,0,0,0
"Feb 02, 2026","Mar 03, 2026",Sachets,USD,NM  - SP - STR - 4 Pack - PT 3 - B0DJ3J2CKX - Jan 2026,United States,NM  - SP - STR - 4 Pack - PT 3 - B0DJ3J2CKX - Jan 2026,Amazon,"asin=""B0D4XDQSCH""",-,169,,1,0.5917%,1,1,,0.00,0,0,0,0.0000%,0,0,0,0
"Feb 01, 2026","Feb 22, 2026",Sachets,USD,NM  - SP - STR - 4 Pack - PT 3 - B0DJ3J2CKX - Jan 2026,United States,NM  - SP - STR - 4 Pack - PT 3 - B0DJ3J2CKX - Jan 2026,Amazon,"asin=""B09LLGRBF2""",-,1,,0,0.0000%,0,0,,,0,0,0,,0,0,0,0
"Feb 03, 2026","Mar 17, 2026",Sachets,USD,NM - SP - STR - PT - Jars - Jan 2026,United States,NM - SP - STR - PT - Jars - Jan 2026,Amazon,"asin=""B0DBRXNVMQ""",-,12,14.0600%,0,0.0000%,0,0,,,0,0,0,,0,0,0,0
"Feb 11, 2026","Mar 16, 2026",Sachets,USD,NM - SP - STR - PT - Jars - Jan 2026,United States,NM - SP - STR - PT - Jars - Jan 2026,Amazon,"asin=""B0DVWKPJ32""",-,5,0.0000%,0,0.0000%,0,0,,,0,0,0,,0,0,0,0
"Feb 12, 2026","Mar 12, 2026",Sachets,USD,NM - SP - STR - PT - Jars - Jan 2026,United States,NM - SP - STR - PT - Jars - Jan 2026,Amazon,"asin=""B0D1SWFG1V""",-,8,0.0000%,0,0.0000%,0,0,,,0,0,0,,0,0,0,0
"Feb 01, 2026","Mar 18, 2026",Sachets,USD,NM - SP - STR - PT - Jars - Jan 2026,United States,NM - SP - STR - PT - Jars - Jan 2026,Amazon,"asin=""B01IIGQ5KG""",-,137,0.0100%,1,0.7299%,2,2,4.5161%,22.14,45,1,1,100.0000%,1,0,45,0
"Mar 03, 2026","Mar 03, 2026",Sachets,USD,NM - SP - STR - PT - Jars - Jan 2026,United States,NM - SP - STR - PT - Jars - Jan 2026,Amazon,"asin=""B0C6793K5M""",-,0,,0,,0,0,,,0,0,0,,0,0,0,0
"Feb 06, 2026","Feb 06, 2026",Sachets,USD,NM - SP - STR - PT - Jars - Jan 2026,United States,NM - SP - STR - PT - Jars - Jan 2026,Amazon,"asin=""B0BZJRBQSH""",-,0,0.0000%,0,,0,0,,,0,0,0,,0,0,0,0
"Feb 02, 2026","Mar 17, 2026",Sachets,USD,NM - SP - STR - PT - Jars - Jan 2026,United States,NM - SP - STR - PT - Jars - Jan 2026,Amazon,"asin=""B0CGGC4DNW""",-,0,33.3300%,0,,0,0,,,0,0,0,,0,0,0,0
"Feb 05, 2026","Mar 12, 2026",Sachets,USD,NM - SP - STR - PT - Jars - Jan 2026,United States,NM - SP - STR - PT - Jars - Jan 2026,Amazon,"asin=""B0BHBBQ2V1""",-,3,,0,0.0000%,0,0,,,0,0,0,,0,0,0,0
"Mar 07, 2026","Mar 07, 2026",Sachets,USD,NM - SP - STR - PT - Jars - Jan 2026,United States,NM - SP - STR - PT - Jars - Jan 2026,Amazon,"asin=""B0DQWLCR5J""",-,1,0.0000%,0,0.0000%,0,0,,,0,0,0,,0,0,0,0
"Feb 12, 2026","Feb 26, 2026",Sachets,USD,NM  - SP - STR - 12 Pack - PT 5 - B0DY6K7RQH - Jan 2026,United States,NM  - SP - STR - 12 Pack - PT 5 - B0DY6K7RQH - Jan 2026,Amazon,"asin=""B0DRW9TZJC""",-,3,0.2300%,0,0.0000%,0,0,,,0,0,0,,0,0,0,0
"Feb 13, 2026","Mar 04, 2026",Sachets,USD,NM  - SP - STR - 12 Pack - PT 5 - B0DY6K7RQH - Jan 2026,United States,NM  - SP - STR - 12 Pack - PT 5 - B0DY6K7RQH - Jan 2026,Amazon,"asin=""B0CY7WSJ86""",-,3,0.0000%,0,0.0000%,0,0,,,0,0,0,,0,0,0,0
"Feb 09, 2026","Mar 13, 2026",Sachets,USD,NM  - SP - STR - 12 Pack - PT 5 - B0DY6K7RQH - Jan 2026,United States,NM  - SP - STR - 12 Pack - PT 5 - B0DY6K7RQH - Jan 2026,Amazon,"asin=""B0DVXMWYBC""",-,7,0.0000%,0,0.0000%,0,0,,,0,0,0,,0,0,0,0
"Feb 02, 2026","Feb 27, 2026",Sachets,USD,NM  - SP - STR - 12 Pack - PT 5 - B0DY6K7RQH - Jan 2026,United States,NM  - SP - STR - 12 Pack - PT 5 - B0DY6K7RQH - Jan 2026,Amazon,"asin=""B0D741VYGW""",-,7,0.0000%,0,0.0000%,0,0,,,0,0,0,,0,0,0,0
"Feb 01, 2026","Mar 03, 2026",Sachets,USD,NM  - SP - STR - 12 Pack - PT 5 - B0DY6K7RQH - Jan 2026,United States,NM  - SP - STR - 12 Pack - PT 5 - B0DY6K7RQH - Jan 2026,Amazon,"asin=""B0DPRCCKJK""",-,81,0.7600%,4,4.9383%,3,13,,0.00,0,0,0,0.0000%,0,0,0,0
"Feb 01, 2026","Feb 23, 2026",Sachets,USD,NM  - SP - STR - 12 Pack - PT 5 - B0DY6K7RQH - Jan 2026,United States,NM  - SP - STR - 12 Pack - PT 5 - B0DY6K7RQH - Jan 2026,Amazon,"asin=""B0CPRKR328""",-,1,,0,0.0000%,0,0,,,0,0,0,,0,0,0,0
"Mar 02, 2026","Mar 05, 2026",Sachets,USD,NM  - SP - STR - 12 Pack - PT 5 - B0DY6K7RQH - Jan 2026,United States,NM  - SP - STR - 12 Pack - PT 5 - B0DY6K7RQH - Jan 2026,Amazon,"asin=""B09T5YLGV4""",-,2,1.8500%,0,0.0000%,0,0,,,0,0,0,,0,0,0,0
"Feb 05, 2026","Mar 04, 2026",Sachets,USD,NM  - SP - STR - 12 Pack - PT 5 - B0DY6K7RQH - Jan 2026,United States,NM  - SP - STR - 12 Pack - PT 5 - B0DY6K7RQH - Jan 2026,Amazon,"asin=""B0F257BKKB""",-,14,4.6000%,1,7.1429%,2,2,3.7845%,26.42,40,1,2,100.0000%,2,0,40,0
"Feb 12, 2026","Mar 03, 2026",Sachets,USD,NM  - SP - STR - 12 Pack - PT 5 - B0DY6K7RQH - Jan 2026,United States,NM  - SP - STR - 12 Pack - PT 5 - B0DY6K7RQH - Jan 2026,Amazon,"asin=""B0DHTZKH11""",-,1,0.0000%,0,0.0000%,0,0,,,0,0,0,,0,0,0,0
"Feb 01, 2026","Mar 05, 2026",Sachets,USD,NM  - SP - STR - 4 Pack - PT 7 - B0DJ3J2CKX - Jan 2026,United States,NM  - SP - STR - 4 Pack - PT 7 - B0DJ3J2CKX - Jan 2026,Amazon,"asin=""B08BYYSVH7""",-,62,1.6700%,1,1.6129%,1,1,,0.00,0,0,0,0.0000%,0,0,0,0
"Feb 11, 2026","Mar 04, 2026",Sachets,USD,NM  - SP - STR - 4 Pack - PT 7 - B0DJ3J2CKX - Jan 2026,United States,NM  - SP - STR - 4 Pack - PT 7 - B0DJ3J2CKX - Jan 2026,Amazon,"asin=""B0BXMPBRJZ""",-,13,0.7400%,1,7.6923%,1,1,,0.00,0,0,0,0.0000%,0,0,0,0
"Feb 14, 2026","Mar 03, 2026",Sachets,USD,NM  - SP - STR - 4 Pack - PT 7 - B0DJ3J2CKX - Jan 2026,United States,NM  - SP - STR - 4 Pack - PT 7 - B0DJ3J2CKX - Jan 2026,Amazon,"asin=""B0D5Q7H3BJ""",-,2,,0,0.0000%,0,0,,,0,0,0,,0,0,0,0
"Feb 07, 2026","Feb 22, 2026",Sachets,USD,NM  - SP - STR - 4 Pack - PT 7 - B0DJ3J2CKX - Jan 2026,United States,NM  - SP - STR - 4 Pack - PT 7 - B0DJ3J2CKX - Jan 2026,Amazon,"asin=""B07SH31T9V""",-,4,0.3000%,0,0.0000%,0,0,,,0,0,0,,0,0,0,0
"Feb 03, 2026","Mar 04, 2026",Sachets,USD,NM  - SP - STR - 4 Pack - PT 7 - B0DJ3J2CKX - Jan 2026,United States,NM  - SP - STR - 4 Pack - PT 7 - B0DJ3J2CKX - Jan 2026,Amazon,"asin=""B0D6PNQ2T7""",-,72,1.1400%,3,4.1667%,1,4,,0.00,0,0,0,0.0000%,0,0,0,0
"Feb 01, 2026","Mar 04, 2026",Sachets,USD,NM  - SP - STR - 4 Pack - PT 7 - B0DJ3J2CKX - Jan 2026,United States,NM  - SP - STR - 4 Pack - PT 7 - B0DJ3J2CKX - Jan 2026,Amazon,"asin=""B08JN8TSHH""",-,145,0.2700%,12,8.2759%,1,14,,0.00,0,0,0,0.0000%,0,0,0,0
"Feb 04, 2026","Mar 01, 2026",Sachets,USD,NM  - SP - STR - 4 Pack - PT 7 - B0DJ3J2CKX - Jan 2026,United States,NM  - SP - STR - 4 Pack - PT 7 - B0DJ3J2CKX - Jan 2026,Amazon,"asin=""B0CM5777HL""",-,2,14.2900%,0,0.0000%,0,0,,,0,0,0,,0,0,0,0
"Feb 02, 2026","Mar 05, 2026",Sachets,USD,NM  - SP - STR - 4 Pack - PT 7 - B0DJ3J2CKX - Jan 2026,United States,NM  - SP - STR - 4 Pack - PT 7 - B0DJ3J2CKX - Jan 2026,Amazon,"asin=""B0D9D359MK""",-,17,0.0000%,0,0.0000%,0,0,,,0,0,0,,0,0,0,0
"Mar 03, 2026","Mar 03, 2026",Sachets,USD,NM  - SP - STR - 4 Pack - PT 5 - B0DJ3J2CKX - Jan 2026,United States,NM  - SP - STR - 4 Pack - PT 5 - B0DJ3J2CKX - Jan 2026,Amazon,"asin=""B0F14STSL4""",-,1,0.0000%,0,0.0000%,0,0,,,0,0,0,,0,0,0,0
"Feb 02, 2026","Mar 03, 2026",Sachets,USD,NM  - SP - STR - 4 Pack - PT 5 - B0DJ3J2CKX - Jan 2026,United States,NM  - SP - STR - 4 Pack - PT 5 - B0DJ3J2CKX - Jan 2026,Amazon,"asin=""B0DRW9TZJC""",-,17,2.3200%,0,0.0000%,0,0,,,0,0,0,,0,0,0,0
"Feb 03, 2026","Mar 02, 2026",Sachets,USD,NM  - SP - STR - 4 Pack - PT 5 - B0DJ3J2CKX - Jan 2026,United States,NM  - SP - STR - 4 Pack - PT 5 - B0DJ3J2CKX - Jan 2026,Amazon,"asin=""B0DVXMWYBC""",-,13,2.3900%,1,7.6923%,2,2,,0.00,0,0,0,0.0000%,0,0,0,0
"Feb 03, 2026","Feb 28, 2026",Sachets,USD,NM  - SP - STR - 4 Pack - PT 5 - B0DJ3J2CKX - Jan 2026,United States,NM  - SP - STR - 4 Pack - PT 5 - B0DJ3J2CKX - Jan 2026,Amazon,"asin=""B0D741VYGW""",-,13,0.0000%,0,0.0000%,0,0,,,0,0,0,,0,0,0,0
"Feb 01, 2026","Mar 04, 2026",Sachets,USD,NM  - SP - STR - 4 Pack - PT 5 - B0DJ3J2CKX - Jan 2026,United States,NM  - SP - STR - 4 Pack - PT 5 - B0DJ3J2CKX - Jan 2026,Amazon,"asin=""B0DHTZKH11""",-,22,0.0200%,0,0.0000%,0,0,,,0,0,0,,0,0,0,0
"Feb 01, 2026","Feb 23, 2026",Sachets,USD,NM  - SP - STR - 4 Pack - PT 5 - B0DJ3J2CKX - Jan 2026,United States,NM  - SP - STR - 4 Pack - PT 5 - B0DJ3J2CKX - Jan 2026,Amazon,"asin=""B0CPRKR328""",-,1,,0,0.0000%,0,0,,,0,0,0,,0,0,0,0
"Feb 03, 2026","Mar 05, 2026",Sachets,USD,NM  - SP - STR - 4 Pack - PT 5 - B0DJ3J2CKX - Jan 2026,United States,NM  - SP - STR - 4 Pack - PT 5 - B0DJ3J2CKX - Jan 2026,Amazon,"asin=""B0F257BKKB""",-,60,0.0100%,1,1.6667%,1,1,,0.00,0,0,0,0.0000%,0,0,0,0
"Feb 23, 2026","Feb 23, 2026",Sachets,USD,NM  - SP - STR - 4 Pack - PT 5 - B0DJ3J2CKX - Jan 2026,United States,NM  - SP - STR - 4 Pack - PT 5 - B0DJ3J2CKX - Jan 2026,Amazon,"asin=""B09T5YLGV4""",-,1,0.0000%,0,0.0000%,0,0,,,0,0,0,,0,0,0,0
"Feb 01, 2026","Mar 13, 2026",Sachets,USD,NM  - SP - STR - 12 Pack - PT - B0DY6K7RQH - Jan 2026,United States,NM  - SP - STR - 12 Pack - PT - B0DY6K7RQH - Jan 2026,Amazon,"asin=""B0DBRXNVMQ""",-,34,1.7000%,2,5.8824%,2,3,,0.00,0,0,0,0.0000%,0,0,0,0
"Feb 01, 2026","Mar 13, 2026",Sachets,USD,NM  - SP - STR - 12 Pack - PT - B0DY6K7RQH - Jan 2026,United States,NM  - SP - STR - 12 Pack - PT - B0DY6K7RQH - Jan 2026,Amazon,"asin=""B0DVWKPJ32""",-,269,0.0100%,6,2.2305%,1,8,,0.00,0,0,0,0.0000%,0,0,0,0
"Feb 01, 2026","Mar 05, 2026",Sachets,USD,NM  - SP - STR - 12 Pack - PT - B0DY6K7RQH - Jan 2026,United States,NM  - SP - STR - 12 Pack - PT - B0DY6K7RQH - Jan 2026,Amazon,"asin=""B0D1SWFG1V""",-,113,0.0000%,2,1.7699%,1,2,,0.00,0,0,0,0.0000%,0,0,0,0
"Feb 01, 2026","Mar 13, 2026",Sachets,USD,NM  - SP - STR - 12 Pack - PT - B0DY6K7RQH - Jan 2026,United States,NM  - SP - STR - 12 Pack - PT - B0DY6K7RQH - Jan 2026,Amazon,"asin=""B01IIGQ5KG""",-,94,0.0000%,3,3.1915%,1,3,,0.00,0,0,0,0.0000%,0,0,0,0
"Feb 03, 2026","Mar 13, 2026",Sachets,USD,NM  - SP - STR - 12 Pack - PT - B0DY6K7RQH - Jan 2026,United States,NM  - SP - STR - 12 Pack - PT - B0DY6K7RQH - Jan 2026,Amazon,"asin=""B0C6793K5M""",-,199,1.2300%,1,0.5025%,1,1,,0.00,0,0,0,0.0000%,0,0,0,0
"Feb 21, 2026","Mar 04, 2026",Sachets,USD,NM  - SP - STR - 12 Pack - PT - B0DY6K7RQH - Jan 2026,United States,NM  - SP - STR - 12 Pack - PT - B0DY6K7RQH - Jan 2026,Amazon,"asin=""B0BZJRBQSH""",-,7,,0,0.0000%,0,0,,,0,0,0,,0,0,0,0
"Feb 01, 2026","Mar 13, 2026",Sachets,USD,NM  - SP - STR - 12 Pack - PT - B0DY6K7RQH - Jan 2026,United States,NM  - SP - STR - 12 Pack - PT - B0DY6K7RQH - Jan 2026,Amazon,"asin=""B0CGGC4DNW""",-,262,1.9900%,2,0.7634%,1,3,,0.00,0,0,0,0.0000%,0,0,0,0
"Feb 05, 2026","Mar 03, 2026",Sachets,USD,NM  - SP - STR - 12 Pack - PT - B0DY6K7RQH - Jan 2026,United States,NM  - SP - STR - 12 Pack - PT - B0DY6K7RQH - Jan 2026,Amazon,"asin=""B0BHBBQ2V1""",-,4,,0,0.0000%,0,0,,,0,0,0,,0,0,0,0
"Feb 02, 2026","Mar 05, 2026",Sachets,USD,NM  - SP - STR - 12 Pack - PT - B0DY6K7RQH - Jan 2026,United States,NM  - SP - STR - 12 Pack - PT - B0DY6K7RQH - Jan 2026,Amazon,"asin=""B0DQWLCR5J""",-,306,0.1500%,9,2.9412%,1,11,70.3010%,1.42,15,1,1,11.1111%,1,0,15,0
"Feb 02, 2026","Mar 13, 2026",Sachets,USD,NM  - SP - STR - 12 Pack - PT 2 - B0DY6K7RQH - Jan 2026,United States,NM  - SP - STR - 12 Pack - PT 2 - B0DY6K7RQH - Jan 2026,Amazon,"asin=""B09GL4R5NV""",-,26,0.5100%,0,0.0000%,0,0,,,0,0,0,,0,0,0,0
"Feb 02, 2026","Mar 13, 2026",Sachets,USD,NM  - SP - STR - 12 Pack - PT 2 - B0DY6K7RQH - Jan 2026,United States,NM  - SP - STR - 12 Pack - PT 2 - B0DY6K7RQH - Jan 2026,Amazon,"asin=""B0CCJZVJYG""",-,31,0.0000%,0,0.0000%,0,0,,,0,0,0,,0,0,0,0
"Feb 01, 2026","Mar 13, 2026",Sachets,USD,NM  - SP - STR - 12 Pack - PT 2 - B0DY6K7RQH - Jan 2026,United States,NM  - SP - STR - 12 Pack - PT 2 - B0DY6K7RQH - Jan 2026,Amazon,"asin=""B0DXFVM72V""",-,625,8.2900%,16,2.5600%,2,29,28.0057%,3.57,105,4,4,25.0000%,3,1,60,45
"Feb 01, 2026","Mar 13, 2026",Sachets,USD,NM  - SP - STR - 12 Pack - PT 2 - B0DY6K7RQH - Jan 2026,United States,NM  - SP - STR - 12 Pack - PT 2 - B0DY6K7RQH - Jan 2026,Amazon,"asin=""B0F258CTG3""",-,57,0.0100%,1,1.7544%,2,2,,0.00,0,0,0,0.0000%,0,0,0,0
"Feb 02, 2026","Mar 05, 2026",Sachets,USD,NM  - SP - STR - 12 Pack - PT 2 - B0DY6K7RQH - Jan 2026,United States,NM  - SP - STR - 12 Pack - PT 2 - B0DY6K7RQH - Jan 2026,Amazon,"asin=""B0C4899NZF""",-,0,0.0000%,0,,0,0,,,0,0,0,,0,0,0,0
"Feb 02, 2026","Mar 04, 2026",Sachets,USD,NM  - SP - STR - 12 Pack - PT 2 - B0DY6K7RQH - Jan 2026,United States,NM  - SP - STR - 12 Pack - PT 2 - B0DY6K7RQH - Jan 2026,Amazon,"asin=""B0DSHXBJ7B""",-,208,30.7700%,0,0.0000%,0,0,,,0,0,0,,0,0,0,0
"Feb 11, 2026","Mar 03, 2026",Sachets,USD,NM  - SP - STR - 12 Pack - PT 2 - B0DY6K7RQH - Jan 2026,United States,NM  - SP - STR - 12 Pack - PT 2 - B0DY6K7RQH - Jan 2026,Amazon,"asin=""B0CLG1HBYY""",-,25,0.2800%,0,0.0000%,0,0,,,0,0,0,,0,0,0,0
"Feb 03, 2026","Feb 23, 2026",Sachets,USD,NM  - SP - STR - 12 Pack - PT 2 - B0DY6K7RQH - Jan 2026,United States,NM  - SP - STR - 12 Pack - PT 2 - B0DY6K7RQH - Jan 2026,Amazon,"asin=""B0CK94R8TB""",-,28,17.7300%,2,7.1429%,2,4,72.1212%,1.39,5,1,1,50.0000%,0,1,0,5
"Feb 01, 2026","Mar 04, 2026",Sachets,USD,NM  - SP - GPT - 12 Pack - Phrase - B0DY6K7RQH - Jan 2026,United States,NM  - SP - GPT - 12 Pack - Phrase - B0DY6K7RQH - Jan 2026,Amazon,electrolyte drink mix,PHRASE,93,0.0000%,1,1.0753%,1,1,,0.00,0,0,0,0.0000%,0,0,0,0
"Feb 01, 2026","Mar 05, 2026",Sachets,USD,NM  - SP - GPT - 12 Pack - Phrase - B0DY6K7RQH - Jan 2026,United States,NM  - SP - GPT - 12 Pack - Phrase - B0DY6K7RQH - Jan 2026,Amazon,hydration packets,PHRASE,2762,0.0000%,9,0.3259%,1,8,,0.00,0,0,0,0.0000%,0,0,0,0
"Feb 01, 2026","Mar 05, 2026",Sachets,USD,NM  - SP - GPT - 12 Pack - Phrase - B0DY6K7RQH - Jan 2026,United States,NM  - SP - GPT - 12 Pack - Phrase - B0DY6K7RQH - Jan 2026,Amazon,sports electrolytes,PHRASE,82,0.0000%,0,0.0000%,0,0,,,0,0,0,,0,0,0,0
"Feb 07, 2026","Feb 26, 2026",Sachets,USD,NM  - SP - GPT - 12 Pack - Phrase - B0DY6K7RQH - Jan 2026,United States,NM  - SP - GPT - 12 Pack - Phrase - B0DY6K7RQH - Jan 2026,Amazon,training hydration,PHRASE,6,33.3300%,0,0.0000%,0,0,,,0,0,0,,0,0,0,0
"Feb 01, 2026","Mar 04, 2026",Sachets,USD,NM  - SP - STR - 4 Pack - PT 4 - B0DJ3J2CKX - Jan 2026,United States,NM  - SP - STR - 4 Pack - PT 4 - B0DJ3J2CKX - Jan 2026,Amazon,"asin=""B0DGQW4K61""",-,138,0.4400%,0,0.0000%,0,0,,,0,0,0,,0,0,0,0
"Feb 01, 2026","Mar 02, 2026",Sachets,USD,NM  - SP - STR - 4 Pack - PT 4 - B0DJ3J2CKX - Jan 2026,United States,NM  - SP - STR - 4 Pack - PT 4 - B0DJ3J2CKX - Jan 2026,Amazon,"asin=""B0BQZ2S4R3""",-,8,0.0000%,0,0.0000%,0,0,,,0,0,0,,0,0,0,0
"Feb 01, 2026","Mar 03, 2026",Sachets,USD,NM  - SP - STR - 4 Pack - PT 4 - B0DJ3J2CKX - Jan 2026,United States,NM  - SP - STR - 4 Pack - PT 4 - B0DJ3J2CKX - Jan 2026,Amazon,"asin=""B000GIQS0W""",-,37,0.0000%,2,5.4054%,1,2,,0.00,0,0,0,0.0000%,0,0,0,0
"Feb 05, 2026","Mar 02, 2026",Sachets,USD,NM  - SP - STR - 4 Pack - PT 4 - B0DJ3J2CKX - Jan 2026,United States,NM  - SP - STR - 4 Pack - PT 4 - B0DJ3J2CKX - Jan 2026,Amazon,"asin=""B0DGFDFN65""",-,12,0.0000%,0,0.0000%,0,0,,,0,0,0,,0,0,0,0
"Feb 05, 2026","Mar 01, 2026",Sachets,USD,NM  - SP - STR - 4 Pack - PT 4 - B0DJ3J2CKX - Jan 2026,United States,NM  - SP - STR - 4 Pack - PT 4 - B0DJ3J2CKX - Jan 2026,Amazon,"asin=""B0F63HFG1N""",-,3,0.0000%,0,0.0000%,0,0,,,0,0,0,,0,0,0,0
"Feb 01, 2026","Mar 05, 2026",Sachets,USD,NM  - SP - STR - 4 Pack - PT 4 - B0DJ3J2CKX - Jan 2026,United States,NM  - SP - STR - 4 Pack - PT 4 - B0DJ3J2CKX - Jan 2026,Amazon,"asin=""B08XS5WY1J""",-,111,10.7000%,5,4.5045%,1,6,29.8995%,3.34,20,2,2,40.0000%,2,0,20,0
"Feb 10, 2026","Feb 19, 2026",Sachets,USD,NM  - SP - STR - 4 Pack - PT 4 - B0DJ3J2CKX - Jan 2026,United States,NM  - SP - STR - 4 Pack - PT 4 - B0DJ3J2CKX - Jan 2026,Amazon,"asin=""B0DX1RRWSY""",-,2,0.0000%,0,0.0000%,0,0,,,0,0,0,,0,0,0,0
"Feb 01, 2026","Mar 04, 2026",Sachets,USD,NM  - SP - STR - 4 Pack - PT 4 - B0DJ3J2CKX - Jan 2026,United States,NM  - SP - STR - 4 Pack - PT 4 - B0DJ3J2CKX - Jan 2026,Amazon,"asin=""B0FDDFY6BZ""",-,25,1.8400%,0,0.0000%,0,0,,,0,0,0,,0,0,0,0
"Feb 01, 2026","Mar 04, 2026",Sachets,USD,NM  - SP - STR - 4 Pack - PT 4 - B0DJ3J2CKX - Jan 2026,United States,NM  - SP - STR - 4 Pack - PT 4 - B0DJ3J2CKX - Jan 2026,Amazon,"asin=""B0CH1RQXQ1""",-,370,0.0100%,1,0.2703%,2,2,,0.00,0,0,0,0.0000%,0,0,0,0
"Feb 02, 2026","Mar 02, 2026",Sachets,USD,NM  - SP - STR - 12 Pack - PT 3 - B0DY6K7RQH - Jan 2026,United States,NM  - SP - STR - 12 Pack - PT 3 - B0DY6K7RQH - Jan 2026,Amazon,"asin=""B0CM4JB864""",-,0,,0,,0,0,,,0,0,0,,0,0,0,0
"Feb 01, 2026","Mar 03, 2026",Sachets,USD,NM  - SP - STR - 12 Pack - PT 3 - B0DY6K7RQH - Jan 2026,United States,NM  - SP - STR - 12 Pack - PT 3 - B0DY6K7RQH - Jan 2026,Amazon,"asin=""B0DQ2R23K4""",-,5,0.0000%,0,0.0000%,0,0,,,0,0,0,,0,0,0,0
"Feb 01, 2026","Mar 13, 2026",Sachets,USD,NM  - SP - STR - 12 Pack - PT 3 - B0DY6K7RQH - Jan 2026,United States,NM  - SP - STR - 12 Pack - PT 3 - B0DY6K7RQH - Jan 2026,Amazon,"asin=""B0BRM8CT4N""",-,15977,0.0400%,4,0.0250%,1,5,31.7057%,3.15,15,1,1,25.0000%,1,0,15,0
"Feb 04, 2026","Feb 04, 2026",Sachets,USD,NM  - SP - STR - 12 Pack - PT 3 - B0DY6K7RQH - Jan 2026,United States,NM  - SP - STR - 12 Pack - PT 3 - B0DY6K7RQH - Jan 2026,Amazon,"asin=""B07PWB1HXV""",-,1,0.0000%,0,0.0000%,0,0,,,0,0,0,,0,0,0,0
"Feb 01, 2026","Mar 05, 2026",Sachets,USD,NM  - SP - STR - 12 Pack - PT 3 - B0DY6K7RQH - Jan 2026,United States,NM  - SP - STR - 12 Pack - PT 3 - B0DY6K7RQH - Jan 2026,Amazon,"asin=""B0DPKFB3NP""",-,228,2.2000%,1,0.4386%,2,2,,0.00,0,0,0,0.0000%,0,0,0,0
"Feb 01, 2026","Mar 01, 2026",Sachets,USD,NM  - SP - STR - 12 Pack - PT 3 - B0DY6K7RQH - Jan 2026,United States,NM  - SP - STR - 12 Pack - PT 3 - B0DY6K7RQH - Jan 2026,Amazon,"asin=""B09LLGRBF2""",-,5,50.0000%,0,0.0000%,0,0,,,0,0,0,,0,0,0,0
"Feb 01, 2026","Mar 05, 2026",Sachets,USD,NM  - SP - STR - 12 Pack - PT 4 - B0DY6K7RQH - Jan 2026,United States,NM  - SP - STR - 12 Pack - PT 4 - B0DY6K7RQH - Jan 2026,Amazon,"asin=""B0DGQW4K61""",-,225,0.0000%,4,1.7778%,1,3,,0.00,0,0,0,0.0000%,0,0,0,0
"Feb 02, 2026","Feb 06, 2026",Sachets,USD,NM  - SP - STR - 12 Pack - PT 4 - B0DY6K7RQH - Jan 2026,United States,NM  - SP - STR - 12 Pack - PT 4 - B0DY6K7RQH - Jan 2026,Amazon,"asin=""B0BQZ2S4R3""",-,3,5.5600%,1,33.3333%,2,2,,0.00,0,0,0,0.0000%,0,0,0,0
"Feb 03, 2026","Mar 05, 2026",Sachets,USD,NM  - SP - STR - 12 Pack - PT 4 - B0DY6K7RQH - Jan 2026,United States,NM  - SP - STR - 12 Pack - PT 4 - B0DY6K7RQH - Jan 2026,Amazon,"asin=""B000GIQS0W""",-,4,0.0000%,0,0.0000%,0,0,,,0,0,0,,0,0,0,0
"Feb 22, 2026","Feb 27, 2026",Sachets,USD,NM  - SP - STR - 12 Pack - PT 4 - B0DY6K7RQH - Jan 2026,United States,NM  - SP - STR - 12 Pack - PT 4 - B0DY6K7RQH - Jan 2026,Amazon,"asin=""B0DGFDFN65""",-,1,0.0000%,0,0.0000%,0,0,,,0,0,0,,0,0,0,0
"Feb 03, 2026","Mar 04, 2026",Sachets,USD,NM  - SP - STR - 12 Pack - PT 4 - B0DY6K7RQH - Jan 2026,United States,NM  - SP - STR - 12 Pack - PT 4 - B0DY6K7RQH - Jan 2026,Amazon,"asin=""B0F63HFG1N""",-,4,0.0000%,0,0.0000%,0,0,,,0,0,0,,0,0,0,0
"Feb 02, 2026","Feb 18, 2026",Sachets,USD,NM  - SP - STR - 12 Pack - PT 4 - B0DY6K7RQH - Jan 2026,United States,NM  - SP - STR - 12 Pack - PT 4 - B0DY6K7RQH - Jan 2026,Amazon,"asin=""B08XS5WY1J""",-,3,0.0000%,0,0.0000%,0,0,,,0,0,0,,0,0,0,0
"Feb 02, 2026","Mar 01, 2026",Sachets,USD,NM  - SP - STR - 12 Pack - PT 4 - B0DY6K7RQH - Jan 2026,United States,NM  - SP - STR - 12 Pack - PT 4 - B0DY6K7RQH - Jan 2026,Amazon,"asin=""B0DX1RRWSY""",-,5,0.0000%,0,0.0000%,0,0,,,0,0,0,,0,0,0,0
"Feb 01, 2026","Mar 04, 2026",Sachets,USD,NM  - SP - STR - 12 Pack - PT 4 - B0DY6K7RQH - Jan 2026,United States,NM  - SP - STR - 12 Pack - PT 4 - B0DY6K7RQH - Jan 2026,Amazon,"asin=""B0FDDFY6BZ""",-,97,2.0900%,5,5.1546%,3,14,,0.00,0,0,0,0.0000%,0,0,0,0
"Feb 01, 2026","Mar 04, 2026",Sachets,USD,NM  - SP - STR - 12 Pack - PT 4 - B0DY6K7RQH - Jan 2026,United States,NM  - SP - STR - 12 Pack - PT 4 - B0DY6K7RQH - Jan 2026,Amazon,"asin=""B0CH1RQXQ1""",-,432,0.0100%,0,0.0000%,0,0,0.0000%,,10,1,1,,1,0,10,0
"Feb 10, 2026","Mar 17, 2026",Sachets,USD,NM - SP - STR - PT 1 - Jars - Jan 2026,United States,NM - SP - STR - PT 1 - Jars - Jan 2026,Amazon,"asin=""B00SCO8AA8""",-,21,0.0000%,0,0.0000%,0,0,,,0,0,0,,0,0,0,0
"Feb 02, 2026","Mar 18, 2026",Sachets,USD,NM - SP - STR - PT 1 - Jars - Jan 2026,United States,NM - SP - STR - PT 1 - Jars - Jan 2026,Amazon,"asin=""B07XLDWTY5""",-,2,14.2900%,0,0.0000%,0,0,,,0,0,0,,0,0,0,0
"Mar 12, 2026","Mar 12, 2026",Sachets,USD,NM - SP - STR - PT 1 - Jars - Jan 2026,United States,NM - SP - STR - PT 1 - Jars - Jan 2026,Amazon,"asin=""B0CZ4JYB9M""",-,1,0.0000%,0,0.0000%,0,0,,,0,0,0,,0,0,0,0
"Feb 01, 2026","Mar 18, 2026",Sachets,USD,NM - SP - STR - PT 1 - Jars - Jan 2026,United States,NM - SP - STR - PT 1 - Jars - Jan 2026,Amazon,"asin=""B002DYIZEE""",-,57,0.0100%,0,0.0000%,0,0,,,0,0,0,,0,0,0,0
"Feb 01, 2026","Mar 16, 2026",Sachets,USD,NM - SP - STR - PT 1 - Jars - Jan 2026,United States,NM - SP - STR - PT 1 - Jars - Jan 2026,Amazon,"asin=""B002DYIZEO""",-,19,0.0200%,0,0.0000%,0,0,,,0,0,0,,0,0,0,0
"Feb 01, 2026","Mar 03, 2026",Sachets,USD,NM  - SP - STR - 12 Pack - PT 1 - B0DY6K7RQH - Jan 2026,United States,NM  - SP - STR - 12 Pack - PT 1 - B0DY6K7RQH - Jan 2026,Amazon,"asin=""B0DVD72YDL""",-,92,0.0000%,0,0.0000%,0,0,,,0,0,0,,0,0,0,0
"Feb 01, 2026","Mar 05, 2026",Sachets,USD,NM  - SP - STR - 12 Pack - PT 1 - B0DY6K7RQH - Jan 2026,United States,NM  - SP - STR - 12 Pack - PT 1 - B0DY6K7RQH - Jan 2026,Amazon,"asin=""B00SCO8AA8""",-,52,0.0100%,1,1.9231%,1,1,,0.00,0,0,0,0.0000%,0,0,0,0
"Feb 02, 2026","Mar 04, 2026",Sachets,USD,NM  - SP - STR - 12 Pack - PT 1 - B0DY6K7RQH - Jan 2026,United States,NM  - SP - STR - 12 Pack - PT 1 - B0DY6K7RQH - Jan 2026,Amazon,"asin=""B07XLDWTY5""",-,13,0.0000%,0,0.0000%,0,0,,,0,0,0,,0,0,0,0
"Feb 13, 2026","Feb 28, 2026",Sachets,USD,NM  - SP - STR - 12 Pack - PT 1 - B0DY6K7RQH - Jan 2026,United States,NM  - SP - STR - 12 Pack - PT 1 - B0DY6K7RQH - Jan 2026,Amazon,"asin=""B0D64HBCQF""",-,4,0.0000%,1,25.0000%,1,1,,0.00,0,0,0,0.0000%,0,0,0,0
"Feb 01, 2026","Mar 13, 2026",Sachets,USD,NM  - SP - STR - 12 Pack - PT 1 - B0DY6K7RQH - Jan 2026,United States,NM  - SP - STR - 12 Pack - PT 1 - B0DY6K7RQH - Jan 2026,Amazon,"asin=""B002DYIZEE""",-,158,0.0000%,3,1.8987%,1,3,,0.00,0,0,0,0.0000%,0,0,0,0
"Feb 02, 2026","Mar 03, 2026",Sachets,USD,NM  - SP - STR - 12 Pack - PT 1 - B0DY6K7RQH - Jan 2026,United States,NM  - SP - STR - 12 Pack - PT 1 - B0DY6K7RQH - Jan 2026,Amazon,"asin=""B002DYIZEO""",-,45,0.0000%,0,0.0000%,0,0,,,0,0,0,,0,0,0,0
"Feb 19, 2026","Feb 19, 2026",Sachets,USD,NM  - SP - STR - 12 Pack - PT 1 - B0DY6K7RQH - Jan 2026,United States,NM  - SP - STR - 12 Pack - PT 1 - B0DY6K7RQH - Jan 2026,Amazon,"asin=""B07K7F5B3Z""",-,1,0.0000%,0,0.0000%,0,0,,,0,0,0,,0,0,0,0
"Feb 25, 2026","Feb 25, 2026",Sachets,USD,NM  - SP - STR - 12 Pack - PT 1 - B0DY6K7RQH - Jan 2026,United States,NM  - SP - STR - 12 Pack - PT 1 - B0DY6K7RQH - Jan 2026,Amazon,"asin=""B0DMK9ZJ1M""",-,0,,0,,0,0,,,0,0,0,,0,0,0,0
"Feb 01, 2026","Mar 03, 2026",Jars,USD,NM - SP - STR - PT 6 - Jars - Jan 2026,United States,NM - SP - STR - PT 6 - Jars - Jan 2026,Amazon,"asin=""B0D13XGK2P""",-,14,9.0900%,0,0.0000%,0,0,,,0,0,0,,0,0,0,0
"Feb 21, 2026","Mar 14, 2026",Jars,USD,NM - SP - STR - PT 6 - Jars - Jan 2026,United States,NM - SP - STR - PT 6 - Jars - Jan 2026,Amazon,"asin=""B0F3Q18HZG""",-,0,0.0000%,0,,0,0,,,0,0,0,,0,0,0,0
"Feb 18, 2026","Feb 18, 2026",Jars,USD,NM - SP - STR - PT 6 - Jars - Jan 2026,United States,NM - SP - STR - PT 6 - Jars - Jan 2026,Amazon,"asin=""B0DQ6CLWCD""",-,3,,0,0.0000%,0,0,,,0,0,0,,0,0,0,0
"Feb 10, 2026","Mar 10, 2026",Jars,USD,NM - SP - STR - PT 6 - Jars - Jan 2026,United States,NM - SP - STR - PT 6 - Jars - Jan 2026,Amazon,"asin=""B002U7YZXY""",-,5,0.0400%,0,0.0000%,0,0,,,0,0,0,,0,0,0,0
"Mar 06, 2026","Mar 06, 2026",Jars,USD,NM - SP - STR - PT 6 - Jars - Jan 2026,United States,NM - SP - STR - PT 6 - Jars - Jan 2026,Amazon,"asin=""B0CJCPS3NS""",-,0,,0,,0,0,,,0,0,0,,0,0,0,0
"Feb 03, 2026","Feb 03, 2026",Jars,USD,NM - SP - STR - PT 6 - Jars - Jan 2026,United States,NM - SP - STR - PT 6 - Jars - Jan 2026,Amazon,"asin=""B07G3GB5YY""",-,1,0.0000%,0,0.0000%,0,0,,,0,0,0,,0,0,0,0
"Feb 03, 2026","Mar 12, 2026",Jars,USD,NM - SP - STR - PT 6 - Jars - Jan 2026,United States,NM - SP - STR - PT 6 - Jars - Jan 2026,Amazon,"asin=""B0F3LYQCQS""",-,1,5.2600%,0,0.0000%,0,0,,,0,0,0,,0,0,0,0
"Feb 04, 2026","Mar 13, 2026",Sachets,USD,NM  - SP - STR - 12 Pack - PT 7 - B0DY6K7RQH - Jan 2026,United States,NM  - SP - STR - 12 Pack - PT 7 - B0DY6K7RQH - Jan 2026,Amazon,"asin=""B08BYYSVH7""",-,68,4.2600%,4,5.8824%,2,7,,0.00,0,0,0,0.0000%,0,0,0,0
"Feb 05, 2026","Mar 02, 2026",Sachets,USD,NM  - SP - STR - 12 Pack - PT 7 - B0DY6K7RQH - Jan 2026,United States,NM  - SP - STR - 12 Pack - PT 7 - B0DY6K7RQH - Jan 2026,Amazon,"asin=""B0F6JJMB3F""",-,2,,0,0.0000%,0,0,,,0,0,0,,0,0,0,0
"Feb 05, 2026","Mar 03, 2026",Sachets,USD,NM  - SP - STR - 12 Pack - PT 7 - B0DY6K7RQH - Jan 2026,United States,NM  - SP - STR - 12 Pack - PT 7 - B0DY6K7RQH - Jan 2026,Amazon,"asin=""B0BXMPBRJZ""",-,10,0.2400%,0,0.0000%,0,0,,,0,0,0,,0,0,0,0
"Feb 03, 2026","Mar 01, 2026",Sachets,USD,NM  - SP - STR - 12 Pack - PT 7 - B0DY6K7RQH - Jan 2026,United States,NM  - SP - STR - 12 Pack - PT 7 - B0DY6K7RQH - Jan 2026,Amazon,"asin=""B0D5Q7H3BJ""",-,2,0.0000%,0,0.0000%,0,0,,,0,0,0,,0,0,0,0
"Feb 01, 2026","Mar 03, 2026",Sachets,USD,NM  - SP - STR - 12 Pack - PT 7 - B0DY6K7RQH - Jan 2026,United States,NM  - SP - STR - 12 Pack - PT 7 - B0DY6K7RQH - Jan 2026,Amazon,"asin=""B07SH31T9V""",-,22,0.0700%,0,0.0000%,0,0,,,0,0,0,,0,0,0,0
"Feb 01, 2026","Mar 02, 2026",Sachets,USD,NM  - SP - STR - 12 Pack - PT 7 - B0DY6K7RQH - Jan 2026,United States,NM  - SP - STR - 12 Pack - PT 7 - B0DY6K7RQH - Jan 2026,Amazon,"asin=""B0D6PNQ2T7""",-,13,2.7100%,0,0.0000%,0,0,,,0,0,0,,0,0,0,0
"Feb 01, 2026","Mar 03, 2026",Sachets,USD,NM  - SP - STR - 12 Pack - PT 7 - B0DY6K7RQH - Jan 2026,United States,NM  - SP - STR - 12 Pack - PT 7 - B0DY6K7RQH - Jan 2026,Amazon,"asin=""B08JN8TSHH""",-,64,4.7300%,0,0.0000%,0,0,,,0,0,0,,0,0,0,0
"Feb 03, 2026","Feb 03, 2026",Sachets,USD,NM  - SP - STR - 12 Pack - PT 7 - B0DY6K7RQH - Jan 2026,United States,NM  - SP - STR - 12 Pack - PT 7 - B0DY6K7RQH - Jan 2026,Amazon,"asin=""B0CM5777HL""",-,1,10.0000%,0,0.0000%,0,0,,,0,0,0,,0,0,0,0
"Feb 10, 2026","Mar 03, 2026",Sachets,USD,NM  - SP - STR - 12 Pack - PT 7 - B0DY6K7RQH - Jan 2026,United States,NM  - SP - STR - 12 Pack - PT 7 - B0DY6K7RQH - Jan 2026,Amazon,"asin=""B000FGXL50""",-,1,0.0000%,0,0.0000%,0,0,,,0,0,0,,0,0,0,0
"Feb 02, 2026","Mar 01, 2026",Sachets,USD,NM  - SP - STR - 12 Pack - PT 7 - B0DY6K7RQH - Jan 2026,United States,NM  - SP - STR - 12 Pack - PT 7 - B0DY6K7RQH - Jan 2026,Amazon,"asin=""B0D9D359MK""",-,8,2.3700%,0,0.0000%,0,0,,,0,0,0,,0,0,0,0
"Feb 02, 2026","Mar 01, 2026",Sachets,USD,NM  - SP - STR - 4 Pack - PT 1 - B0DJ3J2CKX - Jan 2026,United States,NM  - SP - STR - 4 Pack - PT 1 - B0DJ3J2CKX - Jan 2026,Amazon,"asin=""B0DVD72YDL""",-,31,1.8200%,0,0.0000%,0,0,,,0,0,0,,0,0,0,0
"Feb 01, 2026","Mar 02, 2026",Sachets,USD,NM  - SP - STR - 4 Pack - PT 1 - B0DJ3J2CKX - Jan 2026,United States,NM  - SP - STR - 4 Pack - PT 1 - B0DJ3J2CKX - Jan 2026,Amazon,"asin=""B00SCO8AA8""",-,114,0.0100%,5,4.3860%,1,4,76.9697%,1.30,5,1,1,20.0000%,1,0,5,0
"Feb 01, 2026","Mar 04, 2026",Sachets,USD,NM  - SP - STR - 4 Pack - PT 1 - B0DJ3J2CKX - Jan 2026,United States,NM  - SP - STR - 4 Pack - PT 1 - B0DJ3J2CKX - Jan 2026,Amazon,"asin=""B07XLDWTY5""",-,14,0.0000%,0,0.0000%,0,0,,,0,0,0,,0,0,0,0
"Feb 28, 2026","Feb 28, 2026",Sachets,USD,NM  - SP - STR - 4 Pack - PT 1 - B0DJ3J2CKX - Jan 2026,United States,NM  - SP - STR - 4 Pack - PT 1 - B0DJ3J2CKX - Jan 2026,Amazon,"asin=""B0D64HBCQF""",-,3,0.0000%,0,0.0000%,0,0,,,0,0,0,,0,0,0,0
"Feb 28, 2026","Mar 01, 2026",Sachets,USD,NM  - SP - STR - 4 Pack - PT 1 - B0DJ3J2CKX - Jan 2026,United States,NM  - SP - STR - 4 Pack - PT 1 - B0DJ3J2CKX - Jan 2026,Amazon,"asin=""B0CZ4JYB9M""",-,5,0.0000%,0,0.0000%,0,0,,,0,0,0,,0,0,0,0
"Feb 01, 2026","Mar 05, 2026",Sachets,USD,NM  - SP - STR - 4 Pack - PT 1 - B0DJ3J2CKX - Jan 2026,United States,NM  - SP - STR - 4 Pack - PT 1 - B0DJ3J2CKX - Jan 2026,Amazon,"asin=""B002DYIZEE""",-,369,0.0000%,6,1.6260%,1,5,,0.00,0,0,0,0.0000%,0,0,0,0
"Feb 01, 2026","Mar 05, 2026",Sachets,USD,NM  - SP - STR - 4 Pack - PT 1 - B0DJ3J2CKX - Jan 2026,United States,NM  - SP - STR - 4 Pack - PT 1 - B0DJ3J2CKX - Jan 2026,Amazon,"asin=""B002DYIZEO""",-,91,0.0000%,2,2.1978%,1,1,,0.00,0,0,0,0.0000%,0,0,0,0
"Feb 06, 2026","Feb 21, 2026",Sachets,USD,NM  - SP - STR - 4 Pack - PT 6 - B0DJ3J2CKX - Jan 2026,United States,NM  - SP - STR - 4 Pack - PT 6 - B0DJ3J2CKX - Jan 2026,Amazon,"asin=""B0D13XGK2P""",-,7,0.0000%,0,0.0000%,0,0,,,0,0,0,,0,0,0,0
"Mar 01, 2026","Mar 01, 2026",Sachets,USD,NM  - SP - STR - 4 Pack - PT 6 - B0DJ3J2CKX - Jan 2026,United States,NM  - SP - STR - 4 Pack - PT 6 - B0DJ3J2CKX - Jan 2026,Amazon,"asin=""B0CP899NZJ""",-,1,,0,0.0000%,0,0,,,0,0,0,,0,0,0,0
"Feb 03, 2026","Feb 11, 2026",Sachets,USD,NM  - SP - STR - 4 Pack - PT 6 - B0DJ3J2CKX - Jan 2026,United States,NM  - SP - STR - 4 Pack - PT 6 - B0DJ3J2CKX - Jan 2026,Amazon,"asin=""B0DQ6CLWCD""",-,2,25.0000%,0,0.0000%,0,0,,,0,0,0,,0,0,0,0
"Feb 01, 2026","Feb 23, 2026",Sachets,USD,NM  - SP - STR - 4 Pack - PT 6 - B0DJ3J2CKX - Jan 2026,United States,NM  - SP - STR - 4 Pack - PT 6 - B0DJ3J2CKX - Jan 2026,Amazon,"asin=""B002U7YZXY""",-,4,0.0000%,0,0.0000%,0,0,,,0,0,0,,0,0,0,0
"Feb 12, 2026","Feb 14, 2026",Sachets,USD,NM  - SP - STR - 4 Pack - PT 6 - B0DJ3J2CKX - Jan 2026,United States,NM  - SP - STR - 4 Pack - PT 6 - B0DJ3J2CKX - Jan 2026,Amazon,"asin=""B0CJCPS3NS""",-,5,0.2000%,0,0.0000%,0,0,,,0,0,0,,0,0,0,0
"Feb 01, 2026","Feb 28, 2026",Sachets,USD,NM  - SP - STR - 4 Pack - PT 6 - B0DJ3J2CKX - Jan 2026,United States,NM  - SP - STR - 4 Pack - PT 6 - B0DJ3J2CKX - Jan 2026,Amazon,"asin=""B0D2R7RP9Q""",-,49,2.2300%,3,6.1224%,1,4,,0.00,0,0,0,0.0000%,0,0,0,0
"Feb 09, 2026","Mar 04, 2026",Sachets,USD,NM  - SP - STR - 4 Pack - PT 6 - B0DJ3J2CKX - Jan 2026,United States,NM  - SP - STR - 4 Pack - PT 6 - B0DJ3J2CKX - Jan 2026,Amazon,"asin=""B07G3GB5YY""",-,4,0.0000%,0,0.0000%,0,0,,,0,0,0,,0,0,0,0
"Feb 17, 2026","Mar 04, 2026",Sachets,USD,NM  - SP - STR - 4 Pack - PT 6 - B0DJ3J2CKX - Jan 2026,United States,NM  - SP - STR - 4 Pack - PT 6 - B0DJ3J2CKX - Jan 2026,Amazon,"asin=""B08J724YMS""",-,3,0.0000%,0,0.0000%,0,0,,,0,0,0,,0,0,0,0
"Feb 03, 2026","Feb 20, 2026",Sachets,USD,NM  - SP - STR - 4 Pack - PT 6 - B0DJ3J2CKX - Jan 2026,United States,NM  - SP - STR - 4 Pack - PT 6 - B0DJ3J2CKX - Jan 2026,Amazon,"asin=""B0F3LYQCQS""",-,0,,0,,0,0,,,0,0,0,,0,0,0,0
"Feb 02, 2026","Mar 02, 2026",Sachets,USD,NM  - SP - STR - 4 Pack - PT - B0DJ3J2CKX - Jan 2026,United States,NM  - SP - STR - 4 Pack - PT - B0DJ3J2CKX - Jan 2026,Amazon,"asin=""B0DBRXNVMQ""",-,2,0.0000%,0,0.0000%,0,0,,,0,0,0,,0,0,0,0
"Feb 01, 2026","Mar 05, 2026",Sachets,USD,NM  - SP - STR - 4 Pack - PT - B0DJ3J2CKX - Jan 2026,United States,NM  - SP - STR - 4 Pack - PT - B0DJ3J2CKX - Jan 2026,Amazon,"asin=""B0DVWKPJ32""",-,123,0.0200%,1,0.8130%,1,1,,0.00,0,0,0,0.0000%,0,0,0,0
"Feb 01, 2026","Mar 05, 2026",Sachets,USD,NM  - SP - STR - 4 Pack - PT - B0DJ3J2CKX - Jan 2026,United States,NM  - SP - STR - 4 Pack - PT - B0DJ3J2CKX - Jan 2026,Amazon,"asin=""B0D1SWFG1V""",-,461,0.0000%,1,0.2169%,1,1,,0.00,0,0,0,0.0000%,0,0,0,0
"Feb 01, 2026","Mar 05, 2026",Sachets,USD,NM  - SP - STR - 4 Pack - PT - B0DJ3J2CKX - Jan 2026,United States,NM  - SP - STR - 4 Pack - PT - B0DJ3J2CKX - Jan 2026,Amazon,"asin=""B01IIGQ5KG""",-,135,0.0100%,6,4.4444%,1,4,,0.00,0,0,0,0.0000%,0,0,0,0
"Feb 03, 2026","Mar 02, 2026",Sachets,USD,NM  - SP - STR - 4 Pack - PT - B0DJ3J2CKX - Jan 2026,United States,NM  - SP - STR - 4 Pack - PT - B0DJ3J2CKX - Jan 2026,Amazon,"asin=""B0C6793K5M""",-,30,1.7500%,1,3.3333%,1,1,,0.00,0,0,0,0.0000%,0,0,0,0
"Mar 01, 2026","Mar 03, 2026",Sachets,USD,NM  - SP - STR - 4 Pack - PT - B0DJ3J2CKX - Jan 2026,United States,NM  - SP - STR - 4 Pack - PT - B0DJ3J2CKX - Jan 2026,Amazon,"asin=""B0BZJRBQSH""",-,3,,0,0.0000%,0,0,,,0,0,0,,0,0,0,0
"Feb 01, 2026","Mar 05, 2026",Sachets,USD,NM  - SP - STR - 4 Pack - PT - B0DJ3J2CKX - Jan 2026,United States,NM  - SP - STR - 4 Pack - PT - B0DJ3J2CKX - Jan 2026,Amazon,"asin=""B0CGGC4DNW""",-,111,0.9400%,1,0.9009%,1,1,,0.00,0,0,0,0.0000%,0,0,0,0
"Feb 01, 2026","Mar 03, 2026",Sachets,USD,NM  - SP - STR - 4 Pack - PT - B0DJ3J2CKX - Jan 2026,United States,NM  - SP - STR - 4 Pack - PT - B0DJ3J2CKX - Jan 2026,Amazon,"asin=""B0BHBBQ2V1""",-,4,,0,0.0000%,0,0,,,0,0,0,,0,0,0,0
"Feb 01, 2026","Mar 04, 2026",Sachets,USD,NM  - SP - STR - 4 Pack - PT - B0DJ3J2CKX - Jan 2026,United States,NM  - SP - STR - 4 Pack - PT - B0DJ3J2CKX - Jan 2026,Amazon,"asin=""B0DQWLCR5J""",-,46,0.1500%,5,10.8696%,1,4,24.1611%,4.14,15,2,2,40.0000%,2,0,15,0
"Feb 01, 2026","Mar 04, 2026",Sachets,USD,NM  - SP - GPT - 4 Pack - Exact - B0DJ3J2CKX - Jan 2026,United States,NM  - SP - GPT - 4 Pack - Exact - B0DJ3J2CKX - Jan 2026,Amazon,electrolyte packets,EXACT,349,0.0100%,11,3.1519%,1,10,,0.00,0,0,0,0.0000%,0,0,0,0
"Feb 01, 2026","Mar 04, 2026",Sachets,USD,NM  - SP - GPT - 4 Pack - Exact - B0DJ3J2CKX - Jan 2026,United States,NM  - SP - GPT - 4 Pack - Exact - B0DJ3J2CKX - Jan 2026,Amazon,electrolyte powder packets,EXACT,2166,0.0100%,36,1.6620%,1,36,360.7071%,0.28,10,2,2,5.5556%,2,0,10,0
"Feb 01, 2026","Mar 05, 2026",Sachets,USD,NM  - SP - GPT - 4 Pack - Exact - B0DJ3J2CKX - Jan 2026,United States,NM  - SP - GPT - 4 Pack - Exact - B0DJ3J2CKX - Jan 2026,Amazon,electrolytes with creatine,EXACT,2663,4.2700%,16,0.6008%,2,40,82.9467%,1.21,48,3,3,18.7500%,1,2,5,43
"Feb 02, 2026","Feb 02, 2026",Sachets,USD,NM  - SP - GPT - 4 Pack - Exact - B0DJ3J2CKX - Jan 2026,United States,NM  - SP - GPT - 4 Pack - Exact - B0DJ3J2CKX - Jan 2026,Amazon,workout electrolytes,EXACT,1,0.0000%,0,0.0000%,0,0,,,0,0,0,,0,0,0,0
"Feb 03, 2026","Feb 03, 2026",Sachets,USD,NM  - SP - GPT - 4 Pack - Exact - B0DJ3J2CKX - Jan 2026,United States,NM  - SP - GPT - 4 Pack - Exact - B0DJ3J2CKX - Jan 2026,Amazon,electrolyte drink mix packets,EXACT,0,0.0000%,0,,0,0,,,0,0,0,,0,0,0,0
"Feb 01, 2026","Mar 08, 2026",Jars,USD,NM - SP - STR - PT 7 - Jars - Jan 2026,United States,NM - SP - STR - PT 7 - Jars - Jan 2026,Amazon,"asin=""B0F6JJMB3F""",-,7,11.7600%,0,0.0000%,0,0,,,0,0,0,,0,0,0,0
"Feb 17, 2026","Feb 17, 2026",Jars,USD,NM - SP - STR - PT 7 - Jars - Jan 2026,United States,NM - SP - STR - PT 7 - Jars - Jan 2026,Amazon,"asin=""B0BXMPBRJZ""",-,1,0.0000%,0,0.0000%,0,0,,,0,0,0,,0,0,0,0
"Feb 04, 2026","Mar 18, 2026",Jars,USD,NM - SP - STR - PT 7 - Jars - Jan 2026,United States,NM - SP - STR - PT 7 - Jars - Jan 2026,Amazon,"asin=""B07SH31T9V""",-,31,0.0500%,0,0.0000%,0,0,,,0,0,0,,0,0,0,0
"Feb 16, 2026","Feb 21, 2026",Jars,USD,NM - SP - STR - PT 7 - Jars - Jan 2026,United States,NM - SP - STR - PT 7 - Jars - Jan 2026,Amazon,"asin=""B0D6PNQ2T7""",-,1,,0,0.0000%,0,0,,,0,0,0,,0,0,0,0
"Feb 26, 2026","Feb 26, 2026",Jars,USD,NM - SP - STR - PT 7 - Jars - Jan 2026,United States,NM - SP - STR - PT 7 - Jars - Jan 2026,Amazon,"asin=""B08JN8TSHH""",-,0,,0,,0,0,,,0,0,0,,0,0,0,0
"Feb 04, 2026","Feb 19, 2026",Jars,USD,NM - SP - STR - PT 7 - Jars - Jan 2026,United States,NM - SP - STR - PT 7 - Jars - Jan 2026,Amazon,"asin=""B000FGXL50""",-,3,4.9200%,0,0.0000%,0,0,,,0,0,0,,0,0,0,0
"Feb 06, 2026","Mar 01, 2026",Jars,USD,NM - SP - STR - PT 7 - Jars - Jan 2026,United States,NM - SP - STR - PT 7 - Jars - Jan 2026,Amazon,"asin=""B0D9D359MK""",-,1,0.0000%,0,0.0000%,0,0,,,0,0,0,,0,0,0,0
"Feb 02, 2026","Feb 28, 2026",Jars,USD,NM - SP - STR - PT 2 - Jars - Jan 2026,United States,NM - SP - STR - PT 2 - Jars - Jan 2026,Amazon,"asin=""B0CCJZVJYG""",-,9,0.0000%,0,0.0000%,0,0,,,0,0,0,,0,0,0,0
"Feb 03, 2026","Mar 17, 2026",Jars,USD,NM - SP - STR - PT 2 - Jars - Jan 2026,United States,NM - SP - STR - PT 2 - Jars - Jan 2026,Amazon,"asin=""B0DXFVM72V""",-,11,3.5100%,0,0.0000%,0,0,,,0,0,0,,0,0,0,0
"Feb 05, 2026","Mar 18, 2026",Jars,USD,NM - SP - STR - PT 2 - Jars - Jan 2026,United States,NM - SP - STR - PT 2 - Jars - Jan 2026,Amazon,"asin=""B0F258CTG3""",-,5,0.2400%,0,0.0000%,0,0,,,0,0,0,,0,0,0,0
"Feb 01, 2026","Mar 10, 2026",Jars,USD,NM - SP - STR - PT 2 - Jars - Jan 2026,United States,NM - SP - STR - PT 2 - Jars - Jan 2026,Amazon,"asin=""B0C4899NZF""",-,0,0.0000%,0,,0,0,,,0,0,0,,0,0,0,0
"Feb 03, 2026","Mar 14, 2026",Jars,USD,NM - SP - STR - PT 2 - Jars - Jan 2026,United States,NM - SP - STR - PT 2 - Jars - Jan 2026,Amazon,"asin=""B0DSHXBJ7B""",-,3,25.0000%,0,0.0000%,0,0,,,0,0,0,,0,0,0,0
"Feb 02, 2026","Mar 15, 2026",Jars,USD,NM - SP - STR - PT 2 - Jars - Jan 2026,United States,NM - SP - STR - PT 2 - Jars - Jan 2026,Amazon,"asin=""B0CLG1HBYY""",-,2,7.6900%,0,0.0000%,0,0,,,0,0,0,,0,0,0,0
"Feb 16, 2026","Feb 16, 2026",Jars,USD,NM - SP - STR - PT 2 - Jars - Jan 2026,United States,NM - SP - STR - PT 2 - Jars - Jan 2026,Amazon,"asin=""B0CK94R8TB""",-,0,,0,,0,0,,,0,0,0,,0,0,0,0
"Feb 01, 2026","Mar 04, 2026",Sachets,USD,NM  - SP - STR - 4 Pack - PT 2 - B0DJ3J2CKX - Jan 2026,United States,NM  - SP - STR - 4 Pack - PT 2 - B0DJ3J2CKX - Jan 2026,Amazon,"asin=""B09GL4R5NV""",-,241,1.3000%,2,0.8299%,1,2,,0.00,0,0,0,0.0000%,0,0,0,0
"Feb 01, 2026","Mar 03, 2026",Sachets,USD,NM  - SP - STR - 4 Pack - PT 2 - B0DJ3J2CKX - Jan 2026,United States,NM  - SP - STR - 4 Pack - PT 2 - B0DJ3J2CKX - Jan 2026,Amazon,"asin=""B0CCJZVJYG""",-,33,0.0000%,1,3.0303%,1,1,,0.00,0,0,0,0.0000%,0,0,0,0
"Feb 03, 2026","Mar 04, 2026",Sachets,USD,NM  - SP - STR - 4 Pack - PT 2 - B0DJ3J2CKX - Jan 2026,United States,NM  - SP - STR - 4 Pack - PT 2 - B0DJ3J2CKX - Jan 2026,Amazon,"asin=""B0C4899NZF""",-,0,0.0000%,0,,0,0,,,0,0,0,,0,0,0,0
"Feb 02, 2026","Feb 26, 2026",Sachets,USD,NM  - SP - STR - 4 Pack - PT 2 - B0DJ3J2CKX - Jan 2026,United States,NM  - SP - STR - 4 Pack - PT 2 - B0DJ3J2CKX - Jan 2026,Amazon,"asin=""B0CLG1HBYY""",-,16,0.0000%,0,0.0000%,0,0,,,0,0,0,,0,0,0,0
"Feb 01, 2026","Feb 24, 2026",Sachets,USD,NM  - SP - STR - 4 Pack - PT 2 - B0DJ3J2CKX - Jan 2026,United States,NM  - SP - STR - 4 Pack - PT 2 - B0DJ3J2CKX - Jan 2026,Amazon,"asin=""B0CK94R8TB""",-,27,0.0000%,2,7.4074%,1,1,,0.00,0,0,0,0.0000%,0,0,0,0
"Feb 01, 2026","Mar 01, 2026",Sachets,USD,NM  - SP - STR - 4 Pack - PT 2 - B0DJ3J2CKX - Jan 2026,United States,NM  - SP - STR - 4 Pack - PT 2 - B0DJ3J2CKX - Jan 2026,Amazon,"asin=""B0F258CTG3""",-,39,0.0000%,0,0.0000%,0,0,,,0,0,0,,0,0,0,0
"Feb 01, 2026","Mar 04, 2026",Sachets,USD,NM  - SP - STR - 4 Pack - PT 2 - B0DJ3J2CKX - Jan 2026,United States,NM  - SP - STR - 4 Pack - PT 2 - B0DJ3J2CKX - Jan 2026,Amazon,"asin=""B0DXFVM72V""",-,175,0.0300%,5,2.8571%,1,4,,0.00,0,0,0,0.0000%,0,0,0,0
"Mar 03, 2026","Mar 03, 2026",Jars,USD,NM - SP - STR - PT 3 - Jars - Jan 2026,United States,NM - SP - STR - PT 3 - Jars - Jan 2026,Amazon,"asin=""B0CM4JB864""",-,0,,0,,0,0,,,0,0,0,,0,0,0,0
"Feb 08, 2026","Feb 08, 2026",Jars,USD,NM - SP - STR - PT 3 - Jars - Jan 2026,United States,NM - SP - STR - PT 3 - Jars - Jan 2026,Amazon,"asin=""B0DQ2R23K4""",-,1,,0,0.0000%,0,0,,,0,0,0,,0,0,0,0
"Feb 23, 2026","Feb 25, 2026",Jars,USD,NM - SP - STR - PT 3 - Jars - Jan 2026,United States,NM - SP - STR - PT 3 - Jars - Jan 2026,Amazon,"asin=""B0D1SVZ24S""",-,0,0.0000%,0,,0,0,,,0,0,0,,0,0,0,0
"Feb 11, 2026","Mar 17, 2026",Jars,USD,NM - SP - STR - PT 3 - Jars - Jan 2026,United States,NM - SP - STR - PT 3 - Jars - Jan 2026,Amazon,"asin=""B0BRM8CT4N""",-,7,0.0000%,0,0.0000%,0,0,,,0,0,0,,0,0,0,0
"Mar 03, 2026","Mar 06, 2026",Jars,USD,NM - SP - STR - PT 3 - Jars - Jan 2026,United States,NM - SP - STR - PT 3 - Jars - Jan 2026,Amazon,"asin=""B0D4XDQSCH""",-,0,,0,,0,0,,,0,0,0,,0,0,0,0
"Feb 12, 2026","Mar 18, 2026",Jars,USD,NM - SP - STR - PT 3 - Jars - Jan 2026,United States,NM - SP - STR - PT 3 - Jars - Jan 2026,Amazon,"asin=""B09LLGRBF2""",-,0,,0,,0,0,,,0,0,0,,0,0,0,0
"Mar 02, 2026","Mar 02, 2026",Jars,USD,NM - SP - STR - PT 4 - Jars - Jan 2026,United States,NM - SP - STR - PT 4 - Jars - Jan 2026,Amazon,"asin=""B0DGQW4K61""",-,0,,0,,0,0,,,0,0,0,,0,0,0,0
"Feb 08, 2026","Mar 15, 2026",Jars,USD,NM - SP - STR - PT 4 - Jars - Jan 2026,United States,NM - SP - STR - PT 4 - Jars - Jan 2026,Amazon,"asin=""B0BQZ2S4R3""",-,6,8.1100%,0,0.0000%,0,0,,,0,0,0,,0,0,0,0
"Feb 09, 2026","Mar 11, 2026",Jars,USD,NM - SP - STR - PT 4 - Jars - Jan 2026,United States,NM - SP - STR - PT 4 - Jars - Jan 2026,Amazon,"asin=""B000GIQS0W""",-,9,0.0000%,0,0.0000%,0,0,,,0,0,0,,0,0,0,0
"Feb 12, 2026","Mar 17, 2026",Jars,USD,NM - SP - STR - PT 4 - Jars - Jan 2026,United States,NM - SP - STR - PT 4 - Jars - Jan 2026,Amazon,"asin=""B0DGFDFN65""",-,2,0.0000%,0,0.0000%,0,0,,,0,0,0,,0,0,0,0
"Mar 12, 2026","Mar 12, 2026",Jars,USD,NM - SP - STR - PT 4 - Jars - Jan 2026,United States,NM - SP - STR - PT 4 - Jars - Jan 2026,Amazon,"asin=""B08XS5WY1J""",-,0,,0,,0,0,,,0,0,0,,0,0,0,0
"Feb 11, 2026","Feb 12, 2026",Jars,USD,NM - SP - STR - PT 4 - Jars - Jan 2026,United States,NM - SP - STR - PT 4 - Jars - Jan 2026,Amazon,"asin=""B0DX1RRWSY""",-,1,,0,0.0000%,0,0,,,0,0,0,,0,0,0,0
"Feb 01, 2026","Mar 18, 2026",Jars,USD,NM - SP - STR - PT 4 - Jars - Jan 2026,United States,NM - SP - STR - PT 4 - Jars - Jan 2026,Amazon,"asin=""B0FDDFY6BZ""",-,4,21.7400%,0,0.0000%,0,0,,,0,0,0,,0,0,0,0
"Feb 02, 2026","Mar 14, 2026",Jars,USD,NM - SP - STR - PT 4 - Jars - Jan 2026,United States,NM - SP - STR - PT 4 - Jars - Jan 2026,Amazon,"asin=""B0CH1RQXQ1""",-,7,0.0000%,0,0.0000%,0,0,,,0,0,0,,0,0,0,0
"Feb 01, 2026","Mar 04, 2026",Sachets,USD,NM  - SP - GPT - 4 Pack - Phrase - B0DJ3J2CKX - Jan 2026,United States,NM  - SP - GPT - 4 Pack - Phrase - B0DJ3J2CKX - Jan 2026,Amazon,electrolyte drink mix,PHRASE,45,0.0000%,0,0.0000%,0,0,,,0,0,0,,0,0,0,0
"Feb 01, 2026","Mar 05, 2026",Sachets,USD,NM  - SP - GPT - 4 Pack - Phrase - B0DJ3J2CKX - Jan 2026,United States,NM  - SP - GPT - 4 Pack - Phrase - B0DJ3J2CKX - Jan 2026,Amazon,hydration packets,PHRASE,732,0.0000%,12,1.6393%,1,11,,0.00,0,0,0,0.0000%,0,0,0,0
"Feb 01, 2026","Mar 02, 2026",Sachets,USD,NM  - SP - GPT - 4 Pack - Phrase - B0DJ3J2CKX - Jan 2026,United States,NM  - SP - GPT - 4 Pack - Phrase - B0DJ3J2CKX - Jan 2026,Amazon,sports electrolytes,PHRASE,14,0.0000%,0,0.0000%,0,0,,,0,0,0,,0,0,0,0
"Feb 05, 2026","Feb 18, 2026",Sachets,USD,NM  - SP - GPT - 4 Pack - Phrase - B0DJ3J2CKX - Jan 2026,United States,NM  - SP - GPT - 4 Pack - Phrase - B0DJ3J2CKX - Jan 2026,Amazon,training hydration,PHRASE,1,0.0000%,0,0.0000%,0,0,,,0,0,0,,0,0,0,0
"Feb 12, 2026","Feb 12, 2026",Jars,USD,NM - SP - STR - PT 5 - Jars - Jan 2026,United States,NM - SP - STR - PT 5 - Jars - Jan 2026,Amazon,"asin=""B0F14STSL4""",-,1,50.0000%,0,0.0000%,0,0,,,0,0,0,,0,0,0,0
"Feb 01, 2026","Mar 18, 2026",Jars,USD,NM - SP - STR - PT 5 - Jars - Jan 2026,United States,NM - SP - STR - PT 5 - Jars - Jan 2026,Amazon,"asin=""B0DRW9TZJC""",-,55,3.4100%,1,1.8182%,5,5,,0.00,0,0,0,0.0000%,0,0,0,0
"Feb 01, 2026","Mar 17, 2026",Jars,USD,NM - SP - STR - PT 5 - Jars - Jan 2026,United States,NM - SP - STR - PT 5 - Jars - Jan 2026,Amazon,"asin=""B0CY7WSJ86""",-,13,0.7900%,0,0.0000%,0,0,,,0,0,0,,0,0,0,0
"Feb 02, 2026","Feb 07, 2026",Jars,USD,NM - SP - STR - PT 5 - Jars - Jan 2026,United States,NM - SP - STR - PT 5 - Jars - Jan 2026,Amazon,"asin=""B0DVXMWYBC""",-,5,13.0400%,0,0.0000%,0,0,,,0,0,0,,0,0,0,0
"Feb 03, 2026","Mar 11, 2026",Jars,USD,NM - SP - STR - PT 5 - Jars - Jan 2026,United States,NM - SP - STR - PT 5 - Jars - Jan 2026,Amazon,"asin=""B0D741VYGW""",-,1,0.0000%,0,0.0000%,0,0,,,0,0,0,,0,0,0,0
"Feb 02, 2026","Mar 03, 2026",Jars,USD,NM - SP - STR - PT 5 - Jars - Jan 2026,United States,NM - SP - STR - PT 5 - Jars - Jan 2026,Amazon,"asin=""B0DPRCCKJK""",-,14,1.5100%,0,0.0000%,0,0,,,0,0,0,,0,0,0,0
"Feb 10, 2026","Mar 08, 2026",Jars,USD,NM - SP - STR - PT 5 - Jars - Jan 2026,United States,NM - SP - STR - PT 5 - Jars - Jan 2026,Amazon,"asin=""B0DHTZKH11""",-,0,,0,,0,0,,,0,0,0,,0,0,0,0
"Feb 01, 2026","Feb 23, 2026",Jars,USD,NM - SP - STR - PT 5 - Jars - Jan 2026,United States,NM - SP - STR - PT 5 - Jars - Jan 2026,Amazon,"asin=""B0CPRKR328""",-,1,,0,0.0000%,0,0,,,0,0,0,,0,0,0,0
"Feb 01, 2026","Mar 17, 2026",Jars,USD,NM - SP - STR - PT 5 - Jars - Jan 2026,United States,NM - SP - STR - PT 5 - Jars - Jan 2026,Amazon,"asin=""B0F257BKKB""",-,401,0.1400%,18,4.4888%,5,87,181.6493%,0.55,48,2,2,11.1111%,1,1,33,15
"Feb 01, 2026","Mar 09, 2026",Jars,USD,NM - SP - STR - PT 5 - Jars - Jan 2026,United States,NM - SP - STR - PT 5 - Jars - Jan 2026,Amazon,"asin=""B09T5YLGV4""",-,3,2.0100%,0,0.0000%,0,0,,,0,0,0,,0,0,0,0
"Feb 02, 2026","Mar 05, 2026",Sachets,USD,NM  - SP - STR - 12 Pack - PT 6 - B0DY6K7RQH - Jan 2026,United States,NM  - SP - STR - 12 Pack - PT 6 - B0DY6K7RQH - Jan 2026,Amazon,"asin=""B0D13XGK2P""",-,79,8.2600%,4,5.0633%,2,6,21.2040%,4.72,30,2,2,50.0000%,2,0,30,0
"Feb 01, 2026","Mar 05, 2026",Sachets,USD,NM  - SP - STR - 12 Pack - PT 6 - B0DY6K7RQH - Jan 2026,United States,NM  - SP - STR - 12 Pack - PT 6 - B0DY6K7RQH - Jan 2026,Amazon,"asin=""B0DQ6CLWCD""",-,9,0.0000%,0,0.0000%,0,0,,,0,0,0,,0,0,0,0
"Feb 10, 2026","Mar 03, 2026",Sachets,USD,NM  - SP - STR - 12 Pack - PT 6 - B0DY6K7RQH - Jan 2026,United States,NM  - SP - STR - 12 Pack - PT 6 - B0DY6K7RQH - Jan 2026,Amazon,"asin=""B002U7YZXY""",-,7,0.0100%,0,0.0000%,0,0,,,0,0,0,,0,0,0,0
"Feb 12, 2026","Feb 14, 2026",Sachets,USD,NM  - SP - STR - 12 Pack - PT 6 - B0DY6K7RQH - Jan 2026,United States,NM  - SP - STR - 12 Pack - PT 6 - B0DY6K7RQH - Jan 2026,Amazon,"asin=""B0CJCPS3NS""",-,5,0.4000%,0,0.0000%,0,0,,,0,0,0,,0,0,0,0
"Feb 02, 2026","Mar 05, 2026",Sachets,USD,NM  - SP - STR - 12 Pack - PT 6 - B0DY6K7RQH - Jan 2026,United States,NM  - SP - STR - 12 Pack - PT 6 - B0DY6K7RQH - Jan 2026,Amazon,"asin=""B0D2R7RP9Q""",-,39,3.0000%,1,2.5641%,1,1,,0.00,0,0,0,0.0000%,0,0,0,0
"Mar 04, 2026","Mar 04, 2026",Sachets,USD,NM  - SP - STR - 12 Pack - PT 6 - B0DY6K7RQH - Jan 2026,United States,NM  - SP - STR - 12 Pack - PT 6 - B0DY6K7RQH - Jan 2026,Amazon,"asin=""B07G3GB5YY""",-,1,,0,0.0000%,0,0,,,0,0,0,,0,0,0,0
"Feb 02, 2026","Mar 04, 2026",Sachets,USD,NM  - SP - STR - 12 Pack - PT 6 - B0DY6K7RQH - Jan 2026,United States,NM  - SP - STR - 12 Pack - PT 6 - B0DY6K7RQH - Jan 2026,Amazon,"asin=""B08J724YMS""",-,6,0.3300%,0,0.0000%,0,0,,,0,0,0,,0,0,0,0
"Feb 13, 2026","Feb 20, 2026",Sachets,USD,NM  - SP - STR - 12 Pack - PT 6 - B0DY6K7RQH - Jan 2026,United States,NM  - SP - STR - 12 Pack - PT 6 - B0DY6K7RQH - Jan 2026,Amazon,"asin=""B0F3LYQCQS""",-,0,,0,,0,0,,,0,0,0,,0,0,0,0
"Feb 01, 2026","Mar 18, 2026",Stick Packs,USD,NM - SP - PT 1 - Stick Packs - Multi - Jan 2026,United States,NM - SP - PT 1 - Stick Packs - Multi - Jan 2026,Amazon,"asin=""B0CPGL7DVX""",-,30,0.0000%,0,0.0000%,0,0,,,0,0,0,,0,0,0,0
"Feb 10, 2026","Mar 17, 2026",Stick Packs,USD,NM - SP - PT 1 - Stick Packs - Multi - Jan 2026,United States,NM - SP - PT 1 - Stick Packs - Multi - Jan 2026,Amazon,"asin=""B08VPVM3RR""",-,3,20.0000%,1,33.3333%,2,2,,0.00,0,0,0,0.0000%,0,0,0,0
"Feb 01, 2026","Mar 17, 2026",Stick Packs,USD,NM - SP - PT 1 - Stick Packs - Multi - Jan 2026,United States,NM - SP - PT 1 - Stick Packs - Multi - Jan 2026,Amazon,"asin=""B08WQ2XK1J""",-,2,0.0000%,0,0.0000%,0,0,,,0,0,0,,0,0,0,0
"Feb 12, 2026","Mar 11, 2026",Stick Packs,USD,NM - SP - PT 1 - Stick Packs - Multi - Jan 2026,United States,NM - SP - PT 1 - Stick Packs - Multi - Jan 2026,Amazon,"asin=""B0DJV4XLH3""",-,2,,0,0.0000%,0,0,,,0,0,0,,0,0,0,0
"Feb 03, 2026","Mar 17, 2026",Stick Packs,USD,NM - SP - PT 1 - Stick Packs - Multi - Jan 2026,United States,NM - SP - PT 1 - Stick Packs - Multi - Jan 2026,Amazon,"asin=""B0B1ZJ9MZL""",-,3,0.0000%,0,0.0000%,0,0,,,0,0,0,,0,0,0,0
"Feb 01, 2026","Feb 01, 2026",Stick Packs,USD,NM - SP - PT 1 - Stick Packs - Multi - Jan 2026,United States,NM - SP - PT 1 - Stick Packs - Multi - Jan 2026,Amazon,"asin=""B0D4ZJV28Y""",-,0,,0,,0,0,,,0,0,0,,0,0,0,0
"Feb 02, 2026","Mar 17, 2026",Stick Packs,USD,NM - SP - PT 1 - Stick Packs - Multi - Jan 2026,United States,NM - SP - PT 1 - Stick Packs - Multi - Jan 2026,Amazon,"asin=""B0DH93VY5M""",-,9,4.3500%,0,0.0000%,0,0,,,0,0,0,,0,0,0,0
"Feb 01, 2026","Mar 17, 2026",Stick Packs,USD,NM - SP - PT 1 - Stick Packs - Multi - Jan 2026,United States,NM - SP - PT 1 - Stick Packs - Multi - Jan 2026,Amazon,"asin=""B0FZNT5V38""",-,15,3.4500%,0,0.0000%,0,0,,,0,0,0,,0,0,0,0
"Feb 06, 2026","Mar 12, 2026",Stick Packs,USD,NM - SP - PT 1 - Stick Packs - Multi - Jan 2026,United States,NM - SP - PT 1 - Stick Packs - Multi - Jan 2026,Amazon,"asin=""B0FZNCWMRJ""",-,3,,0,0.0000%,0,0,,,0,0,0,,0,0,0,0
"Feb 01, 2026","Mar 17, 2026",Stick Packs,USD,NM - SP - PT 1 - Stick Packs - Multi - Jan 2026,United States,NM - SP - PT 1 - Stick Packs - Multi - Jan 2026,Amazon,"asin=""B0FZN7GWM2""",-,5,0.0000%,0,0.0000%,0,0,,,0,0,0,,0,0,0,0
"Feb 01, 2026","Mar 18, 2026",Stick Packs,USD,NM - SP - PT 4 - Stick Packs - Multi - Jan 2026,United States,NM - SP - PT 4 - Stick Packs - Multi - Jan 2026,Amazon,"asin=""B071RCP9SC""",-,22,50.0000%,0,0.0000%,0,0,,,0,0,0,,0,0,0,0
"Feb 11, 2026","Mar 17, 2026",Stick Packs,USD,NM - SP - PT 4 - Stick Packs - Multi - Jan 2026,United States,NM - SP - PT 4 - Stick Packs - Multi - Jan 2026,Amazon,"asin=""B0CT4639FX""",-,15,1.2200%,0,0.0000%,0,0,,,0,0,0,,0,0,0,0
"Feb 02, 2026","Mar 14, 2026",Stick Packs,USD,NM - SP - PT 4 - Stick Packs - Multi - Jan 2026,United States,NM - SP - PT 4 - Stick Packs - Multi - Jan 2026,Amazon,"asin=""B0DH35ZFX1""",-,3,0.0000%,0,0.0000%,0,0,,,0,0,0,,0,0,0,0
"Feb 01, 2026","Mar 13, 2026",Stick Packs,USD,NM - SP - PT 4 - Stick Packs - Multi - Jan 2026,United States,NM - SP - PT 4 - Stick Packs - Multi - Jan 2026,Amazon,"asin=""B0F2JMQY8J""",-,8,0.0000%,0,0.0000%,0,0,,,0,0,0,,0,0,0,0
"Feb 03, 2026","Mar 08, 2026",Stick Packs,USD,NM - SP - Phrase - Branded - Stick Packs - Multi - Jan 2026,United States,NM - SP - Phrase - Branded - Stick Packs - Multi - Jan 2026,Amazon,harlow electrolytes,PHRASE,39,34.3800%,0,0.0000%,0,0,,,0,0,0,,0,0,0,0
"Feb 01, 2026","Mar 17, 2026",Stick Packs,USD,NM - SP - Phrase - Branded - Stick Packs - Multi - Jan 2026,United States,NM - SP - Phrase - Branded - Stick Packs - Multi - Jan 2026,Amazon,harlo electrolytes powder packets,PHRASE,504,,12,2.3810%,2,24,7.4512%,13.42,323,8,10,66.6667%,3,7,100,223
"Feb 06, 2026","Mar 08, 2026",Stick Packs,USD,NM - SP - Phrase - Branded - Stick Packs - Multi - Jan 2026,United States,NM - SP - Phrase - Branded - Stick Packs - Multi - Jan 2026,Amazon,harlo drink,PHRASE,24,0.0000%,0,0.0000%,0,0,,,0,0,0,,0,0,0,0
"Feb 02, 2026","Mar 06, 2026",Stick Packs,USD,NM - SP - PT - Stick Packs - Multi - Jan 2026,United States,NM - SP - PT - Stick Packs - Multi - Jan 2026,Amazon,"asin=""B0F1WZCPW5""",-,0,0.0000%,0,,0,0,,,0,0,0,,0,0,0,0
"Mar 02, 2026","Mar 18, 2026",Stick Packs,USD,NM - SP - PT - Stick Packs - Multi - Jan 2026,United States,NM - SP - PT - Stick Packs - Multi - Jan 2026,Amazon,"asin=""B0F1XNDF7L""",-,0,,0,,0,0,,,0,0,0,,0,0,0,0
"Feb 01, 2026","Mar 17, 2026",Stick Packs,USD,NM - SP - PT - Stick Packs - Multi - Jan 2026,United States,NM - SP - PT - Stick Packs - Multi - Jan 2026,Amazon,"asin=""B0CNPD998B""",-,21,0.0000%,0,0.0000%,0,0,,,0,0,0,,0,0,0,0
"Feb 01, 2026","Mar 11, 2026",Stick Packs,USD,NM - SP - PT - Stick Packs - Multi - Jan 2026,United States,NM - SP - PT - Stick Packs - Multi - Jan 2026,Amazon,"asin=""B0FL9Q1F5H""",-,3,0.0000%,0,0.0000%,0,0,,,0,0,0,,0,0,0,0
"Feb 04, 2026","Mar 17, 2026",Stick Packs,USD,NM - SP - PT - Stick Packs - Multi - Jan 2026,United States,NM - SP - PT - Stick Packs - Multi - Jan 2026,Amazon,"asin=""B0DQB8PXKS""",-,8,0.0000%,0,0.0000%,0,0,,,0,0,0,,0,0,0,0
"Feb 02, 2026","Mar 15, 2026",Stick Packs,USD,NM - SP - PT - Stick Packs - Multi - Jan 2026,United States,NM - SP - PT - Stick Packs - Multi - Jan 2026,Amazon,"asin=""B0DQ9TPPGK""",-,8,0.0000%,0,0.0000%,0,0,,,0,0,0,,0,0,0,0
"Feb 03, 2026","Mar 15, 2026",Stick Packs,USD,NM - SP - PT - Stick Packs - Multi - Jan 2026,United States,NM - SP - PT - Stick Packs - Multi - Jan 2026,Amazon,"asin=""B07DQSR431""",-,3,,0,0.0000%,0,0,,,0,0,0,,0,0,0,0
"Feb 24, 2026","Mar 15, 2026",Stick Packs,USD,NM - SP - PT - Stick Packs - Multi - Jan 2026,United States,NM - SP - PT - Stick Packs - Multi - Jan 2026,Amazon,"asin=""B0DJPN6C3D""",-,0,,0,,0,0,,,0,0,0,,0,0,0,0
"Feb 01, 2026","Mar 17, 2026",Stick Packs,USD,NM - SP - PT - Stick Packs - Multi - Jan 2026,United States,NM - SP - PT - Stick Packs - Multi - Jan 2026,Amazon,"asin=""B0D9VCSBCS""",-,10,0.0000%,0,0.0000%,0,0,,,0,0,0,,0,0,0,0
"Feb 01, 2026","Mar 17, 2026",Stick Packs,USD,NM - SP - PT - Stick Packs - Multi - Jan 2026,United States,NM - SP - PT - Stick Packs - Multi - Jan 2026,Amazon,"asin=""B0D9VCV9TN""",-,60,0.0000%,0,0.0000%,0,0,,,0,0,0,,0,0,0,0
"Feb 02, 2026","Mar 18, 2026",Stick Packs,USD,NM - SP - PT 2 - Stick Packs - Multi - Jan 2026,United States,NM - SP - PT 2 - Stick Packs - Multi - Jan 2026,Amazon,"asin=""B0CVX6YK9K""",-,0,0.4300%,0,,0,0,,,0,0,0,,0,0,0,0
"Feb 01, 2026","Mar 17, 2026",Stick Packs,USD,NM - SP - PT 2 - Stick Packs - Multi - Jan 2026,United States,NM - SP - PT 2 - Stick Packs - Multi - Jan 2026,Amazon,"asin=""B0CTPK5W6R""",-,10,0.0000%,0,0.0000%,0,0,,,0,0,0,,0,0,0,0
"Feb 01, 2026","Mar 17, 2026",Stick Packs,USD,NM - SP - PT 2 - Stick Packs - Multi - Jan 2026,United States,NM - SP - PT 2 - Stick Packs - Multi - Jan 2026,Amazon,"asin=""B0C8JLXK33""",-,17,9.5200%,0,0.0000%,0,0,,,0,0,0,,0,0,0,0
"Feb 03, 2026","Mar 17, 2026",Stick Packs,USD,NM - SP - PT 2 - Stick Packs - Multi - Jan 2026,United States,NM - SP - PT 2 - Stick Packs - Multi - Jan 2026,Amazon,"asin=""B0CDHQ3VLG""",-,7,4.0000%,0,0.0000%,0,0,,,0,0,0,,0,0,0,0
"Feb 01, 2026","Mar 16, 2026",Stick Packs,USD,NM - SP - PT 2 - Stick Packs - Multi - Jan 2026,United States,NM - SP - PT 2 - Stick Packs - Multi - Jan 2026,Amazon,"asin=""B0CJCP6DD3""",-,4,0.0000%,0,0.0000%,0,0,,,0,0,0,,0,0,0,0
"Feb 15, 2026","Mar 12, 2026",Stick Packs,USD,NM - SP - PT 2 - Stick Packs - Multi - Jan 2026,United States,NM - SP - PT 2 - Stick Packs - Multi - Jan 2026,Amazon,"asin=""B0D2LWJ69S""",-,2,,0,0.0000%,0,0,,,0,0,0,,0,0,0,0
"Feb 01, 2026","Mar 17, 2026",Stick Packs,USD,NM - SP - PT 2 - Stick Packs - Multi - Jan 2026,United States,NM - SP - PT 2 - Stick Packs - Multi - Jan 2026,Amazon,"asin=""B09FFC3KSW""",-,3,0.0000%,0,0.0000%,0,0,,,0,0,0,,0,0,0,0
"Feb 01, 2026","Mar 17, 2026",Stick Packs,USD,NM - SP - PT 2 - Stick Packs - Multi - Jan 2026,United States,NM - SP - PT 2 - Stick Packs - Multi - Jan 2026,Amazon,"asin=""B09FFCMTM1""",-,23,4.7600%,0,0.0000%,0,0,,,0,0,0,,0,0,0,0
"Feb 01, 2026","Mar 16, 2026",Stick Packs,USD,NM - SP - PT 2 - Stick Packs - Multi - Jan 2026,United States,NM - SP - PT 2 - Stick Packs - Multi - Jan 2026,Amazon,"asin=""B073XTTSPP""",-,12,0.0000%,0,0.0000%,0,0,,,0,0,0,,0,0,0,0
"Feb 03, 2026","Mar 15, 2026",Stick Packs,USD,NM - SP - PT 3 - Stick Packs - Multi - Jan 2026,United States,NM - SP - PT 3 - Stick Packs - Multi - Jan 2026,Amazon,"asin=""B0CNHDHZ3B""",-,5,0.0000%,0,0.0000%,0,0,,,0,0,0,,0,0,0,0
"Feb 03, 2026","Feb 26, 2026",Stick Packs,USD,NM - SP - PT 3 - Stick Packs - Multi - Jan 2026,United States,NM - SP - PT 3 - Stick Packs - Multi - Jan 2026,Amazon,"asin=""B0CNHCF8GG""",-,2,,0,0.0000%,0,0,,,0,0,0,,0,0,0,0
"Feb 01, 2026","Mar 18, 2026",Stick Packs,USD,NM - SP - PT 3 - Stick Packs - Multi - Jan 2026,United States,NM - SP - PT 3 - Stick Packs - Multi - Jan 2026,Amazon,"asin=""B0DJ299935""",-,14,0.3800%,0,0.0000%,0,0,,,0,0,0,,0,0,0,0
"Feb 01, 2026","Mar 18, 2026",Stick Packs,USD,NM - SP - PT 3 - Stick Packs - Multi - Jan 2026,United States,NM - SP - PT 3 - Stick Packs - Multi - Jan 2026,Amazon,"asin=""B0BNWC5L6K""",-,7,16.6700%,0,0.0000%,0,0,,,0,0,0,,0,0,0,0
"Mar 07, 2026","Mar 13, 2026",Stick Packs,USD,NM - SP - PT 3 - Stick Packs - Multi - Jan 2026,United States,NM - SP - PT 3 - Stick Packs - Multi - Jan 2026,Amazon,"asin=""B08YMRCNGC""",-,0,,0,,0,0,,,0,0,0,,0,0,0,0
"Feb 05, 2026","Mar 17, 2026",Stick Packs,USD,NM - SP - PT 3 - Stick Packs - Multi - Jan 2026,United States,NM - SP - PT 3 - Stick Packs - Multi - Jan 2026,Amazon,"asin=""B09LK4G57T""",-,46,0.0000%,0,0.0000%,0,0,,,0,0,0,,0,0,0,0
"Feb 01, 2026","Feb 17, 2026",Stick Packs,USD,NM - SP - PT 3 - Stick Packs - Multi - Jan 2026,United States,NM - SP - PT 3 - Stick Packs - Multi - Jan 2026,Amazon,"asin=""B0FVFY6YGQ""",-,1,50.0000%,0,0.0000%,0,0,,,0,0,0,,0,0,0,0
"Feb 01, 2026","Mar 18, 2026",Stick Packs,USD,NM - SP - PT 3 - Stick Packs - Multi - Jan 2026,United States,NM - SP - PT 3 - Stick Packs - Multi - Jan 2026,Amazon,"asin=""B01MTR2X0P""",-,6,0.0000%,0,0.0000%,0,0,,,0,0,0,,0,0,0,0
"Feb 01, 2026","Mar 16, 2026",Stick Packs,USD,NM - SP - PT 3 - Stick Packs - Multi - Jan 2026,United States,NM - SP - PT 3 - Stick Packs - Multi - Jan 2026,Amazon,"asin=""B0926XQSZ4""",-,3,0.0000%,0,0.0000%,0,0,,,0,0,0,,0,0,0,0
"Feb 02, 2026","Mar 18, 2026",Stick Packs,USD,NM - SP - PT 3 - Stick Packs - Multi - Jan 2026,United States,NM - SP - PT 3 - Stick Packs - Multi - Jan 2026,Amazon,"asin=""B01MSZMA0A""",-,9,3.2300%,0,0.0000%,0,0,,,0,0,0,,0,0,0,0
"Feb 01, 2026","Mar 18, 2026",Jars,USD,NM - SP - STR - Exact 1 - Jars - Jan 2026,United States,NM - SP - STR - Exact 1 - Jars - Jan 2026,Amazon,post workout recovery powder,EXACT,2152,0.0000%,2,0.0929%,4,8,,0.00,0,0,0,0.0000%,0,0,0,0
"Feb 04, 2026","Mar 16, 2026",Jars,USD,NM - SP - STR - Exact 1 - Jars - Jan 2026,United States,NM - SP - STR - Exact 1 - Jars - Jan 2026,Amazon,electrolytes collagen peptides powder,EXACT,12,31.2500%,0,0.0000%,0,0,,,0,0,0,,0,0,0,0
"Feb 01, 2026","Mar 18, 2026",Jars,USD,NM - SP - STR - Exact 1 - Jars - Jan 2026,United States,NM - SP - STR - Exact 1 - Jars - Jan 2026,Amazon,collagen drink mix,EXACT,770,2.5400%,4,0.5195%,3,12,,0.00,0,0,0,0.0000%,0,0,0,0
"Feb 05, 2026","Feb 26, 2026",Jars,USD,NM - SP - STR - Exact 1 - Jars - Jan 2026,United States,NM - SP - STR - Exact 1 - Jars - Jan 2026,Amazon,electrolyte powder plus creatine,EXACT,7,9.0900%,0,0.0000%,0,0,,,0,0,0,,0,0,0,0
"Feb 02, 2026","Mar 17, 2026",Jars,USD,NM - SP - STR - Exact 3 - Jars - Jan 2026,United States,NM - SP - STR - Exact 3 - Jars - Jan 2026,Amazon,electrolyte and creatine powder,EXACT,435,0.1800%,2,0.4598%,4,8,,0.00,0,0,0,0.0000%,0,0,0,0
"Feb 01, 2026","Mar 17, 2026",Jars,USD,NM - SP - STR - Exact 3 - Jars - Jan 2026,United States,NM - SP - STR - Exact 3 - Jars - Jan 2026,Amazon,electrolyte powder with collagen,EXACT,189,26.5100%,0,0.0000%,0,0,,,0,0,0,,0,0,0,0
"Feb 10, 2026","Feb 10, 2026",Jars,USD,NM - SP - STR - Exact 3 - Jars - Jan 2026,United States,NM - SP - STR - Exact 3 - Jars - Jan 2026,Amazon,electrolyte mix with creatine,EXACT,2,20.0000%,0,0.0000%,0,0,,,0,0,0,,0,0,0,0
"Feb 01, 2026","Mar 18, 2026",Jars,USD,NM - SP - STR - Exact 2 - Jars - Jan 2026,United States,NM - SP - STR - Exact 2 - Jars - Jan 2026,Amazon,electrolytes collagen protein,EXACT,84,22.8800%,1,1.1905%,4,4,,0.00,0,0,0,0.0000%,0,0,0,0
"Feb 01, 2026","Mar 16, 2026",Jars,USD,NM - SP - STR - Exact 2 - Jars - Jan 2026,United States,NM - SP - STR - Exact 2 - Jars - Jan 2026,Amazon,electrolytes creatine collagen,EXACT,776,19.6700%,0,0.0000%,0,0,,,0,0,0,,0,0,0,0
"Feb 01, 2026","Feb 11, 2026",Jars,USD,NM - SP - STR - Exact 2 - Jars - Jan 2026,United States,NM - SP - STR - Exact 2 - Jars - Jan 2026,Amazon,electrolyte creatine powder,EXACT,103,2.9900%,1,0.9709%,4,4,,0.00,0,0,0,0.0000%,0,0,0,0
"Feb 03, 2026","Feb 24, 2026",Jars,USD,NM - SP - STR - Exact 2 - Jars - Jan 2026,United States,NM - SP - STR - Exact 2 - Jars - Jan 2026,Amazon,hydration creatine powder,EXACT,2,0.0000%,0,0.0000%,0,0,,,0,0,0,,0,0,0,0
"Feb 17, 2026","Mar 16, 2026",Bottel,USD,NM - SP - Exact - Branded - Bottle - B0GKB943TS - Feb 2026,United States,NM - SP - Exact - Branded - Bottel - B0GKB943TS - Feb 2026,Amazon,harlo electrolytes,EXACT,141,1.0600%,0,0.0000%,0,0,,,0,0,0,,0,0,0,0
"Feb 10, 2026","Mar 18, 2026",Bottel,USD,NM - SP - Exact - Branded - Bottle - B0GKB943TS - Feb 2026,United States,NM - SP - Exact - Branded - Bottel - B0GKB943TS - Feb 2026,Amazon,harlo,EXACT,231,11.1400%,3,1.2987%,1,3,7.8684%,12.71,35,1,1,33.3333%,0,1,0,35
"Feb 20, 2026","Mar 16, 2026",Bottel,USD,NM - SP - Phrase - Branded - Bottle - B0GKB943TS - Feb 2026,United States,NM - SP - Phrase - Branded - Bottel - B0GKB943TS - Feb 2026,Amazon,harlo electrolytes,PHRASE,167,1.2800%,1,0.5988%,3,3,,0.00,0,0,0,0.0000%,0,0,0,0
"Feb 10, 2026","Mar 16, 2026",Bottel,USD,NM - SP - Phrase - Branded - Bottle - B0GKB943TS - Feb 2026,United States,NM - SP - Phrase - Branded - Bottel - B0GKB943TS - Feb 2026,Amazon,harlo,PHRASE,85,9.1300%,1,1.1765%,0,0,1.1278%,88.67,40,1,2,100.0000%,2,0,40,0
"Mar 02, 2026","Mar 18, 2026",No Portfolio,USD,NM - SP - Phrase - All Products Test w/o Collagen - March 2026,United States,NM - SP - Phrase - All Products Test w/o Collagen - March 2026,Amazon,electrolyte supplement,PHRASE,2542,1.0000%,10,0.3934%,3,32,,0.00,0,0,0,0.0000%,0,0,0,0
"Mar 02, 2026","Mar 18, 2026",No Portfolio,USD,NM - SP - Phrase - All Products Test w/o Collagen - March 2026,United States,NM - SP - Phrase - All Products Test w/o Collagen - March 2026,Amazon,electrolyte drink mix,PHRASE,18363,0.6100%,41,0.2233%,4,171,488.8698%,0.20,35,1,1,2.4390%,0,1,0,35
"Mar 02, 2026","Mar 18, 2026",No Portfolio,USD,NM - SP - Phrase - All Products Test w/o Collagen - March 2026,United States,NM - SP - Phrase - All Products Test w/o Collagen - March 2026,Amazon,energy drink powder,PHRASE,8573,0.2300%,25,0.2916%,4,88,441.9048%,0.23,20,1,1,4.0000%,1,0,20,0
"Mar 02, 2026","Mar 18, 2026",No Portfolio,USD,NM - SP - Phrase - All Products Test w/o Collagen - March 2026,United States,NM - SP - Phrase - All Products Test w/o Collagen - March 2026,Amazon,pre workout powder,PHRASE,9568,0.0800%,13,0.1359%,3,37,,0.00,0,0,0,0.0000%,0,0,0,0
"Mar 02, 2026","Mar 18, 2026",No Portfolio,USD,NM - SP - Phrase - All Products Test w/o Collagen - March 2026,United States,NM - SP - Phrase - All Products Test w/o Collagen - March 2026,Amazon,creatine women,PHRASE,20104,0.0200%,26,0.1293%,3,68,124.5355%,0.80,55,2,2,7.6923%,1,1,20,35
"Mar 02, 2026","Mar 17, 2026",No Portfolio,USD,NM - SP - Phrase - All Products Test w/o Collagen - March 2026,United States,NM - SP - Phrase - All Products Test w/o Collagen - March 2026,Amazon,creatine powder,PHRASE,5399,0.0500%,26,0.4816%,3,67,193.0472%,0.52,35,1,1,3.8462%,1,0,35,0
"Mar 02, 2026","Mar 17, 2026",No Portfolio,USD,NM - SP - Phrase - All Products Test w/o Collagen - March 2026,United States,NM - SP - Phrase - All Products Test w/o Collagen - March 2026,Amazon,creatine monohydrate powder,PHRASE,607,0.0000%,1,0.1647%,2,2,,0.00,0,0,0,0.0000%,0,0,0,0
"Mar 02, 2026","Mar 19, 2026",No Portfolio,USD,MN - SP - Phrase - Branded - Test w/o Collagen - March 2026,United States,MN - SP - Phrase - Branded - Test w/o Collagen - March 2026,Amazon,harlo,PHRASE,2334,22.1200%,49,2.0994%,1,55,5.7180%,17.49,959,18,29,36.7347%,13,16,429,529
"Mar 02, 2026","Mar 19, 2026",No Portfolio,USD,NM - SP - Auto - All Products Test w/o Collagen - March 2026,United States,NM - SP - Auto - All Products Test w/o Collagen - March 2026,Amazon,close-match,-,63897,0.0100%,204,0.3193%,2,398,26.4549%,3.78,1503,33,42,16.1765%,25,17,869,634
"Mar 02, 2026","Mar 19, 2026",No Portfolio,USD,NM - SP - Auto - All Products Test w/o Collagen - March 2026,United States,NM - SP - Auto - All Products Test w/o Collagen - March 2026,Amazon,loose-match,-,82475,0.0100%,148,0.1794%,2,252,180.5014%,0.55,140,8,8,5.4054%,7,1,105,35
"Mar 16, 2026","Mar 18, 2026",Stick Packs,USD,AUTO TEST MARCH 17 26,United States,STICK PACKS,Amazon,close-match,-,358,0.0500%,5,1.3966%,5,25,,0.00,0,0,0,0.0000%,0,0,0,0
"Mar 16, 2026","Mar 18, 2026",Stick Packs,USD,AUTO TEST MARCH 17 26,United States,STICK PACKS,Amazon,loose-match,-,890,0.2000%,10,1.1236%,4,39,111.5021%,0.90,35,1,1,10.0000%,1,0,35,0
"Mar 16, 2026","Mar 18, 2026",Stick Packs,USD,AUTO TEST MARCH 17 26,United States,STICK PACKS,Amazon,substitutes,-,40023,0.0100%,55,0.1374%,6,357,340.0572%,0.29,105,3,3,5.4545%,0,3,0,105
"Mar 19, 2026","Mar 19, 2026",No Portfolio,USD,PERPETUA TEST - Perpetua - SP - Manual - th07fl47,United States,Ad Group EXACT Match,Amazon,electrolytes packets,EXACT,0,,0,,0,0,,,0,0,0,,0,0,0,0
"Mar 18, 2026","Mar 18, 2026",No Portfolio,USD,PERPETUA TEST - Perpetua - SP - Manual - th07fl47,United States,Ad Group EXACT Match,Amazon,electrolytes with creatine,EXACT,3,,0,0.0000%,0,0,,,0,0,0,,0,0,0,0
"Mar 18, 2026","Mar 18, 2026",No Portfolio,USD,PERPETUA TEST - Perpetua - SP - Manual - th07fl47,United States,Ad Group EXACT Match,Amazon,creatine electrolyte powder,EXACT,1,,0,0.0000%,0,0,,,0,0,0,,0,0,0,0
"Mar 19, 2026","Mar 19, 2026",No Portfolio,USD,PERPETUA - STICKS - Perpetua - SP - Manual - tzm4t6x8,United States,Ad Group EXACT Match,Amazon,sports drink powder,EXACT,1,,0,0.0000%,0,0,,,0,0,0,,0,0,0,0
"Mar 19, 2026","Mar 19, 2026",No Portfolio,USD,PERPETUA - STICKS - Perpetua - SP - Manual - tzm4t6x8,United States,Ad Group EXACT Match,Amazon,electrolyte drink mix,EXACT,2,,0,0.0000%,0,0,,,0,0,0,,0,0,0,0
"Mar 19, 2026","Mar 19, 2026",No Portfolio,USD,PERPETUA - STICKS - Perpetua - SP - Manual - tzm4t6x8,United States,Ad Group EXACT Match,Amazon,creatine electrolyte powder,EXACT,1,,0,0.0000%,0,0,,,0,0,0,,0,0,0,0
"Mar 18, 2026","Mar 19, 2026",No Portfolio,USD,PERPETUA - STICKS - Perpetua - SP - Competitor Manual - tzm4t6x8,United States,Ad Group BROAD Match,Amazon,lmnt,BROAD,2,,0,0.0000%,0,0,,,0,0,0,,0,0,0,0
"Mar 19, 2026","Mar 19, 2026",No Portfolio,USD,PERPETUA - STICKS - Perpetua - SP - Competitor Manual - tzm4t6x8,United States,Ad Group BROAD Match,Amazon,vital proteins,BROAD,0,,0,,0,0,,,0,0,0,,0,0,0,0
"Mar 18, 2026","Mar 19, 2026",No Portfolio,USD,PERPETUA - STICKS - Perpetua - SP - Competitor Manual - tzm4t6x8,United States,Ad Group PHRASE Match,Amazon,lmnt,PHRASE,3,,0,0.0000%,0,0,,,0,0,0,,0,0,0,0
"Mar 18, 2026","Mar 19, 2026",No Portfolio,USD,PERPETUA - STICKS - Perpetua - SP - Branded Manual - tzm4t6x8,United States,Ad Group BROAD Match,Amazon,harlo,BROAD,94,,9,9.5745%,1,6,,0.00,0,0,0,0.0000%,0,0,0,0
"Mar 18, 2026","Mar 19, 2026",No Portfolio,USD,PERPETUA - STICKS - Perpetua - SP - Branded Manual - tzm4t6x8,United States,Ad Group EXACT Match,Amazon,harlo,EXACT,18,,0,0.0000%,0,0,,,0,0,0,,0,0,0,0
"Mar 18, 2026","Mar 18, 2026",No Portfolio,USD,PERPETUA - STICKS - Perpetua - SP - Branded Manual - tzm4t6x8,United States,Ad Group EXACT Match,Amazon,harlow,EXACT,1,,0,0.0000%,0,0,,,0,0,0,,0,0,0,0
"Mar 18, 2026","Mar 19, 2026",No Portfolio,USD,PERPETUA - STICKS - Perpetua - SP - Branded Manual - tzm4t6x8,United States,Ad Group PHRASE Match,Amazon,harlo,PHRASE,27,,1,3.7037%,1,1,,0.00,0,0,0,0.0000%,0,0,0,0
"Mar 19, 2026","Mar 19, 2026",No Portfolio,USD,PERPETUA - STICKS - Perpetua - SP - Branded Manual - tzm4t6x8,United States,Ad Group PHRASE Match,Amazon,drink harlo,PHRASE,1,,0,0.0000%,0,0,,,0,0,0,,0,0,0,0
"Mar 19, 2026","Mar 19, 2026",No Portfolio,USD,PERPETUA TEST - Perpetua - SP - Branded Pat - th07fl47,United States,Ad Group 1,Amazon,"asin=""B0D6L2RZNH""",-,1,,0,0.0000%,0,0,,,0,0,0,,0,0,0,0
"Mar 19, 2026","Mar 19, 2026",No Portfolio,USD,PERPETUA TEST - Perpetua - SP - Branded Pat - th07fl47,United States,Ad Group 1,Amazon,"asin=""B0D6L3BFJ8""",-,1,,0,0.0000%,0,0,,,0,0,0,,0,0,0,0
"Mar 18, 2026","Mar 19, 2026",No Portfolio,USD,PERPETUA TEST - Perpetua - SP - PAT - th07fl47,United States,Ad Group 1,Amazon,"category=""Sports Nutrition Electrolyte Replacement Drinks""",-,318,,1,0.3145%,2,2,3.4483%,29.00,45,1,1,100.0000%,0,1,0,45
"Mar 19, 2026","Mar 19, 2026",No Portfolio,USD,PERPETUA TEST - Perpetua - SP - PAT - th07fl47,United States,Ad Group 1,Amazon,"asin=""B0FN5W4CT5""",-,0,,0,,0,0,,,0,0,0,,0,0,0,0
"Mar 19, 2026","Mar 19, 2026",No Portfolio,USD,PERPETUA TEST - Perpetua - SP - PAT - th07fl47,United States,Ad Group 1,Amazon,"asin=""B0GNZ8Q315""",-,1,,0,0.0000%,0,0,,,0,0,0,,0,0,0,0
"Mar 19, 2026","Mar 19, 2026",No Portfolio,USD,PERPETUA TEST - Perpetua - SP - PAT - th07fl47,United States,Ad Group 1,Amazon,"asin=""B0FLWW5KB8""",-,2,,0,0.0000%,0,0,,,0,0,0,,0,0,0,0
"Mar 19, 2026","Mar 19, 2026",No Portfolio,USD,PERPETUA - STICKS - Perpetua - SP - PAT - tzm4t6x8,United States,Ad Group 1,Amazon,"category=""Sports Nutrition Electrolyte Replacement Drinks""",-,697,,0,0.0000%,0,0,,,0,0,0,,0,0,0,0
"Mar 19, 2026","Mar 19, 2026",No Portfolio,USD,PERPETUA - STICKS - Perpetua - SP - PAT - tzm4t6x8,United States,Ad Group 1,Amazon,"asin=""B08ZJQ1XD4""",-,24,,0,0.0000%,0,0,,,0,0,0,,0,0,0,0
"Mar 19, 2026","Mar 19, 2026",No Portfolio,USD,PERPETUA - STICKS - Perpetua - SP - PAT - tzm4t6x8,United States,Ad Group 1,Amazon,"asin=""B07SH31T9V""",-,5,,0,0.0000%,0,0,,,0,0,0,,0,0,0,0
"Mar 19, 2026","Mar 19, 2026",No Portfolio,USD,PERPETUA - STICKS - Perpetua - SP - PAT - tzm4t6x8,United States,Ad Group 1,Amazon,"asin=""B0FBRG5SML""",-,0,,0,,0,0,,,0,0,0,,0,0,0,0
"Mar 19, 2026","Mar 19, 2026",No Portfolio,USD,PERPETUA - STICKS - Perpetua - SP - PAT - tzm4t6x8,United States,Ad Group 1,Amazon,"asin=""B0FN5W4CT5""",-,0,,0,,0,0,,,0,0,0,,0,0,0,0
"Mar 19, 2026","Mar 19, 2026",No Portfolio,USD,PERPETUA - STICKS - Perpetua - SP - PAT - tzm4t6x8,United States,Ad Group 1,Amazon,"asin=""B085LS9BM3""",-,1,,0,0.0000%,0,0,,,0,0,0,,0,0,0,0
"Mar 19, 2026","Mar 19, 2026",No Portfolio,USD,PERPETUA - STICKS - Perpetua - SP - PAT - tzm4t6x8,United States,Ad Group 1,Amazon,"asin=""B01MXDAHIB""",-,1,,0,0.0000%,0,0,,,0,0,0,,0,0,0,0
"Mar 19, 2026","Mar 19, 2026",No Portfolio,USD,PERPETUA - STICKS - Perpetua - SP - PAT - tzm4t6x8,United States,Ad Group 1,Amazon,"asin=""B0DZ2WJGVY""",-,1,,0,0.0000%,0,0,,,0,0,0,,0,0,0,0
"Mar 18, 2026","Mar 19, 2026",No Portfolio,USD,PERPETUA TEST - Perpetua - SP - Auto - th07fl47,United States,Ad Group 1,Amazon,close-match,-,27,,1,3.7037%,1,1,2.0887%,47.88,35,1,1,100.0000%,1,0,35,0
"Mar 18, 2026","Mar 19, 2026",No Portfolio,USD,PERPETUA TEST - Perpetua - SP - Auto - th07fl47,United States,Ad Group 1,Amazon,loose-match,-,68,,2,2.9412%,1,3,,0.00,0,0,0,0.0000%,0,0,0,0
"Mar 18, 2026","Mar 18, 2026",No Portfolio,USD,PERPETUA TEST - Perpetua - SP - Auto - th07fl47,United States,Ad Group 1,Amazon,complements,-,1,,0,0.0000%,0,0,,,0,0,0,,0,0,0,0
"Mar 18, 2026","Mar 19, 2026",No Portfolio,USD,PERPETUA TEST - Perpetua - SP - Auto - th07fl47,United States,Ad Group 1,Amazon,substitutes,-,5076,,4,0.0788%,2,6,,0.00,0,0,0,0.0000%,0,0,0,0
"Mar 19, 2026","Mar 19, 2026",No Portfolio,USD,PERPETUA TEST - Perpetua - SP - PAT - th07fl47,United States,Ad Group 1,Amazon,"asin=""B08XQZX9K3""",-,1,,0,0.0000%,0,0,,,0,0,0,,0,0,0,0
"Mar 18, 2026","Mar 19, 2026",No Portfolio,USD,PERPETUA - STICKS - Perpetua - SP - Auto - tzm4t6x8,United States,Ad Group 1,Amazon,close-match,-,29,,0,0.0000%,0,0,,,0,0,0,,0,0,0,0
"Mar 18, 2026","Mar 19, 2026",No Portfolio,USD,PERPETUA - STICKS - Perpetua - SP - Auto - tzm4t6x8,United States,Ad Group 1,Amazon,loose-match,-,221,,1,0.4525%,1,1,,0.00,0,0,0,0.0000%,0,0,0,0
"Mar 18, 2026","Mar 19, 2026",No Portfolio,USD,PERPETUA - STICKS - Perpetua - SP - Auto - tzm4t6x8,United States,Ad Group 1,Amazon,complements,-,3,,0,0.0000%,0,0,,,0,0,0,,0,0,0,0
"Mar 18, 2026","Mar 19, 2026",No Portfolio,USD,PERPETUA - STICKS - Perpetua - SP - Auto - tzm4t6x8,United States,Ad Group 1,Amazon,substitutes,-,499,,2,0.4008%,1,2,,0.00,0,0,0,0.0000%,0,0,0,0
"Mar 18, 2026","Mar 19, 2026",No Portfolio,USD,PERPETUA TEST - Perpetua - SP - Manual - th07fl47,United States,Ad Group PHRASE Match,Amazon,collagen,PHRASE,37,,0,0.0000%,0,0,,,0,0,0,,0,0,0,0
"Mar 18, 2026","Mar 19, 2026",No Portfolio,USD,PERPETUA TEST - Perpetua - SP - Manual - th07fl47,United States,Ad Group PHRASE Match,Amazon,creatine,PHRASE,6,,0,0.0000%,0,0,,,0,0,0,,0,0,0,0
"Mar 19, 2026","Mar 19, 2026",No Portfolio,USD,PERPETUA TEST - Perpetua - SP - Manual - th07fl47,United States,Ad Group EXACT Match,Amazon,collagen,EXACT,2,,0,0.0000%,0,0,,,0,0,0,,0,0,0,0
"Mar 18, 2026","Mar 19, 2026",No Portfolio,USD,PERPETUA TEST - Perpetua - SP - Manual - th07fl47,United States,Ad Group BROAD Match,Amazon,collagen,BROAD,27,,0,0.0000%,0,0,,,0,0,0,,0,0,0,0
"Mar 18, 2026","Mar 19, 2026",No Portfolio,USD,PERPETUA TEST - Perpetua - SP - Manual - th07fl47,United States,Ad Group BROAD Match,Amazon,creatine,BROAD,6,,0,0.0000%,0,0,,,0,0,0,,0,0,0,0
"Mar 18, 2026","Mar 19, 2026",No Portfolio,USD,PERPETUA TEST - Perpetua - SP - Branded Manual - th07fl47,United States,Ad Group PHRASE Match,Amazon,harlo,PHRASE,82,,4,4.8780%,1,3,7.5823%,13.19,35,1,1,25.0000%,0,1,0,35
"Mar 18, 2026","Mar 19, 2026",No Portfolio,USD,PERPETUA TEST - Perpetua - SP - Branded Manual - th07fl47,United States,Ad Group EXACT Match,Amazon,harlo,EXACT,2,,0,0.0000%,0,0,,,0,0,0,,0,0,0,0
"Mar 18, 2026","Mar 19, 2026",No Portfolio,USD,PERPETUA TEST - Perpetua - SP - Branded Manual - th07fl47,United States,Ad Group BROAD Match,Amazon,harlo,BROAD,13,,1,7.6923%,0,0,,0.00,0,0,0,0.0000%,0,0,0,0
"Mar 19, 2026","Mar 19, 2026",No Portfolio,USD,PERPETUA TEST - Perpetua - SP - Competitor Manual - th07fl47,United States,Ad Group PHRASE Match,Amazon,lmnt,PHRASE,2,,0,0.0000%,0,0,,,0,0,0,,0,0,0,0
"Mar 19, 2026","Mar 19, 2026",No Portfolio,USD,PERPETUA TEST - Perpetua - SP - Competitor Manual - th07fl47,United States,Ad Group BROAD Match,Amazon,nuun,BROAD,1,,0,0.0000%,0,0,,,0,0,0,,0,0,0,0
"Mar 19, 2026","Mar 19, 2026",No Portfolio,USD,PERPETUA - STICKS - Perpetua - SP - Manual - tzm4t6x8,United States,Ad Group EXACT Match,Amazon,electrolytes,EXACT,1,,0,0.0000%,0,0,,,0,0,0,,0,0,0,0
"Mar 19, 2026","Mar 19, 2026",No Portfolio,USD,PERPETUA - STICKS - Perpetua - SP - Manual - tzm4t6x8,United States,Ad Group EXACT Match,Amazon,creatine electrolytes,EXACT,4,,0,0.0000%,0,0,,,0,0,0,,0,0,0,0
"Mar 19, 2026","Mar 19, 2026",No Portfolio,USD,PERPETUA - STICKS - Perpetua - SP - Manual - tzm4t6x8,United States,Ad Group EXACT Match,Amazon,creatine and collagen,EXACT,4,,0,0.0000%,0,0,,,0,0,0,,0,0,0,0
"Mar 19, 2026","Mar 19, 2026",No Portfolio,USD,PERPETUA - STICKS - Perpetua - SP - Manual - tzm4t6x8,United States,Ad Group EXACT Match,Amazon,electrolytes powder with,EXACT,5,,0,0.0000%,0,0,,,0,0,0,,0,0,0,0
"Mar 19, 2026","Mar 19, 2026",No Portfolio,USD,PERPETUA - STICKS - Perpetua - SP - Manual - tzm4t6x8,United States,Ad Group EXACT Match,Amazon,collagen creatine powder,EXACT,0,,0,,0,0,,,0,0,0,,0,0,0,0
"Mar 19, 2026","Mar 19, 2026",No Portfolio,USD,PERPETUA - STICKS - Perpetua - SP - Manual - tzm4t6x8,United States,Ad Group EXACT Match,Amazon,electrolytes and creatine,EXACT,0,,0,,0,0,,,0,0,0,,0,0,0,0
"Mar 19, 2026","Mar 19, 2026",No Portfolio,USD,PERPETUA - STICKS - Perpetua - SP - Manual - tzm4t6x8,United States,Ad Group PHRASE Match,Amazon,electrolytes,PHRASE,15,,0,0.0000%,0,0,,,0,0,0,,0,0,0,0
"Mar 19, 2026","Mar 19, 2026",No Portfolio,USD,PERPETUA - STICKS - Perpetua - SP - Manual - tzm4t6x8,United States,Ad Group PHRASE Match,Amazon,creatine and electrolytes,PHRASE,3,,0,0.0000%,0,0,,,0,0,0,,0,0,0,0
"Mar 19, 2026","Mar 19, 2026",No Portfolio,USD,PERPETUA - STICKS - Perpetua - SP - Branded Manual - tzm4t6x8,United States,Ad Group EXACT Match,Amazon,harlo electrolytes,EXACT,6,,0,0.0000%,0,0,,,0,0,0,,0,0,0,0
"Mar 19, 2026","Mar 19, 2026",No Portfolio,USD,PERPETUA TEST - Perpetua - SP - Manual - th07fl47,United States,Ad Group PHRASE Match,Amazon,electrolytes,PHRASE,794,,3,0.3778%,4,12,,0.00,0,0,0,0.0000%,0,0,0,0
"Mar 19, 2026","Mar 19, 2026",No Portfolio,USD,PERPETUA TEST - Perpetua - SP - Manual - th07fl47,United States,Ad Group EXACT Match,Amazon,electrolytes,EXACT,182,,0,0.0000%,0,0,,,0,0,0,,0,0,0,0
"Mar 19, 2026","Mar 19, 2026",No Portfolio,USD,PERPETUA TEST - Perpetua - SP - Branded Manual - th07fl47,United States,Ad Group EXACT Match,Amazon,harlo electrolytes,EXACT,5,,0,0.0000%,0,0,,,0,0,0,,0,0,0,0