Start Date,End Date,Portfolio name,Currency,Campaign Name,Ad Group Name,Retailer,Country,Targeting,Match Type,Customer Search Term,Impressions,Clicks,Click-through rate (CTR),Cost per click (CPC),Spend,7 Day Total Sales,Total Advertising Cost of Sales (ACOS) ,Total Return on Advertising Spend (ROAS),7 Day Total Orders (#),7 Day Total Units (#),7 Day Conversion Rate,7 Day Advertised SKU Units (#),7 Day Other SKU Units (#),7 Day Advertised SKU Sales,7 Day Other SKU Sales
"Mar 01, 2026","Mar 01, 2026",Jars,USD,NM - SP - Auto - HLP  Audience - Multi - Offense - Jars - July 2025,NM - SP - Jars - Auto - HLP  Audience - Multi - Offense - July 2025,Amazon,United States,loose-match,-,#1best best drink with minerals and nutrients￼3 party tested,1,1,100.0000%,4,4,0,,0.00,0,0,0.0000%,0,0,0,0
"Feb 03, 2026","Feb 03, 2026",Jars,USD,NM - SP - Auto - HLP  Audience - Multi - Offense - Jars - July 2025,NM - SP - Jars - Auto - HLP  Audience - Multi - Offense - July 2025,Amazon,United States,close-match,-,1000 mg potassium electrolytes fruit punch,1,1,100.0000%,2,2,0,,0.00,0,0,0.0000%,0,0,0,0
"Feb 27, 2026","Feb 27, 2026",Jars,USD,NM - SP - Auto - HLP  Audience - Multi - Offense - Jars - July 2025,NM - SP - Jars - Auto - HLP  Audience - Multi - Offense - July 2025,Amazon,United States,close-match,-,3 in 1 electrolyte,8,1,12.5000%,2,2,0,,0.00,0,0,0.0000%,0,0,0,0
"Feb 04, 2026","Feb 04, 2026",Sachets,USD,NM  - SP - 12 Pack - Phrase - MDF - B0DY6K7RQH - Sep 2025,NM  - SP - 12 Pack - Phrase - B0DY6K7RQH - Sep 2025,Amazon,United States,electrolytes creatine collagen,PHRASE,3-in-1 electrolyte creatine collagen sticks,2,1,50.0000%,0,0,0,,0.00,0,0,0.0000%,0,0,0,0
"Feb 28, 2026","Feb 28, 2026",Jars,USD,NM - SP - Auto - HLP  Audience - Multi - Offense - Jars - July 2025,NM - SP - Jars - Auto - HLP  Audience - Multi - Offense - July 2025,Amazon,United States,close-match,-,30 servings hydration powder,2,1,50.0000%,6,6,0,,0.00,0,0,0.0000%,0,0,0,0
"Mar 15, 2026","Mar 15, 2026",No Portfolio,USD,NM - SP - Auto - All Products Test w/o Collagen - March 2026,NM - SP - Auto - All Products Test w/o Collagen - March 2026,Amazon,United States,loose-match,-,3g creatine packets,1,1,100.0000%,1,1,35,3.9771%,25.14,1,1,100.0000%,0,1,0,35
"Feb 26, 2026","Feb 26, 2026",Sachets,USD,NM  - SP - STR - 4 Pack - PT 7 - B0DJ3J2CKX - Jan 2026,NM  - SP - STR - 4 Pack - PT 7 - B0DJ3J2CKX - Jan 2026,Amazon,United States,"asin=""B08JN8TSHH""",-,6am workout sample,1,1,100.0000%,1,1,0,,0.00,0,0,0.0000%,0,0,0,0
"Mar 13, 2026","Mar 15, 2026",No Portfolio,USD,NM - SP - Auto - All Products Test w/o Collagen - March 2026,NM - SP - Auto - All Products Test w/o Collagen - March 2026,Amazon,United States,loose-match,-,active,387,2,0.5168%,1,3,0,,0.00,0,0,0.0000%,0,0,0,0
"Mar 04, 2026","Mar 04, 2026",No Portfolio,USD,NM - SP - Auto - All Products Test w/o Collagen - March 2026,NM - SP - Auto - All Products Test w/o Collagen - March 2026,Amazon,United States,loose-match,-,active creatine packets,1,1,100.0000%,2,2,0,,0.00,0,0,0.0000%,0,0,0,0
"Mar 10, 2026","Mar 10, 2026",Jars,USD,NM - SP - Auto - HLP  Audience - Multi - Offense - Jars - July 2025,NM - SP - Jars - Auto - HLP  Audience - Multi - Offense - July 2025,Amazon,United States,close-match,-,advance hydration formula,5,1,20.0000%,3,3,0,,0.00,0,0,0.0000%,0,0,0,0
"Mar 07, 2026","Mar 10, 2026",No Portfolio,USD,NM - SP - Auto - All Products Test w/o Collagen - March 2026,NM - SP - Auto - All Products Test w/o Collagen - March 2026,Amazon,United States,loose-match,-,alani energy drink,543,3,0.5525%,2,5,0,,0.00,0,0,0.0000%,0,0,0,0
"Feb 14, 2026","Feb 14, 2026",Jars,USD,NM - SP - Auto - PBP  Audience - Multi - Offense - Jars - July 2025,NM - SP - Jars - Auto - PBP  Audience - Multi - Offense - July 2025,Amazon,United States,loose-match,-,alpha lion hydration,1,1,100.0000%,3,3,33,10.2883%,9.72,1,1,100.0000%,1,0,33,0
"Mar 01, 2026","Mar 01, 2026",Jars,USD,NM - SP - Auto - HLP  Audience - Multi - Offense - Jars - July 2025,NM - SP - Jars - Auto - HLP  Audience - Multi - Offense - July 2025,Amazon,United States,close-match,-,amino acids and electrolytes,6,1,16.6667%,6,6,0,,0.00,0,0,0.0000%,0,0,0,0
"Mar 05, 2026","Mar 05, 2026",No Portfolio,USD,NM - SP - Auto - All Products Test w/o Collagen - March 2026,NM - SP - Auto - All Products Test w/o Collagen - March 2026,Amazon,United States,close-match,-,amino acids with electrolytes powder,3,1,33.3333%,2,2,0,,0.00,0,0,0.0000%,0,0,0,0
"Mar 01, 2026","Mar 01, 2026",Sachets,USD,NM  - SP - 12 Pack - Phrase - MDF - B0DY6K7RQH - Sep 2025,NM  - SP - 12 Pack - Phrase - B0DY6K7RQH - Sep 2025,Amazon,United States,creatine and collagen,PHRASE,ancient nutrition creatine collagen electrolytes unflavored 5.8oz,1,1,100.0000%,1,1,0,,0.00,0,0,0.0000%,0,0,0,0
"Mar 13, 2026","Mar 13, 2026",Sachets,USD,NM  - SP - STR - 12 Pack - PT 2 - B0DY6K7RQH - Jan 2026,NM  - SP - STR - 12 Pack - PT 2 - B0DY6K7RQH - Jan 2026,Amazon,United States,"asin=""B0DXFVM72V""",-,arrae protein electrolytes collagen,1,1,100.0000%,1,1,0,,0.00,0,0,0.0000%,0,0,0,0
"Feb 19, 2026","Feb 19, 2026",Sachets,USD,NM  - SP - 4 Pack - Phrase 2 - MDF - B0DJ3J2CKX - Sep 2025,NM  - SP - 4 Pack - Phrase 2 - B0DJ3J2CKX - Sep 2025,Amazon,United States,creatine packets to,PHRASE,assorted flavors creatine packets,1,1,100.0000%,2,2,10,17.7889%,5.62,1,1,100.0000%,1,0,10,0
"Feb 24, 2026","Feb 24, 2026",Jars,USD,NM - SP - Auto - HLP  Audience - Multi - Offense - Jars - July 2025,NM - SP - Jars - Auto - HLP  Audience - Multi - Offense - July 2025,Amazon,United States,close-match,-,ath electrolytes,2,1,50.0000%,7,7,0,,0.00,0,0,0.0000%,0,0,0,0
"Feb 21, 2026","Feb 21, 2026",Jars,USD,NM - SP - Auto - HLP  Audience - Multi - Offense - Jars - July 2025,NM - SP - Jars - Auto - HLP  Audience - Multi - Offense - July 2025,Amazon,United States,loose-match,-,athena creatine and electrolytes,3,1,33.3333%,4,4,0,,0.00,0,0,0.0000%,0,0,0,0
"Feb 02, 2026","Feb 02, 2026",Jars,USD,NM - SP - Auto - CAC  Audience - Multi - Offense - Jars - July 2025,NM - SP - Jars - Auto - CAC  Audience - Multi - Offense - July 2025,Amazon,United States,substitutes,-,b000m9gkv2,2,1,50.0000%,1,1,0,,0.00,0,0,0.0000%,0,0,0,0
"Feb 28, 2026","Mar 03, 2026",Jars,USD,NM - SP - Auto - CAC  Audience - Multi - Offense - Jars - July 2025,NM - SP - Jars - Auto - CAC  Audience - Multi - Offense - July 2025,Amazon,United States,substitutes,-,b002dyizee,11,3,27.2727%,3,10,0,,0.00,0,0,0.0000%,0,0,0,0
"Feb 03, 2026","Feb 10, 2026",Sachets,USD,NM  - SP - STR - 4 Pack - PT 1 - B0DJ3J2CKX - Jan 2026,NM  - SP - STR - 4 Pack - PT 1 - B0DJ3J2CKX - Jan 2026,Amazon,United States,"asin=""B002DYIZEE""",-,b002dyizee,38,4,10.5263%,1,4,0,,0.00,0,0,0.0000%,0,0,0,0
"Mar 01, 2026","Mar 01, 2026",Jars,USD,NM - SP - Auto - CAC  Audience - Multi - Offense - Jars - July 2025,NM - SP - Jars - Auto - CAC  Audience - Multi - Offense - July 2025,Amazon,United States,substitutes,-,b002dyizeo,4,1,25.0000%,5,5,0,,0.00,0,0,0.0000%,0,0,0,0
"Feb 03, 2026","Feb 03, 2026",Sachets,USD,NM  - SP - STR - 4 Pack - PT 1 - B0DJ3J2CKX - Jan 2026,NM  - SP - STR - 4 Pack - PT 1 - B0DJ3J2CKX - Jan 2026,Amazon,United States,"asin=""B002DYIZEO""",-,b002dyizeo,3,1,33.3333%,1,1,0,,0.00,0,0,0.0000%,0,0,0,0
"Feb 19, 2026","Feb 19, 2026",Jars,USD,NM - SP - Auto - HLP  Audience - Multi - Offense - Jars - July 2025,NM - SP - Jars - Auto - HLP  Audience - Multi - Offense - July 2025,Amazon,United States,complements,-,b00chj3dw4,2,1,50.0000%,2,2,0,,0.00,0,0,0.0000%,0,0,0,0
"Feb 10, 2026","Feb 10, 2026",Sachets,USD,NM  - SP - STR - 12 Pack - PT 1 - B0DY6K7RQH - Jan 2026,NM  - SP - STR - 12 Pack - PT 1 - B0DY6K7RQH - Jan 2026,Amazon,United States,"asin=""B00SCO8AA8""",-,b00sco8aa8,1,1,100.0000%,1,1,0,,0.00,0,0,0.0000%,0,0,0,0
"Feb 01, 2026","Feb 26, 2026",Sachets,USD,NM  - SP - STR - 4 Pack - PT 1 - B0DJ3J2CKX - Jan 2026,NM  - SP - STR - 4 Pack - PT 1 - B0DJ3J2CKX - Jan 2026,Amazon,United States,"asin=""B00SCO8AA8""",-,b00sco8aa8,55,4,7.2727%,1,2,5,49.8990%,2.00,1,1,25.0000%,1,0,5,0
"Feb 24, 2026","Feb 24, 2026",Jars,USD,NM - SP - Auto - HLP  Audience - Multi - Offense - Jars - July 2025,NM - SP - Jars - Auto - HLP  Audience - Multi - Offense - July 2025,Amazon,United States,complements,-,b00y43u4og,1,1,100.0000%,2,2,0,,0.00,0,0,0.0000%,0,0,0,0
"Mar 12, 2026","Mar 12, 2026",Jars,USD,NM - SP - Auto - CAC  Audience - Multi - Offense - Jars - July 2025,NM - SP - Jars - Auto - CAC  Audience - Multi - Offense - July 2025,Amazon,United States,substitutes,-,b018itum5c,1,1,100.0000%,2,2,0,,0.00,0,0,0.0000%,0,0,0,0
"Mar 04, 2026","Mar 04, 2026",Sachets,USD,NM  - SP - 12 Pack - Auto - PBP  Audience - MDF - Offense - B0DY6K7RQH - July 2025,NM  - SP - 12 Pack - Auto - PBP  Audience - Offense - B0DY6K7RQH - July 2025,Amazon,United States,substitutes,-,b01iighs0w,1,1,100.0000%,0,0,0,,0.00,0,0,0.0000%,0,0,0,0
"Mar 01, 2026","Mar 01, 2026",Jars,USD,NM - SP - Auto - CAC  Audience - Multi - Offense - Jars - July 2025,NM - SP - Jars - Auto - CAC  Audience - Multi - Offense - July 2025,Amazon,United States,substitutes,-,b01iigor42,1,1,100.0000%,1,1,0,,0.00,0,0,0.0000%,0,0,0,0
"Feb 22, 2026","Feb 22, 2026",Jars,USD,NM - SP - Auto - CAC  Audience - Multi - Offense - Jars - July 2025,NM - SP - Jars - Auto - CAC  Audience - Multi - Offense - July 2025,Amazon,United States,substitutes,-,b01iigutey,1,1,100.0000%,4,4,0,,0.00,0,0,0.0000%,0,0,0,0
"Feb 07, 2026","Feb 07, 2026",Sachets,USD,NM  - SP - 4 Pack - Auto - PBP  Audience - Offense - B0DJ3J2CKX - July 2025,NM  - SP - 4 Pack - Auto - PBP  Audience - Offense - B0DJ3J2CKX - July 2025,Amazon,United States,complements,-,b01iyhbnkg,1,1,100.0000%,1,1,0,,0.00,0,0,0.0000%,0,0,0,0
"Feb 19, 2026","Feb 19, 2026",Jars,USD,NM - SP - Auto - HLP  Audience - Multi - Offense - Jars - July 2025,NM - SP - Jars - Auto - HLP  Audience - Multi - Offense - July 2025,Amazon,United States,complements,-,b01jhlbees,1,1,100.0000%,2,2,0,,0.00,0,0,0.0000%,0,0,0,0
"Feb 16, 2026","Feb 16, 2026",Jars,USD,NM - SP - Auto - HLP  Audience - Multi - Offense - Jars - July 2025,NM - SP - Jars - Auto - HLP  Audience - Multi - Offense - July 2025,Amazon,United States,complements,-,b06x1714lr,1,1,100.0000%,2,2,0,,0.00,0,0,0.0000%,0,0,0,0
"Feb 11, 2026","Feb 11, 2026",Jars,USD,NM - SP - Auto - CAC  Audience - Multi - Offense - Jars - July 2025,NM - SP - Jars - Auto - CAC  Audience - Multi - Offense - July 2025,Amazon,United States,substitutes,-,b06xcvm9ft,1,1,100.0000%,2,2,0,,0.00,0,0,0.0000%,0,0,0,0
"Mar 03, 2026","Mar 03, 2026",Jars,USD,NM - SP - Auto - CAC  Audience - Multi - Offense - Jars - July 2025,NM - SP - Jars - Auto - CAC  Audience - Multi - Offense - July 2025,Amazon,United States,substitutes,-,b071nn5zt7,4,1,25.0000%,1,1,0,,0.00,0,0,0.0000%,0,0,0,0
"Feb 12, 2026","Feb 12, 2026",Sachets,USD,NM  - SP - 4 Pack - Auto - CAC  Audience - Offense - B0DJ3J2CKX - July 2025,NM  - SP - 4 Pack - Auto - CAC  Audience - Offense - B0DJ3J2CKX - July 2025,Amazon,United States,substitutes,-,b073gtpbnx,7,1,14.2857%,0,0,0,,0.00,0,0,0.0000%,0,0,0,0
"Feb 23, 2026","Feb 23, 2026",Jars,USD,NM - SP - Auto - CAC  Audience - Multi - Offense - Jars - July 2025,NM - SP - Jars - Auto - CAC  Audience - Multi - Offense - July 2025,Amazon,United States,substitutes,-,b078nfzfyv,1,1,100.0000%,2,2,0,,0.00,0,0,0.0000%,0,0,0,0
"Mar 18, 2026","Mar 18, 2026",Stick Packs,USD,AUTO TEST MARCH 17 26,STICK PACKS,Amazon,United States,substitutes,-,b07d22v6n8,2,1,50.0000%,14,14,0,,0.00,0,0,0.0000%,0,0,0,0
"Feb 11, 2026","Feb 11, 2026",Jars,USD,NM - SP - Auto - HLP  Audience - Multi - Offense - Jars - July 2025,NM - SP - Jars - Auto - HLP  Audience - Multi - Offense - July 2025,Amazon,United States,complements,-,b07f43rm55,1,1,100.0000%,2,2,0,,0.00,0,0,0.0000%,0,0,0,0
"Feb 14, 2026","Feb 14, 2026",Jars,USD,NM - SP - Auto - HLP  Audience - Multi - Offense - Jars - July 2025,NM - SP - Jars - Auto - HLP  Audience - Multi - Offense - July 2025,Amazon,United States,complements,-,b07g3vwdwl,1,1,100.0000%,2,2,0,,0.00,0,0,0.0000%,0,0,0,0
"Feb 05, 2026","Feb 05, 2026",Sachets,USD,NM  - SP - 4 Pack - Auto - CAC  Audience - Offense - B0DJ3J2CKX - July 2025,NM  - SP - 4 Pack - Auto - CAC  Audience - Offense - B0DJ3J2CKX - July 2025,Amazon,United States,complements,-,b07j1yd6my,1,1,100.0000%,1,1,0,,0.00,0,0,0.0000%,0,0,0,0
"Feb 03, 2026","Feb 03, 2026",Sachets,USD,NM  - SP - 4 Pack - Auto - CAC  Audience - Offense - B0DJ3J2CKX - July 2025,NM  - SP - 4 Pack - Auto - CAC  Audience - Offense - B0DJ3J2CKX - July 2025,Amazon,United States,complements,-,b07qdbkjhs,1,1,100.0000%,1,1,0,,0.00,0,0,0.0000%,0,0,0,0
"Feb 03, 2026","Feb 03, 2026",Sachets,USD,NM  - SP - 4 Pack - Auto - CAC  Audience - Offense - B0DJ3J2CKX - July 2025,NM  - SP - 4 Pack - Auto - CAC  Audience - Offense - B0DJ3J2CKX - July 2025,Amazon,United States,complements,-,b07qgkq4fv,2,1,50.0000%,1,1,0,,0.00,0,0,0.0000%,0,0,0,0
"Feb 15, 2026","Feb 15, 2026",Sachets,USD,NM  - SP - 4 Pack - Auto - CAC  Audience - Offense - B0DJ3J2CKX - July 2025,NM  - SP - 4 Pack - Auto - CAC  Audience - Offense - B0DJ3J2CKX - July 2025,Amazon,United States,substitutes,-,b07rld4n3k,1,1,100.0000%,1,1,0,,0.00,0,0,0.0000%,0,0,0,0
"Mar 14, 2026","Mar 14, 2026",Jars,USD,NM - SP - Auto - PBP  Audience - Multi - Offense - Jars - July 2025,NM - SP - Jars - Auto - PBP  Audience - Multi - Offense - July 2025,Amazon,United States,substitutes,-,b07rx4p4rl,1,1,100.0000%,2,2,0,,0.00,0,0,0.0000%,0,0,0,0
"Mar 17, 2026","Mar 17, 2026",Stick Packs,USD,AUTO TEST MARCH 17 26,STICK PACKS,Amazon,United States,substitutes,-,b07sh31t9v,315,1,0.3175%,4,4,0,,0.00,0,0,0.0000%,0,0,0,0
"Feb 12, 2026","Feb 12, 2026",Sachets,USD,NM  - SP - 4 Pack - Auto - CAC  Audience - Offense - B0DJ3J2CKX - July 2025,NM  - SP - 4 Pack - Auto - CAC  Audience - Offense - B0DJ3J2CKX - July 2025,Amazon,United States,substitutes,-,b07stlsyxl,16,1,6.2500%,0,0,0,,0.00,0,0,0.0000%,0,0,0,0
"Feb 19, 2026","Feb 19, 2026",Jars,USD,NM - SP - Auto - CAC  Audience - Multi - Offense - Jars - July 2025,NM - SP - Jars - Auto - CAC  Audience - Multi - Offense - July 2025,Amazon,United States,substitutes,-,b07xgct1ts,1,1,100.0000%,2,2,0,,0.00,0,0,0.0000%,0,0,0,0
"Mar 16, 2026","Mar 16, 2026",Stick Packs,USD,AUTO TEST MARCH 17 26,STICK PACKS,Amazon,United States,substitutes,-,b07xgct1ts,1,1,100.0000%,7,7,0,,0.00,0,0,0.0000%,0,0,0,0
"Mar 11, 2026","Mar 11, 2026",No Portfolio,USD,NM - SP - Auto - All Products Test w/o Collagen - March 2026,NM - SP - Auto - All Products Test w/o Collagen - March 2026,Amazon,United States,loose-match,-,b07xq325y3,11,1,9.0909%,1,1,0,,0.00,0,0,0.0000%,0,0,0,0
"Feb 18, 2026","Feb 18, 2026",Jars,USD,NM - SP - Auto - HLP  Audience - Multi - Offense - Jars - July 2025,NM - SP - Jars - Auto - HLP  Audience - Multi - Offense - July 2025,Amazon,United States,complements,-,b07yyvr2f3,3,1,33.3333%,2,2,0,,0.00,0,0,0.0000%,0,0,0,0
"Feb 03, 2026","Feb 03, 2026",Sachets,USD,NM  - SP - 4 Pack - Auto - CAC  Audience - Offense - B0DJ3J2CKX - July 2025,NM  - SP - 4 Pack - Auto - CAC  Audience - Offense - B0DJ3J2CKX - July 2025,Amazon,United States,complements,-,b07zpcdbbs,1,1,100.0000%,1,1,0,,0.00,0,0,0.0000%,0,0,0,0
"Feb 01, 2026","Feb 01, 2026",Sachets,USD,NM  - SP - 4 Pack - Auto - CAC  Audience - Offense - B0DJ3J2CKX - July 2025,NM  - SP - 4 Pack - Auto - CAC  Audience - Offense - B0DJ3J2CKX - July 2025,Amazon,United States,complements,-,b084hq4dyq,2,1,50.0000%,1,1,0,,0.00,0,0,0.0000%,0,0,0,0
"Feb 26, 2026","Feb 26, 2026",Sachets,USD,NM  - SP - STR - 12 Pack - PT 7 - B0DY6K7RQH - Jan 2026,NM  - SP - STR - 12 Pack - PT 7 - B0DY6K7RQH - Jan 2026,Amazon,United States,"asin=""B08BYYSVH7""",-,b08byysvh7,1,1,100.0000%,1,1,0,,0.00,0,0,0.0000%,0,0,0,0
"Mar 02, 2026","Mar 02, 2026",Sachets,USD,NM  - SP - 4 Pack - Auto - PBP  Audience - Offense - B0DJ3J2CKX - July 2025,NM  - SP - 4 Pack - Auto - PBP  Audience - Offense - B0DJ3J2CKX - July 2025,Amazon,United States,complements,-,b08d4ysf4b,1,1,100.0000%,0,0,0,,0.00,0,0,0.0000%,0,0,0,0
"Mar 18, 2026","Mar 18, 2026",Stick Packs,USD,AUTO TEST MARCH 17 26,STICK PACKS,Amazon,United States,substitutes,-,b08fh23zmb,1,1,100.0000%,7,7,0,,0.00,0,0,0.0000%,0,0,0,0
"Mar 17, 2026","Mar 17, 2026",Stick Packs,USD,AUTO TEST MARCH 17 26,STICK PACKS,Amazon,United States,substitutes,-,b08gkxnhj2,20,1,5.0000%,7,7,0,,0.00,0,0,0.0000%,0,0,0,0
"Feb 25, 2026","Feb 25, 2026",Sachets,USD,NM  - SP - 12 Pack - Auto - PBP  Audience - MDF - Offense - B0DY6K7RQH - July 2025,NM  - SP - 12 Pack - Auto - PBP  Audience - Offense - B0DY6K7RQH - July 2025,Amazon,United States,substitutes,-,b08kbwhzpm,2,1,50.0000%,0,0,0,,0.00,0,0,0.0000%,0,0,0,0
"Mar 17, 2026","Mar 17, 2026",Stick Packs,USD,AUTO TEST MARCH 17 26,STICK PACKS,Amazon,United States,substitutes,-,b08psh2zp4,3,1,33.3333%,3,3,0,,0.00,0,0,0.0000%,0,0,0,0
"Feb 17, 2026","Feb 17, 2026",Jars,USD,NM - SP - Auto - HLP  Audience - Multi - Offense - Jars - July 2025,NM - SP - Jars - Auto - HLP  Audience - Multi - Offense - July 2025,Amazon,United States,complements,-,b08qtxzy4d,2,1,50.0000%,2,2,0,,0.00,0,0,0.0000%,0,0,0,0
"Feb 11, 2026","Feb 11, 2026",Jars,USD,NM - SP - Auto - HLP  Audience - Multi - Offense - Jars - July 2025,NM - SP - Jars - Auto - HLP  Audience - Multi - Offense - July 2025,Amazon,United States,complements,-,b093xsb9fb,7,1,14.2857%,2,2,0,,0.00,0,0,0.0000%,0,0,0,0
"Feb 04, 2026","Feb 04, 2026",Sachets,USD,NM  - SP - 4 Pack - Auto - CAC  Audience - Offense - B0DJ3J2CKX - July 2025,NM  - SP - 4 Pack - Auto - CAC  Audience - Offense - B0DJ3J2CKX - July 2025,Amazon,United States,substitutes,-,b0959ktdpb,6,1,16.6667%,0,0,5,4.8485%,20.63,1,1,100.0000%,1,0,5,0
"Feb 01, 2026","Feb 01, 2026",Sachets,USD,NM  - SP - 4 Pack - Auto - CAC  Audience - Offense - B0DJ3J2CKX - July 2025,NM  - SP - 4 Pack - Auto - CAC  Audience - Offense - B0DJ3J2CKX - July 2025,Amazon,United States,complements,-,b097qbdjdm,2,1,50.0000%,1,1,0,,0.00,0,0,0.0000%,0,0,0,0
"Mar 17, 2026","Mar 17, 2026",Stick Packs,USD,AUTO TEST MARCH 17 26,STICK PACKS,Amazon,United States,substitutes,-,b0985tj4hf,20,1,5.0000%,7,7,0,,0.00,0,0,0.0000%,0,0,0,0
"Feb 01, 2026","Feb 01, 2026",Sachets,USD,NM  - SP - 4 Pack - Auto - CAC  Audience - Offense - B0DJ3J2CKX - July 2025,NM  - SP - 4 Pack - Auto - CAC  Audience - Offense - B0DJ3J2CKX - July 2025,Amazon,United States,complements,-,b09bw622d9,1,1,100.0000%,1,1,0,,0.00,0,0,0.0000%,0,0,0,0
"Feb 19, 2026","Feb 19, 2026",Jars,USD,NM - SP - Auto - HLP  Audience - Multi - Offense - Jars - July 2025,NM - SP - Jars - Auto - HLP  Audience - Multi - Offense - July 2025,Amazon,United States,complements,-,b09f8szrdp,3,1,33.3333%,2,2,0,,0.00,0,0,0.0000%,0,0,0,0
"Feb 07, 2026","Feb 07, 2026",Sachets,USD,NM  - SP - 12 Pack - Auto - PBP  Audience - MDF - Offense - B0DY6K7RQH - July 2025,NM  - SP - 12 Pack - Auto - PBP  Audience - Offense - B0DY6K7RQH - July 2025,Amazon,United States,substitutes,-,b09fxvq8wn,1,1,100.0000%,0,0,0,,0.00,0,0,0.0000%,0,0,0,0
"Mar 17, 2026","Mar 17, 2026",Stick Packs,USD,AUTO TEST MARCH 17 26,STICK PACKS,Amazon,United States,substitutes,-,b09gkx9j39,16,1,6.2500%,7,7,35,20.4578%,4.89,1,1,100.0000%,0,1,0,35
"Feb 12, 2026","Feb 12, 2026",Sachets,USD,NM  - SP - 4 Pack - Auto - CAC  Audience - Offense - B0DJ3J2CKX - July 2025,NM  - SP - 4 Pack - Auto - CAC  Audience - Offense - B0DJ3J2CKX - July 2025,Amazon,United States,substitutes,-,b09gl4r5nv,4,1,25.0000%,1,1,0,,0.00,0,0,0.0000%,0,0,0,0
"Feb 04, 2026","Feb 07, 2026",Sachets,USD,NM  - SP - STR - 4 Pack - PT 2 - B0DJ3J2CKX - Jan 2026,NM  - SP - STR - 4 Pack - PT 2 - B0DJ3J2CKX - Jan 2026,Amazon,United States,"asin=""B09GL4R5NV""",-,b09gl4r5nv,67,2,2.9851%,1,2,0,,0.00,0,0,0.0000%,0,0,0,0
"Mar 17, 2026","Mar 17, 2026",Stick Packs,USD,AUTO TEST MARCH 17 26,STICK PACKS,Amazon,United States,substitutes,-,b09mjvmzz5,2,1,50.0000%,7,7,0,,0.00,0,0,0.0000%,0,0,0,0
"Feb 11, 2026","Feb 11, 2026",Sachets,USD,NM  - SP - 4 Pack - Auto - CAC  Audience - Offense - B0DJ3J2CKX - July 2025,NM  - SP - 4 Pack - Auto - CAC  Audience - Offense - B0DJ3J2CKX - July 2025,Amazon,United States,substitutes,-,b09n4p2gzy,39,1,2.5641%,1,1,0,,0.00,0,0,0.0000%,0,0,0,0
"Feb 15, 2026","Feb 15, 2026",Jars,USD,NM - SP - Auto - HLP  Audience - Multi - Offense - Jars - July 2025,NM - SP - Jars - Auto - HLP  Audience - Multi - Offense - July 2025,Amazon,United States,complements,-,b09svw332r,3,1,33.3333%,2,2,0,,0.00,0,0,0.0000%,0,0,0,0
"Mar 17, 2026","Mar 17, 2026",Stick Packs,USD,AUTO TEST MARCH 17 26,STICK PACKS,Amazon,United States,substitutes,-,b0b3ry6tvk,2,1,50.0000%,7,7,0,,0.00,0,0,0.0000%,0,0,0,0
"Mar 18, 2026","Mar 18, 2026",Stick Packs,USD,AUTO TEST MARCH 17 26,STICK PACKS,Amazon,United States,substitutes,-,b0b3sxzs6h,3,1,33.3333%,7,7,0,,0.00,0,0,0.0000%,0,0,0,0
"Feb 02, 2026","Feb 02, 2026",Sachets,USD,NM  - SP - 4 Pack - Auto - CAC  Audience - Offense - B0DJ3J2CKX - July 2025,NM  - SP - 4 Pack - Auto - CAC  Audience - Offense - B0DJ3J2CKX - July 2025,Amazon,United States,complements,-,b0b54mt26c,1,1,100.0000%,1,1,0,,0.00,0,0,0.0000%,0,0,0,0
"Feb 03, 2026","Feb 03, 2026",Sachets,USD,NM  - SP - 4 Pack - Auto - CAC  Audience - Offense - B0DJ3J2CKX - July 2025,NM  - SP - 4 Pack - Auto - CAC  Audience - Offense - B0DJ3J2CKX - July 2025,Amazon,United States,complements,-,b0b5fbqytb,1,1,100.0000%,1,1,0,,0.00,0,0,0.0000%,0,0,0,0
"Feb 04, 2026","Feb 04, 2026",Sachets,USD,NM  - SP - 4 Pack - Auto - CAC  Audience - Offense - B0DJ3J2CKX - July 2025,NM  - SP - 4 Pack - Auto - CAC  Audience - Offense - B0DJ3J2CKX - July 2025,Amazon,United States,complements,-,b0b7p7qnk3,1,1,100.0000%,2,2,0,,0.00,0,0,0.0000%,0,0,0,0
"Feb 14, 2026","Feb 14, 2026",Jars,USD,NM - SP - Auto - PBP  Audience - Multi - Offense - Jars - July 2025,NM - SP - Jars - Auto - PBP  Audience - Multi - Offense - July 2025,Amazon,United States,substitutes,-,b0b8n1h9bn,2,1,50.0000%,1,1,0,,0.00,0,0,0.0000%,0,0,0,0
"Feb 08, 2026","Feb 08, 2026",Sachets,USD,NM  - SP - 12 Pack - Auto - PBP  Audience - MDF - Offense - B0DY6K7RQH - July 2025,NM  - SP - 12 Pack - Auto - PBP  Audience - Offense - B0DY6K7RQH - July 2025,Amazon,United States,substitutes,-,b0b8t5kwy9,1,1,100.0000%,0,0,0,,0.00,0,0,0.0000%,0,0,0,0
"Feb 09, 2026","Feb 09, 2026",Sachets,USD,NM  - SP - 12 Pack - Auto - PBP  Audience - MDF - Offense - B0DY6K7RQH - July 2025,NM  - SP - 12 Pack - Auto - PBP  Audience - Offense - B0DY6K7RQH - July 2025,Amazon,United States,substitutes,-,b0b9ymnywk,1,1,100.0000%,0,0,0,,0.00,0,0,0.0000%,0,0,0,0
"Feb 21, 2026","Feb 21, 2026",Sachets,USD,NM  - SP - 4 Pack - Auto - PBP  Audience - Offense - B0DJ3J2CKX - July 2025,NM  - SP - 4 Pack - Auto - PBP  Audience - Offense - B0DJ3J2CKX - July 2025,Amazon,United States,complements,-,b0bhfdxz66,1,1,100.0000%,0,0,0,,0.00,0,0,0.0000%,0,0,0,0
"Feb 10, 2026","Feb 10, 2026",Jars,USD,NM - SP - Auto - CAC  Audience - Multi - Offense - Jars - July 2025,NM - SP - Jars - Auto - CAC  Audience - Multi - Offense - July 2025,Amazon,United States,substitutes,-,b0bkcvlygx,2,1,50.0000%,4,4,0,,0.00,0,0,0.0000%,0,0,0,0
"Feb 08, 2026","Feb 08, 2026",Sachets,USD,NM  - SP - 4 Pack - Auto - CAC  Audience - Offense - B0DJ3J2CKX - July 2025,NM  - SP - 4 Pack - Auto - CAC  Audience - Offense - B0DJ3J2CKX - July 2025,Amazon,United States,complements,-,b0bkvhqk85,1,1,100.0000%,1,1,0,,0.00,0,0,0.0000%,0,0,0,0
"Feb 01, 2026","Feb 06, 2026",Sachets,USD,NM  - SP - 4 Pack - Auto - CAC  Audience - Offense - B0DJ3J2CKX - July 2025,NM  - SP - 4 Pack - Auto - CAC  Audience - Offense - B0DJ3J2CKX - July 2025,Amazon,United States,complements,-,b0bmxk62bd,40,3,7.5000%,1,3,0,,0.00,0,0,0.0000%,0,0,0,0
"Feb 03, 2026","Feb 03, 2026",Sachets,USD,NM  - SP - 12 Pack - Auto - PBP  Audience - MDF - Offense - B0DY6K7RQH - July 2025,NM  - SP - 12 Pack - Auto - PBP  Audience - Offense - B0DY6K7RQH - July 2025,Amazon,United States,substitutes,-,b0bmxk62bd,12,1,8.3333%,1,1,0,,0.00,0,0,0.0000%,0,0,0,0
"Mar 18, 2026","Mar 18, 2026",Stick Packs,USD,AUTO TEST MARCH 17 26,STICK PACKS,Amazon,United States,substitutes,-,b0bmxk62bd,30,1,3.3333%,7,7,0,,0.00,0,0,0.0000%,0,0,0,0
"Mar 12, 2026","Mar 12, 2026",Jars,USD,NM - SP - Auto - CAC  Audience - Multi - Offense - Jars - July 2025,NM - SP - Jars - Auto - CAC  Audience - Multi - Offense - July 2025,Amazon,United States,substitutes,-,b0bn13sp9k,1,1,100.0000%,2,2,0,,0.00,0,0,0.0000%,0,0,0,0
"Mar 17, 2026","Mar 17, 2026",Stick Packs,USD,AUTO TEST MARCH 17 26,STICK PACKS,Amazon,United States,substitutes,-,b0bq5s3p3p,2,1,50.0000%,4,4,0,,0.00,0,0,0.0000%,0,0,0,0
"Feb 02, 2026","Feb 02, 2026",Sachets,USD,NM  - SP - STR - 4 Pack - PT 3 - B0DJ3J2CKX - Jan 2026,NM  - SP - STR - 4 Pack - PT 3 - B0DJ3J2CKX - Jan 2026,Amazon,United States,"asin=""B0BRM8CT4N""",-,b0brm8ct4n,7,1,14.2857%,0,0,0,,0.00,0,0,0.0000%,0,0,0,0
"Feb 19, 2026","Mar 13, 2026",Sachets,USD,NM  - SP - STR - 12 Pack - PT 3 - B0DY6K7RQH - Jan 2026,NM  - SP - STR - 12 Pack - PT 3 - B0DY6K7RQH - Jan 2026,Amazon,United States,"asin=""B0BRM8CT4N""",-,b0brm8ct4n,1166,3,0.2573%,1,3,15,23.2776%,4.30,1,1,33.3333%,1,0,15,0
"Feb 22, 2026","Feb 22, 2026",Jars,USD,NM - SP - Auto - HLP  Audience - Multi - Offense - Jars - July 2025,NM - SP - Jars - Auto - HLP  Audience - Multi - Offense - July 2025,Amazon,United States,complements,-,b0btw9b9fd,1,1,100.0000%,2,2,0,,0.00,0,0,0.0000%,0,0,0,0
"Mar 17, 2026","Mar 17, 2026",Stick Packs,USD,AUTO TEST MARCH 17 26,STICK PACKS,Amazon,United States,substitutes,-,b0by3fdx3k,17,1,5.8824%,5,5,0,,0.00,0,0,0.0000%,0,0,0,0
"Feb 09, 2026","Feb 09, 2026",Sachets,USD,NM  - SP - 4 Pack - Auto - CAC  Audience - Offense - B0DJ3J2CKX - July 2025,NM  - SP - 4 Pack - Auto - CAC  Audience - Offense - B0DJ3J2CKX - July 2025,Amazon,United States,complements,-,b0byts1vfq,1,1,100.0000%,1,1,0,,0.00,0,0,0.0000%,0,0,0,0
"Feb 19, 2026","Feb 19, 2026",Sachets,USD,NM  - SP - 4 Pack - Auto - PBP  Audience - Offense - B0DJ3J2CKX - July 2025,NM  - SP - 4 Pack - Auto - PBP  Audience - Offense - B0DJ3J2CKX - July 2025,Amazon,United States,complements,-,b0bzfy9tn2,2,1,50.0000%,0,0,0,,0.00,0,0,0.0000%,0,0,0,0
"Mar 16, 2026","Mar 16, 2026",Jars,USD,NM - SP - Auto - CAC  Audience - Multi - Offense - Jars - July 2025,NM - SP - Jars - Auto - CAC  Audience - Multi - Offense - July 2025,Amazon,United States,substitutes,-,b0c3kgfwvl,1,1,100.0000%,4,4,0,,0.00,0,0,0.0000%,0,0,0,0
"Mar 02, 2026","Mar 04, 2026",Sachets,USD,NM  - SP - 12 Pack - Auto - PBP  Audience - MDF - Offense - B0DY6K7RQH - July 2025,NM  - SP - 12 Pack - Auto - PBP  Audience - Offense - B0DY6K7RQH - July 2025,Amazon,United States,substitutes,-,b0c3n4qpcw,4,2,50.0000%,0,0,0,,0.00,0,0,0.0000%,0,0,0,0
"Feb 01, 2026","Feb 01, 2026",Sachets,USD,NM  - SP - 4 Pack - Auto - CAC  Audience - Offense - B0DJ3J2CKX - July 2025,NM  - SP - 4 Pack - Auto - CAC  Audience - Offense - B0DJ3J2CKX - July 2025,Amazon,United States,complements,-,b0c47p4jcm,11,1,9.0909%,1,1,0,,0.00,0,0,0.0000%,0,0,0,0
"Feb 02, 2026","Feb 02, 2026",Jars,USD,NM - SP - Auto - CAC  Audience - Multi - Offense - Jars - July 2025,NM - SP - Jars - Auto - CAC  Audience - Multi - Offense - July 2025,Amazon,United States,substitutes,-,b0c5jlnvdq,1,1,100.0000%,1,1,90,1.5462%,64.68,2,2,200.0000%,1,1,45,45
"Mar 17, 2026","Mar 17, 2026",Stick Packs,USD,AUTO TEST MARCH 17 26,STICK PACKS,Amazon,United States,substitutes,-,b0c62k2f16,4,1,25.0000%,5,5,0,,0.00,0,0,0.0000%,0,0,0,0
"Feb 05, 2026","Feb 05, 2026",Sachets,USD,NM  - SP - STR - 4 Pack - PT - B0DJ3J2CKX - Jan 2026,NM  - SP - STR - 4 Pack - PT - B0DJ3J2CKX - Jan 2026,Amazon,United States,"asin=""B0C6793K5M""",-,b0c6793k5m,5,1,20.0000%,1,1,0,,0.00,0,0,0.0000%,0,0,0,0
"Feb 02, 2026","Feb 02, 2026",Jars,USD,NM - SP - Auto - CAC  Audience - Multi - Offense - Jars - July 2025,NM - SP - Jars - Auto - CAC  Audience - Multi - Offense - July 2025,Amazon,United States,substitutes,-,b0c6cx25p5,13,1,7.6923%,1,1,0,,0.00,0,0,0.0000%,0,0,0,0
"Feb 08, 2026","Feb 08, 2026",Sachets,USD,NM  - SP - 4 Pack - Auto - CAC  Audience - Offense - B0DJ3J2CKX - July 2025,NM  - SP - 4 Pack - Auto - CAC  Audience - Offense - B0DJ3J2CKX - July 2025,Amazon,United States,complements,-,b0c8kr3q9t,1,1,100.0000%,1,1,0,,0.00,0,0,0.0000%,0,0,0,0
"Mar 17, 2026","Mar 17, 2026",Stick Packs,USD,AUTO TEST MARCH 17 26,STICK PACKS,Amazon,United States,substitutes,-,b0cdhmyq2l,3,1,33.3333%,6,6,0,,0.00,0,0,0.0000%,0,0,0,0
"Mar 17, 2026","Mar 17, 2026",Jars,USD,NM - SP - Auto - PBP  Audience - Multi - Offense - Jars - July 2025,NM - SP - Jars - Auto - PBP  Audience - Multi - Offense - July 2025,Amazon,United States,substitutes,-,b0cfhlbcwm,2,1,50.0000%,1,1,0,,0.00,0,0,0.0000%,0,0,0,0
"Feb 21, 2026","Feb 28, 2026",Jars,USD,NM - SP - Auto - CAC  Audience - Multi - Offense - Jars - July 2025,NM - SP - Jars - Auto - CAC  Audience - Multi - Offense - July 2025,Amazon,United States,substitutes,-,b0cggc4dnw,18,2,11.1111%,3,6,10,55.7789%,1.79,1,1,50.0000%,0,1,0,10
"Feb 26, 2026","Feb 26, 2026",Sachets,USD,NM  - SP - STR - 12 Pack - PT - B0DY6K7RQH - Jan 2026,NM  - SP - STR - 12 Pack - PT - B0DY6K7RQH - Jan 2026,Amazon,United States,"asin=""B0CGGC4DNW""",-,b0cggc4dnw,9,1,11.1111%,1,1,0,,0.00,0,0,0.0000%,0,0,0,0
"Mar 18, 2026","Mar 18, 2026",Stick Packs,USD,AUTO TEST MARCH 17 26,STICK PACKS,Amazon,United States,substitutes,-,b0cggc4dnw,9,1,11.1111%,7,7,0,,0.00,0,0,0.0000%,0,0,0,0
"Feb 03, 2026","Feb 03, 2026",Sachets,USD,NM  - SP - 4 Pack - Auto - CAC  Audience - Offense - B0DJ3J2CKX - July 2025,NM  - SP - 4 Pack - Auto - CAC  Audience - Offense - B0DJ3J2CKX - July 2025,Amazon,United States,complements,-,b0chn72mys,2,1,50.0000%,1,1,0,,0.00,0,0,0.0000%,0,0,0,0
"Feb 02, 2026","Feb 02, 2026",Sachets,USD,NM  - SP - 4 Pack - Auto - CAC  Audience - Offense - B0DJ3J2CKX - July 2025,NM  - SP - 4 Pack - Auto - CAC  Audience - Offense - B0DJ3J2CKX - July 2025,Amazon,United States,complements,-,b0cjym8fkf,1,1,100.0000%,1,1,0,,0.00,0,0,0.0000%,0,0,0,0
"Feb 17, 2026","Feb 17, 2026",Jars,USD,NM - SP - Auto - CAC  Audience - Multi - Offense - Jars - July 2025,NM - SP - Jars - Auto - CAC  Audience - Multi - Offense - July 2025,Amazon,United States,substitutes,-,b0ck52ygc2,6,1,16.6667%,4,4,0,,0.00,0,0,0.0000%,0,0,0,0
"Mar 17, 2026","Mar 17, 2026",Stick Packs,USD,AUTO TEST MARCH 17 26,STICK PACKS,Amazon,United States,substitutes,-,b0clhk7slb,12,1,8.3333%,5,5,0,,0.00,0,0,0.0000%,0,0,0,0
"Feb 03, 2026","Feb 03, 2026",Sachets,USD,NM  - SP - 4 Pack - Auto - CAC  Audience - Offense - B0DJ3J2CKX - July 2025,NM  - SP - 4 Pack - Auto - CAC  Audience - Offense - B0DJ3J2CKX - July 2025,Amazon,United States,complements,-,b0cmjfh81q,1,1,100.0000%,1,1,0,,0.00,0,0,0.0000%,0,0,0,0
"Mar 18, 2026","Mar 18, 2026",Stick Packs,USD,AUTO TEST MARCH 17 26,STICK PACKS,Amazon,United States,substitutes,-,b0cnwycdcf,2,1,50.0000%,7,7,0,,0.00,0,0,0.0000%,0,0,0,0
"Feb 23, 2026","Feb 23, 2026",Jars,USD,NM - SP - Auto - HLP  Audience - Multi - Offense - Jars - July 2025,NM - SP - Jars - Auto - HLP  Audience - Multi - Offense - July 2025,Amazon,United States,complements,-,b0cqmtxxc5,2,1,50.0000%,2,2,0,,0.00,0,0,0.0000%,0,0,0,0
"Feb 01, 2026","Feb 01, 2026",Sachets,USD,NM  - SP - 4 Pack - Auto - CAC  Audience - Offense - B0DJ3J2CKX - July 2025,NM  - SP - 4 Pack - Auto - CAC  Audience - Offense - B0DJ3J2CKX - July 2025,Amazon,United States,complements,-,b0cqpgbbvp,1,1,100.0000%,1,1,0,,0.00,0,0,0.0000%,0,0,0,0
"Feb 07, 2026","Feb 07, 2026",Sachets,USD,NM  - SP - 12 Pack - Auto - PBP  Audience - MDF - Offense - B0DY6K7RQH - July 2025,NM  - SP - 12 Pack - Auto - PBP  Audience - Offense - B0DY6K7RQH - July 2025,Amazon,United States,substitutes,-,b0cqrvcy5b,1,1,100.0000%,0,0,0,,0.00,0,0,0.0000%,0,0,0,0
"Feb 28, 2026","Feb 28, 2026",Jars,USD,NM - SP - Auto - CAC  Audience - Multi - Offense - Jars - July 2025,NM - SP - Jars - Auto - CAC  Audience - Multi - Offense - July 2025,Amazon,United States,substitutes,-,b0cr6z2b1r,1,1,100.0000%,1,1,0,,0.00,0,0,0.0000%,0,0,0,0
"Feb 02, 2026","Feb 02, 2026",Sachets,USD,NM  - SP - 4 Pack - Auto - CAC  Audience - Offense - B0DJ3J2CKX - July 2025,NM  - SP - 4 Pack - Auto - CAC  Audience - Offense - B0DJ3J2CKX - July 2025,Amazon,United States,complements,-,b0cvskg7dx,4,3,75.0000%,1,4,0,,0.00,0,0,0.0000%,0,0,0,0
"Feb 11, 2026","Feb 11, 2026",Sachets,USD,NM  - SP - 4 Pack - Auto - CAC  Audience - Offense - B0DJ3J2CKX - July 2025,NM  - SP - 4 Pack - Auto - CAC  Audience - Offense - B0DJ3J2CKX - July 2025,Amazon,United States,complements,-,b0cy3h479d,1,1,100.0000%,1,1,0,,0.00,0,0,0.0000%,0,0,0,0
"Mar 17, 2026","Mar 17, 2026",Stick Packs,USD,AUTO TEST MARCH 17 26,STICK PACKS,Amazon,United States,substitutes,-,b0cyv4fcjs,3,1,33.3333%,5,5,0,,0.00,0,0,0.0000%,0,0,0,0
"Mar 17, 2026","Mar 17, 2026",Stick Packs,USD,AUTO TEST MARCH 17 26,STICK PACKS,Amazon,United States,substitutes,-,b0cz17jdtp,2,1,50.0000%,5,5,0,,0.00,0,0,0.0000%,0,0,0,0
"Mar 17, 2026","Mar 17, 2026",Stick Packs,USD,AUTO TEST MARCH 17 26,STICK PACKS,Amazon,United States,substitutes,-,b0cz1r1lnj,2,1,50.0000%,7,7,0,,0.00,0,0,0.0000%,0,0,0,0
"Feb 18, 2026","Feb 18, 2026",Jars,USD,NM - SP - Auto - CAC  Audience - Multi - Offense - Jars - July 2025,NM - SP - Jars - Auto - CAC  Audience - Multi - Offense - July 2025,Amazon,United States,substitutes,-,b0czs4v65r,3,1,33.3333%,2,2,0,,0.00,0,0,0.0000%,0,0,0,0
"Feb 05, 2026","Feb 05, 2026",Sachets,USD,NM  - SP - 4 Pack - Auto - CAC  Audience - Offense - B0DJ3J2CKX - July 2025,NM  - SP - 4 Pack - Auto - CAC  Audience - Offense - B0DJ3J2CKX - July 2025,Amazon,United States,complements,-,b0d13xgk2p,1,1,100.0000%,1,1,0,,0.00,0,0,0.0000%,0,0,0,0
"Feb 26, 2026","Feb 26, 2026",Sachets,USD,NM  - SP - STR - 12 Pack - PT 6 - B0DY6K7RQH - Jan 2026,NM  - SP - STR - 12 Pack - PT 6 - B0DY6K7RQH - Jan 2026,Amazon,United States,"asin=""B0D13XGK2P""",-,b0d13xgk2p,12,1,8.3333%,1,1,0,,0.00,0,0,0.0000%,0,0,0,0
"Mar 01, 2026","Mar 01, 2026",Jars,USD,NM - SP - Auto - CAC  Audience - Multi - Offense - Jars - July 2025,NM - SP - Jars - Auto - CAC  Audience - Multi - Offense - July 2025,Amazon,United States,substitutes,-,b0d1dzw4qk,2,1,50.0000%,1,1,0,,0.00,0,0,0.0000%,0,0,0,0
"Feb 25, 2026","Feb 28, 2026",Sachets,USD,NM  - SP - STR - 12 Pack - PT - B0DY6K7RQH - Jan 2026,NM  - SP - STR - 12 Pack - PT - B0DY6K7RQH - Jan 2026,Amazon,United States,"asin=""B0D1SWFG1V""",-,b0d1swfg1v,3,2,66.6667%,1,2,0,,0.00,0,0,0.0000%,0,0,0,0
"Feb 05, 2026","Feb 05, 2026",Sachets,USD,NM  - SP - STR - 4 Pack - PT - B0DJ3J2CKX - Jan 2026,NM  - SP - STR - 4 Pack - PT - B0DJ3J2CKX - Jan 2026,Amazon,United States,"asin=""B0D1SWFG1V""",-,b0d1swfg1v,100,1,1.0000%,1,1,0,,0.00,0,0,0.0000%,0,0,0,0
"Feb 03, 2026","Feb 03, 2026",Jars,USD,NM - SP - Auto - CAC  Audience - Multi - Offense - Jars - July 2025,NM - SP - Jars - Auto - CAC  Audience - Multi - Offense - July 2025,Amazon,United States,substitutes,-,b0d28yvbdw,1,1,100.0000%,1,1,0,,0.00,0,0,0.0000%,0,0,0,0
"Feb 01, 2026","Feb 02, 2026",Sachets,USD,NM  - SP - STR - 4 Pack - PT 6 - B0DJ3J2CKX - Jan 2026,NM  - SP - STR - 4 Pack - PT 6 - B0DJ3J2CKX - Jan 2026,Amazon,United States,"asin=""B0D2R7RP9Q""",-,b0d2r7rp9q,15,3,20.0000%,1,4,0,,0.00,0,0,0.0000%,0,0,0,0
"Mar 18, 2026","Mar 18, 2026",Stick Packs,USD,AUTO TEST MARCH 17 26,STICK PACKS,Amazon,United States,substitutes,-,b0d432x51n,4,1,25.0000%,6,6,0,,0.00,0,0,0.0000%,0,0,0,0
"Feb 08, 2026","Feb 08, 2026",Sachets,USD,NM  - SP - 4 Pack - Auto - CAC  Audience - Offense - B0DJ3J2CKX - July 2025,NM  - SP - 4 Pack - Auto - CAC  Audience - Offense - B0DJ3J2CKX - July 2025,Amazon,United States,complements,-,b0d45whwmg,3,1,33.3333%,1,1,0,,0.00,0,0,0.0000%,0,0,0,0
"Feb 20, 2026","Feb 20, 2026",Jars,USD,NM - SP - Auto - HLP  Audience - Multi - Offense - Jars - July 2025,NM - SP - Jars - Auto - HLP  Audience - Multi - Offense - July 2025,Amazon,United States,complements,-,b0d4fb4rc1,3,1,33.3333%,2,2,0,,0.00,0,0,0.0000%,0,0,0,0
"Feb 10, 2026","Feb 10, 2026",Sachets,USD,NM  - SP - STR - 4 Pack - PT 3 - B0DJ3J2CKX - Jan 2026,NM  - SP - STR - 4 Pack - PT 3 - B0DJ3J2CKX - Jan 2026,Amazon,United States,"asin=""B0D4XDQSCH""",-,b0d4xdqsch,18,1,5.5556%,1,1,0,,0.00,0,0,0.0000%,0,0,0,0
"Feb 19, 2026","Feb 19, 2026",Sachets,USD,NM  - SP - 12 Pack - Auto - PBP  Audience - MDF - Offense - B0DY6K7RQH - July 2025,NM  - SP - 12 Pack - Auto - PBP  Audience - Offense - B0DY6K7RQH - July 2025,Amazon,United States,substitutes,-,b0d61y4c7j,1,1,100.0000%,0,0,0,,0.00,0,0,0.0000%,0,0,0,0
"Feb 13, 2026","Feb 13, 2026",Sachets,USD,NM  - SP - STR - 12 Pack - PT 1 - B0DY6K7RQH - Jan 2026,NM  - SP - STR - 12 Pack - PT 1 - B0DY6K7RQH - Jan 2026,Amazon,United States,"asin=""B0D64HBCQF""",-,b0d64hbcqf,1,1,100.0000%,1,1,0,,0.00,0,0,0.0000%,0,0,0,0
"Mar 18, 2026","Mar 18, 2026",No Portfolio,USD,PERPETUA - STICKS - Perpetua - SP - Auto - tzm4t6x8,Ad Group 1,Amazon,United States,substitutes,-,b0d6l13dbt,2,1,50.0000%,1,1,0,,0.00,0,0,0.0000%,0,0,0,0
"Mar 15, 2026","Mar 15, 2026",Jars,USD,NM - SP - Auto - HLP  Audience - Multi - Offense - Jars - July 2025,NM - SP - Jars - Auto - HLP  Audience - Multi - Offense - July 2025,Amazon,United States,substitutes,-,b0d6l3bfj8,1,1,100.0000%,0,0,0,,0.00,0,0,0.0000%,0,0,0,0
"Feb 02, 2026","Feb 02, 2026",Sachets,USD,NM  - SP - 4 Pack - Auto - CAC  Audience - Offense - B0DJ3J2CKX - July 2025,NM  - SP - 4 Pack - Auto - CAC  Audience - Offense - B0DJ3J2CKX - July 2025,Amazon,United States,complements,-,b0d6l3bfj8,6,1,16.6667%,1,1,0,,0.00,0,0,0.0000%,0,0,0,0
"Feb 05, 2026","Feb 05, 2026",Sachets,USD,NM  - SP - 4 Pack - Auto - CAC  Audience - Offense - B0DJ3J2CKX - July 2025,NM  - SP - 4 Pack - Auto - CAC  Audience - Offense - B0DJ3J2CKX - July 2025,Amazon,United States,complements,-,b0d6pgnr19,1,1,100.0000%,1,1,0,,0.00,0,0,0.0000%,0,0,0,0
"Feb 12, 2026","Feb 12, 2026",Sachets,USD,NM  - SP - 4 Pack - Auto - CAC  Audience - Offense - B0DJ3J2CKX - July 2025,NM  - SP - 4 Pack - Auto - CAC  Audience - Offense - B0DJ3J2CKX - July 2025,Amazon,United States,complements,-,b0d6zc2mg1,2,1,50.0000%,1,1,0,,0.00,0,0,0.0000%,0,0,0,0
"Feb 08, 2026","Feb 08, 2026",Sachets,USD,NM  - SP - 4 Pack - Auto - CAC  Audience - Offense - B0DJ3J2CKX - July 2025,NM  - SP - 4 Pack - Auto - CAC  Audience - Offense - B0DJ3J2CKX - July 2025,Amazon,United States,complements,-,b0d7n11ml9,1,1,100.0000%,1,1,0,,0.00,0,0,0.0000%,0,0,0,0
"Feb 20, 2026","Feb 20, 2026",Jars,USD,NM - SP - Auto - HLP  Audience - Multi - Offense - Jars - July 2025,NM - SP - Jars - Auto - HLP  Audience - Multi - Offense - July 2025,Amazon,United States,complements,-,b0d9r41s4z,4,1,25.0000%,2,2,0,,0.00,0,0,0.0000%,0,0,0,0
"Feb 21, 2026","Feb 21, 2026",Jars,USD,NM - SP - Auto - CAC  Audience - Multi - Offense - Jars - July 2025,NM - SP - Jars - Auto - CAC  Audience - Multi - Offense - July 2025,Amazon,United States,substitutes,-,b0d9tv6z7c,4,1,25.0000%,7,7,0,,0.00,0,0,0.0000%,0,0,0,0
"Feb 02, 2026","Feb 02, 2026",Sachets,USD,NM  - SP - 12 Pack - Auto - PBP  Audience - MDF - Offense - B0DY6K7RQH - July 2025,NM  - SP - 12 Pack - Auto - PBP  Audience - Offense - B0DY6K7RQH - July 2025,Amazon,United States,substitutes,-,b0db6y71rm,1,1,100.0000%,0,0,0,,0.00,0,0,0.0000%,0,0,0,0
"Feb 02, 2026","Feb 02, 2026",Sachets,USD,NM  - SP - 4 Pack - Auto - CAC  Audience - Offense - B0DJ3J2CKX - July 2025,NM  - SP - 4 Pack - Auto - CAC  Audience - Offense - B0DJ3J2CKX - July 2025,Amazon,United States,substitutes,-,b0dbjfn7gy,4,1,25.0000%,1,1,0,,0.00,0,0,0.0000%,0,0,0,0
"Feb 17, 2026","Mar 17, 2026",Jars,USD,NM - SP - Auto - CAC  Audience - Multi - Offense - Jars - July 2025,NM - SP - Jars - Auto - CAC  Audience - Multi - Offense - July 2025,Amazon,United States,substitutes,-,b0dbrxnvmq,20,2,10.0000%,3,6,0,,0.00,0,0,0.0000%,0,0,0,0
"Mar 18, 2026","Mar 18, 2026",Stick Packs,USD,AUTO TEST MARCH 17 26,STICK PACKS,Amazon,United States,substitutes,-,b0dcc1kmm9,3,1,33.3333%,6,6,0,,0.00,0,0,0.0000%,0,0,0,0
"Feb 13, 2026","Feb 13, 2026",Jars,USD,NM - SP - Auto - HLP  Audience - Multi - Offense - Jars - July 2025,NM - SP - Jars - Auto - HLP  Audience - Multi - Offense - July 2025,Amazon,United States,complements,-,b0dg1gjtmw,2,2,100.0000%,2,5,0,,0.00,0,0,0.0000%,0,0,0,0
"Feb 02, 2026","Feb 27, 2026",Sachets,USD,NM  - SP - STR - 12 Pack - PT 4 - B0DY6K7RQH - Jan 2026,NM  - SP - STR - 12 Pack - PT 4 - B0DY6K7RQH - Jan 2026,Amazon,United States,"asin=""B0DGQW4K61""",-,b0dgqw4k61,38,4,10.5263%,1,3,0,,0.00,0,0,0.0000%,0,0,0,0
"Feb 17, 2026","Feb 17, 2026",Jars,USD,NM - SP - Auto - HLP  Audience - Multi - Offense - Jars - July 2025,NM - SP - Jars - Auto - HLP  Audience - Multi - Offense - July 2025,Amazon,United States,complements,-,b0dhfmtn87,1,1,100.0000%,2,2,0,,0.00,0,0,0.0000%,0,0,0,0
"Mar 18, 2026","Mar 18, 2026",Stick Packs,USD,AUTO TEST MARCH 17 26,STICK PACKS,Amazon,United States,substitutes,-,b0dhllwnlj,1,1,100.0000%,7,7,0,,0.00,0,0,0.0000%,0,0,0,0
"Feb 22, 2026","Feb 22, 2026",Jars,USD,NM - SP - Auto - HLP  Audience - Multi - Offense - Jars - July 2025,NM - SP - Jars - Auto - HLP  Audience - Multi - Offense - July 2025,Amazon,United States,complements,-,b0dhltqmkr,2,1,50.0000%,2,2,0,,0.00,0,0,0.0000%,0,0,0,0
"Feb 23, 2026","Feb 23, 2026",Jars,USD,NM - SP - Auto - CAC  Audience - Multi - Offense - Jars - July 2025,NM - SP - Jars - Auto - CAC  Audience - Multi - Offense - July 2025,Amazon,United States,substitutes,-,b0dht1k42y,23,1,4.3478%,1,1,0,,0.00,0,0,0.0000%,0,0,0,0
"Feb 01, 2026","Feb 16, 2026",Sachets,USD,NM  - SP - 4 Pack - Auto - CAC  Audience - Offense - B0DJ3J2CKX - July 2025,NM  - SP - 4 Pack - Auto - CAC  Audience - Offense - B0DJ3J2CKX - July 2025,Amazon,United States,complements,-,b0dhw3cgbb,291,6,2.0619%,1,4,0,,0.00,0,0,0.0000%,0,0,0,0
"Feb 05, 2026","Feb 09, 2026",Sachets,USD,NM  - SP - 4 Pack - Auto - CAC  Audience - Offense - B0DJ3J2CKX - July 2025,NM  - SP - 4 Pack - Auto - CAC  Audience - Offense - B0DJ3J2CKX - July 2025,Amazon,United States,substitutes,-,b0dhw3cgbb,106,3,2.8302%,0,1,0,,0.00,0,0,0.0000%,0,0,0,0
"Feb 02, 2026","Feb 03, 2026",Sachets,USD,NM  - SP - 12 Pack - Auto - PBP  Audience - MDF - Offense - B0DY6K7RQH - July 2025,NM  - SP - 12 Pack - Auto - PBP  Audience - Offense - B0DY6K7RQH - July 2025,Amazon,United States,substitutes,-,b0dhw3cgbb,5,2,40.0000%,1,1,10,10.0503%,9.95,1,1,50.0000%,1,0,10,0
"Mar 02, 2026","Mar 02, 2026",Sachets,USD,NM  - SP - 4 Pack - Auto - PBP  Audience - Offense - B0DJ3J2CKX - July 2025,NM  - SP - 4 Pack - Auto - PBP  Audience - Offense - B0DJ3J2CKX - July 2025,Amazon,United States,complements,-,b0dhw4g4h5,11,1,9.0909%,0,0,0,,0.00,0,0,0.0000%,0,0,0,0
"Feb 05, 2026","Feb 11, 2026",Sachets,USD,NM  - SP - 4 Pack - Auto - CAC  Audience - Offense - B0DJ3J2CKX - July 2025,NM  - SP - 4 Pack - Auto - CAC  Audience - Offense - B0DJ3J2CKX - July 2025,Amazon,United States,complements,-,b0dhw4g4h5,46,3,6.5217%,1,2,0,,0.00,0,0,0.0000%,0,0,0,0
"Feb 10, 2026","Feb 10, 2026",Sachets,USD,NM  - SP - 4 Pack - Auto - CAC  Audience - Offense - B0DJ3J2CKX - July 2025,NM  - SP - 4 Pack - Auto - CAC  Audience - Offense - B0DJ3J2CKX - July 2025,Amazon,United States,substitutes,-,b0dhw4g4h5,23,1,4.3478%,1,1,0,,0.00,0,0,0.0000%,0,0,0,0
"Feb 07, 2026","Feb 07, 2026",Jars,USD,NM - SP - Auto - HLP  Audience - Multi - Offense - Jars - July 2025,NM - SP - Jars - Auto - HLP  Audience - Multi - Offense - July 2025,Amazon,United States,substitutes,-,b0dhy5ywpj,1,1,100.0000%,1,1,0,,0.00,0,0,0.0000%,0,0,0,0
"Feb 12, 2026","Feb 12, 2026",Jars,USD,NM - SP - Auto - CAC  Audience - Multi - Offense - Jars - July 2025,NM - SP - Jars - Auto - CAC  Audience - Multi - Offense - July 2025,Amazon,United States,substitutes,-,b0dhyj8m5l,1,1,100.0000%,2,2,0,,0.00,0,0,0.0000%,0,0,0,0
"Feb 16, 2026","Feb 16, 2026",Jars,USD,NM - SP - Auto - HLP  Audience - Multi - Offense - Jars - July 2025,NM - SP - Jars - Auto - HLP  Audience - Multi - Offense - July 2025,Amazon,United States,complements,-,b0dj3lr14f,1,1,100.0000%,2,2,0,,0.00,0,0,0.0000%,0,0,0,0
"Feb 01, 2026","Feb 01, 2026",Sachets,USD,NM  - SP - 4 Pack - Auto - CAC  Audience - Offense - B0DJ3J2CKX - July 2025,NM  - SP - 4 Pack - Auto - CAC  Audience - Offense - B0DJ3J2CKX - July 2025,Amazon,United States,complements,-,b0dj3qf6gn,2,1,50.0000%,2,2,0,,0.00,0,0,0.0000%,0,0,0,0
"Feb 02, 2026","Feb 02, 2026",Sachets,USD,NM  - SP - 4 Pack - Auto - CAC  Audience - Offense - B0DJ3J2CKX - July 2025,NM  - SP - 4 Pack - Auto - CAC  Audience - Offense - B0DJ3J2CKX - July 2025,Amazon,United States,complements,-,b0dk18nbm5,1,1,100.0000%,1,1,0,,0.00,0,0,0.0000%,0,0,0,0
"Feb 03, 2026","Feb 03, 2026",Sachets,USD,NM  - SP - 4 Pack - Auto - CAC  Audience - Offense - B0DJ3J2CKX - July 2025,NM  - SP - 4 Pack - Auto - CAC  Audience - Offense - B0DJ3J2CKX - July 2025,Amazon,United States,complements,-,b0dk7zglvz,1,1,100.0000%,1,1,0,,0.00,0,0,0.0000%,0,0,0,0
"Feb 16, 2026","Feb 16, 2026",Jars,USD,NM - SP - Auto - HLP  Audience - Multi - Offense - Jars - July 2025,NM - SP - Jars - Auto - HLP  Audience - Multi - Offense - July 2025,Amazon,United States,complements,-,b0dn6p4f9b,3,1,33.3333%,2,2,0,,0.00,0,0,0.0000%,0,0,0,0
"Feb 12, 2026","Feb 12, 2026",Sachets,USD,NM  - SP - 4 Pack - Auto - CAC  Audience - Offense - B0DJ3J2CKX - July 2025,NM  - SP - 4 Pack - Auto - CAC  Audience - Offense - B0DJ3J2CKX - July 2025,Amazon,United States,substitutes,-,b0dpkfb3np,2,1,50.0000%,1,1,0,,0.00,0,0,0.0000%,0,0,0,0
"Mar 17, 2026","Mar 17, 2026",Stick Packs,USD,AUTO TEST MARCH 17 26,STICK PACKS,Amazon,United States,substitutes,-,b0ds6mt455,3,1,33.3333%,5,5,0,,0.00,0,0,0.0000%,0,0,0,0
"Feb 10, 2026","Feb 10, 2026",Jars,USD,NM - SP - Auto - CAC  Audience - Multi - Offense - Jars - July 2025,NM - SP - Jars - Auto - CAC  Audience - Multi - Offense - July 2025,Amazon,United States,substitutes,-,b0dth4qth8,5,1,20.0000%,4,4,0,,0.00,0,0,0.0000%,0,0,0,0
"Feb 07, 2026","Feb 07, 2026",Sachets,USD,NM  - SP - 4 Pack - Auto - CAC  Audience - Offense - B0DJ3J2CKX - July 2025,NM  - SP - 4 Pack - Auto - CAC  Audience - Offense - B0DJ3J2CKX - July 2025,Amazon,United States,complements,-,b0dth4qth8,1,1,100.0000%,1,1,0,,0.00,0,0,0.0000%,0,0,0,0
"Feb 21, 2026","Mar 15, 2026",Jars,USD,NM - SP - Auto - CAC  Audience - Multi - Offense - Jars - July 2025,NM - SP - Jars - Auto - CAC  Audience - Multi - Offense - July 2025,Amazon,United States,substitutes,-,b0dtjly8zj,3,2,66.6667%,3,5,55,9.3807%,10.66,2,2,100.0000%,1,1,45,10
"Mar 17, 2026","Mar 17, 2026",Stick Packs,USD,AUTO TEST MARCH 17 26,STICK PACKS,Amazon,United States,substitutes,-,b0dtjly8zj,107,5,4.6729%,5,23,35,66.0086%,1.51,1,1,20.0000%,0,1,0,35
"Mar 17, 2026","Mar 17, 2026",Stick Packs,USD,AUTO TEST MARCH 17 26,STICK PACKS,Amazon,United States,substitutes,-,b0dv3bckl3,2,1,50.0000%,5,5,0,,0.00,0,0,0.0000%,0,0,0,0
"Feb 18, 2026","Feb 18, 2026",Jars,USD,NM - SP - Auto - HLP  Audience - Multi - Offense - Jars - July 2025,NM - SP - Jars - Auto - HLP  Audience - Multi - Offense - July 2025,Amazon,United States,complements,-,b0dvdnjl8s,1,1,100.0000%,2,2,0,,0.00,0,0,0.0000%,0,0,0,0
"Mar 18, 2026","Mar 18, 2026",Stick Packs,USD,AUTO TEST MARCH 17 26,STICK PACKS,Amazon,United States,substitutes,-,b0dvm983c7,2,1,50.0000%,7,7,0,,0.00,0,0,0.0000%,0,0,0,0
"Feb 21, 2026","Feb 21, 2026",Jars,USD,NM - SP - Auto - CAC  Audience - Multi - Offense - Jars - July 2025,NM - SP - Jars - Auto - CAC  Audience - Multi - Offense - July 2025,Amazon,United States,substitutes,-,b0dvwkpj32,4,1,25.0000%,4,4,0,,0.00,0,0,0.0000%,0,0,0,0
"Feb 11, 2026","Feb 11, 2026",Sachets,USD,NM  - SP - STR - 12 Pack - PT - B0DY6K7RQH - Jan 2026,NM  - SP - STR - 12 Pack - PT - B0DY6K7RQH - Jan 2026,Amazon,United States,"asin=""B0DVWKPJ32""",-,b0dvwkpj32,12,1,8.3333%,2,2,0,,0.00,0,0,0.0000%,0,0,0,0
"Feb 07, 2026","Feb 07, 2026",Sachets,USD,NM  - SP - 4 Pack - Auto - CAC  Audience - Offense - B0DJ3J2CKX - July 2025,NM  - SP - 4 Pack - Auto - CAC  Audience - Offense - B0DJ3J2CKX - July 2025,Amazon,United States,complements,-,b0dwgd876x,1,1,100.0000%,1,1,0,,0.00,0,0,0.0000%,0,0,0,0
"Feb 21, 2026","Feb 21, 2026",Jars,USD,NM - SP - Auto - HLP  Audience - Multi - Offense - Jars - July 2025,NM - SP - Jars - Auto - HLP  Audience - Multi - Offense - July 2025,Amazon,United States,complements,-,b0dwgm5zxq,1,1,100.0000%,2,2,0,,0.00,0,0,0.0000%,0,0,0,0
"Feb 12, 2026","Feb 12, 2026",Jars,USD,NM - SP - Auto - CAC  Audience - Multi - Offense - Jars - July 2025,NM - SP - Jars - Auto - CAC  Audience - Multi - Offense - July 2025,Amazon,United States,substitutes,-,b0dwqywg22,1,1,100.0000%,4,4,0,,0.00,0,0,0.0000%,0,0,0,0
"Feb 01, 2026","Feb 01, 2026",Sachets,USD,NM  - SP - 4 Pack - Auto - CAC  Audience - Offense - B0DJ3J2CKX - July 2025,NM  - SP - 4 Pack - Auto - CAC  Audience - Offense - B0DJ3J2CKX - July 2025,Amazon,United States,complements,-,b0dx7846r5,14,1,7.1429%,1,1,0,,0.00,0,0,0.0000%,0,0,0,0
"Mar 17, 2026","Mar 17, 2026",Stick Packs,USD,AUTO TEST MARCH 17 26,STICK PACKS,Amazon,United States,substitutes,-,b0dx7846r5,62,1,1.6129%,6,6,0,,0.00,0,0,0.0000%,0,0,0,0
"Feb 19, 2026","Feb 25, 2026",Sachets,USD,NM  - SP - STR - 12 Pack - PT 2 - B0DY6K7RQH - Jan 2026,NM  - SP - STR - 12 Pack - PT 2 - B0DY6K7RQH - Jan 2026,Amazon,United States,"asin=""B0DXFVM72V""",-,b0dxfvm72v,56,4,7.1429%,2,7,0,,0.00,0,0,0.0000%,0,0,0,0
"Feb 02, 2026","Feb 11, 2026",Sachets,USD,NM  - SP - STR - 4 Pack - PT 2 - B0DJ3J2CKX - Jan 2026,NM  - SP - STR - 4 Pack - PT 2 - B0DJ3J2CKX - Jan 2026,Amazon,United States,"asin=""B0DXFVM72V""",-,b0dxfvm72v,18,3,16.6667%,1,2,0,,0.00,0,0,0.0000%,0,0,0,0
"Feb 27, 2026","Feb 28, 2026",Sachets,USD,NM  - SP - 4 Pack - Auto - PBP  Audience - Offense - B0DJ3J2CKX - July 2025,NM  - SP - 4 Pack - Auto - PBP  Audience - Offense - B0DJ3J2CKX - July 2025,Amazon,United States,complements,-,b0dy6k7rqh,13,2,15.3846%,1,1,20,6.5163%,15.35,1,1,50.0000%,0,1,0,20
"Feb 09, 2026","Feb 09, 2026",Jars,USD,NM - SP - Auto - CAC  Audience - Multi - Offense - Jars - July 2025,NM - SP - Jars - Auto - CAC  Audience - Multi - Offense - July 2025,Amazon,United States,substitutes,-,b0dy6k7rqh,6,1,16.6667%,4,4,33,10.9256%,9.15,1,1,100.0000%,1,0,33,0
"Feb 03, 2026","Feb 07, 2026",Sachets,USD,NM  - SP - 4 Pack - Auto - CAC  Audience - Offense - B0DJ3J2CKX - July 2025,NM  - SP - 4 Pack - Auto - CAC  Audience - Offense - B0DJ3J2CKX - July 2025,Amazon,United States,complements,-,b0dy6k7rqh,55,3,5.4545%,1,2,0,,0.00,0,0,0.0000%,0,0,0,0
"Feb 02, 2026","Feb 14, 2026",Sachets,USD,NM  - SP - 4 Pack - Auto - CAC  Audience - Offense - B0DJ3J2CKX - July 2025,NM  - SP - 4 Pack - Auto - CAC  Audience - Offense - B0DJ3J2CKX - July 2025,Amazon,United States,substitutes,-,b0dy6k7rqh,55,2,3.6364%,0,1,10,9.5477%,10.47,1,1,50.0000%,0,1,0,10
"Mar 18, 2026","Mar 18, 2026",No Portfolio,USD,PERPETUA TEST - Perpetua - SP - Auto - th07fl47,Ad Group 1,Amazon,United States,substitutes,-,b0dy6k7rqh,2,1,50.0000%,1,1,0,,0.00,0,0,0.0000%,0,0,0,0
"Mar 17, 2026","Mar 17, 2026",Stick Packs,USD,AUTO TEST MARCH 17 26,STICK PACKS,Amazon,United States,substitutes,-,b0dyfcd6qf,3,1,33.3333%,7,7,0,,0.00,0,0,0.0000%,0,0,0,0
"Feb 02, 2026","Feb 02, 2026",Sachets,USD,NM  - SP - 4 Pack - Auto - CAC  Audience - Offense - B0DJ3J2CKX - July 2025,NM  - SP - 4 Pack - Auto - CAC  Audience - Offense - B0DJ3J2CKX - July 2025,Amazon,United States,complements,-,b0dzcy7cz1,3,1,33.3333%,1,1,0,,0.00,0,0,0.0000%,0,0,0,0
"Feb 05, 2026","Feb 05, 2026",Sachets,USD,NM  - SP - 12 Pack - Auto - PBP  Audience - MDF - Offense - B0DY6K7RQH - July 2025,NM  - SP - 12 Pack - Auto - PBP  Audience - Offense - B0DY6K7RQH - July 2025,Amazon,United States,substitutes,-,b0dzcy7cz1,2,1,50.0000%,1,1,0,,0.00,0,0,0.0000%,0,0,0,0
"Mar 17, 2026","Mar 17, 2026",Stick Packs,USD,AUTO TEST MARCH 17 26,STICK PACKS,Amazon,United States,substitutes,-,b0f14k1km3,2,1,50.0000%,5,5,0,,0.00,0,0,0.0000%,0,0,0,0
"Mar 18, 2026","Mar 18, 2026",Stick Packs,USD,AUTO TEST MARCH 17 26,STICK PACKS,Amazon,United States,substitutes,-,b0f17gf7ws,2,1,50.0000%,7,7,0,,0.00,0,0,0.0000%,0,0,0,0
"Feb 06, 2026","Feb 10, 2026",Jars,USD,NM - SP - STR - PT 5 - Jars - Jan 2026,NM - SP - STR - PT 5 - Jars - Jan 2026,Amazon,United States,"asin=""B0F257BKKB""",-,b0f257bkkb,19,2,10.5263%,5,11,0,,0.00,0,0,0.0000%,0,0,0,0
"Feb 02, 2026","Feb 02, 2026",Sachets,USD,NM  - SP - STR - 12 Pack - PT 2 - B0DY6K7RQH - Jan 2026,NM  - SP - STR - 12 Pack - PT 2 - B0DY6K7RQH - Jan 2026,Amazon,United States,"asin=""B0F258CTG3""",-,b0f258ctg3,2,1,50.0000%,2,2,0,,0.00,0,0,0.0000%,0,0,0,0
"Feb 12, 2026","Feb 12, 2026",Sachets,USD,NM  - SP - 4 Pack - Auto - CAC  Audience - Offense - B0DJ3J2CKX - July 2025,NM  - SP - 4 Pack - Auto - CAC  Audience - Offense - B0DJ3J2CKX - July 2025,Amazon,United States,substitutes,-,b0f3bq89s7,1,1,100.0000%,1,1,0,,0.00,0,0,0.0000%,0,0,0,0
"Mar 18, 2026","Mar 18, 2026",Stick Packs,USD,AUTO TEST MARCH 17 26,STICK PACKS,Amazon,United States,substitutes,-,b0f3dvy6cv,1,1,100.0000%,5,5,0,,0.00,0,0,0.0000%,0,0,0,0
"Feb 02, 2026","Feb 11, 2026",Sachets,USD,NM  - SP - 4 Pack - Auto - CAC  Audience - Offense - B0DJ3J2CKX - July 2025,NM  - SP - 4 Pack - Auto - CAC  Audience - Offense - B0DJ3J2CKX - July 2025,Amazon,United States,complements,-,b0f3j1b2s8,10,2,20.0000%,1,1,0,,0.00,0,0,0.0000%,0,0,0,0
"Feb 01, 2026","Feb 01, 2026",Sachets,USD,NM  - SP - 4 Pack - Auto - CAC  Audience - Offense - B0DJ3J2CKX - July 2025,NM  - SP - 4 Pack - Auto - CAC  Audience - Offense - B0DJ3J2CKX - July 2025,Amazon,United States,complements,-,b0f3x7k8zl,1,1,100.0000%,1,1,0,,0.00,0,0,0.0000%,0,0,0,0
"Feb 23, 2026","Feb 23, 2026",Jars,USD,NM - SP - Auto - HLP  Audience - Multi - Offense - Jars - July 2025,NM - SP - Jars - Auto - HLP  Audience - Multi - Offense - July 2025,Amazon,United States,complements,-,b0f4lpdn5p,3,1,33.3333%,2,2,0,,0.00,0,0,0.0000%,0,0,0,0
"Mar 18, 2026","Mar 18, 2026",Stick Packs,USD,AUTO TEST MARCH 17 26,STICK PACKS,Amazon,United States,substitutes,-,b0f75gh2gv,6,1,16.6667%,7,7,0,,0.00,0,0,0.0000%,0,0,0,0
"Mar 17, 2026","Mar 17, 2026",Jars,USD,NM - SP - Auto - CAC  Audience - Multi - Offense - Jars - July 2025,NM - SP - Jars - Auto - CAC  Audience - Multi - Offense - July 2025,Amazon,United States,substitutes,-,b0f79xrn4f,3,1,33.3333%,2,2,0,,0.00,0,0,0.0000%,0,0,0,0
"Mar 17, 2026","Mar 17, 2026",Stick Packs,USD,AUTO TEST MARCH 17 26,STICK PACKS,Amazon,United States,substitutes,-,b0f79xrn4f,2,1,50.0000%,4,4,0,,0.00,0,0,0.0000%,0,0,0,0
"Feb 12, 2026","Feb 12, 2026",Jars,USD,NM - SP - Auto - HLP  Audience - Multi - Offense - Jars - July 2025,NM - SP - Jars - Auto - HLP  Audience - Multi - Offense - July 2025,Amazon,United States,complements,-,b0fbwyll8q,3,1,33.3333%,3,3,0,,0.00,0,0,0.0000%,0,0,0,0
"Feb 08, 2026","Feb 08, 2026",Sachets,USD,NM  - SP - 4 Pack - Auto - CAC  Audience - Offense - B0DJ3J2CKX - July 2025,NM  - SP - 4 Pack - Auto - CAC  Audience - Offense - B0DJ3J2CKX - July 2025,Amazon,United States,complements,-,b0fc5hqzry,2,1,50.0000%,1,1,0,,0.00,0,0,0.0000%,0,0,0,0
"Feb 02, 2026","Feb 02, 2026",Sachets,USD,NM  - SP - 4 Pack - Auto - CAC  Audience - Offense - B0DJ3J2CKX - July 2025,NM  - SP - 4 Pack - Auto - CAC  Audience - Offense - B0DJ3J2CKX - July 2025,Amazon,United States,complements,-,b0fcp8wnnb,1,1,100.0000%,1,1,0,,0.00,0,0,0.0000%,0,0,0,0
"Mar 17, 2026","Mar 17, 2026",Stick Packs,USD,AUTO TEST MARCH 17 26,STICK PACKS,Amazon,United States,substitutes,-,b0fdk7gsb7,2,1,50.0000%,7,7,0,,0.00,0,0,0.0000%,0,0,0,0
"Feb 07, 2026","Feb 07, 2026",Sachets,USD,NM  - SP - 4 Pack - Auto - CAC  Audience - Offense - B0DJ3J2CKX - July 2025,NM  - SP - 4 Pack - Auto - CAC  Audience - Offense - B0DJ3J2CKX - July 2025,Amazon,United States,complements,-,b0fdk8hy2x,2,1,50.0000%,1,1,0,,0.00,0,0,0.0000%,0,0,0,0
"Mar 17, 2026","Mar 17, 2026",Stick Packs,USD,AUTO TEST MARCH 17 26,STICK PACKS,Amazon,United States,substitutes,-,b0ffwvskgx,1,1,100.0000%,7,7,35,18.8269%,5.31,1,1,100.0000%,0,1,0,35
"Mar 17, 2026","Mar 17, 2026",Stick Packs,USD,AUTO TEST MARCH 17 26,STICK PACKS,Amazon,United States,substitutes,-,b0fgqywl4y,2,1,50.0000%,5,5,0,,0.00,0,0,0.0000%,0,0,0,0
"Feb 01, 2026","Feb 01, 2026",Jars,USD,NM - SP - Auto - HLP  Audience - Multi - Offense - Jars - July 2025,NM - SP - Jars - Auto - HLP  Audience - Multi - Offense - July 2025,Amazon,United States,complements,-,b0fhl51m61,16,1,6.2500%,3,3,0,,0.00,0,0,0.0000%,0,0,0,0
"Feb 06, 2026","Feb 06, 2026",Sachets,USD,NM  - SP - 4 Pack - Auto - CAC  Audience - Offense - B0DJ3J2CKX - July 2025,NM  - SP - 4 Pack - Auto - CAC  Audience - Offense - B0DJ3J2CKX - July 2025,Amazon,United States,complements,-,b0fhl51m61,3,1,33.3333%,1,1,0,,0.00,0,0,0.0000%,0,0,0,0
"Feb 28, 2026","Feb 28, 2026",Sachets,USD,NM  - SP - 12 Pack - Auto - PBP  Audience - MDF - Offense - B0DY6K7RQH - July 2025,NM  - SP - 12 Pack - Auto - PBP  Audience - Offense - B0DY6K7RQH - July 2025,Amazon,United States,substitutes,-,b0fhl51m61,1,1,100.0000%,1,1,0,,0.00,0,0,0.0000%,0,0,0,0
"Mar 17, 2026","Mar 18, 2026",Stick Packs,USD,AUTO TEST MARCH 17 26,STICK PACKS,Amazon,United States,substitutes,-,b0fhl51m61,430,3,0.6977%,5,14,0,,0.00,0,0,0.0000%,0,0,0,0
"Feb 02, 2026","Feb 02, 2026",Sachets,USD,NM  - SP - 4 Pack - Auto - CAC  Audience - Offense - B0DJ3J2CKX - July 2025,NM  - SP - 4 Pack - Auto - CAC  Audience - Offense - B0DJ3J2CKX - July 2025,Amazon,United States,complements,-,b0fj6f172t,2,1,50.0000%,1,1,0,,0.00,0,0,0.0000%,0,0,0,0
"Mar 13, 2026","Mar 13, 2026",Jars,USD,NM - SP - Auto - PBP  Audience - Multi - Offense - Jars - July 2025,NM - SP - Jars - Auto - PBP  Audience - Multi - Offense - July 2025,Amazon,United States,substitutes,-,b0fjk1zflt,2,1,50.0000%,2,2,0,,0.00,0,0,0.0000%,0,0,0,0
"Feb 20, 2026","Feb 20, 2026",Jars,USD,NM - SP - Auto - HLP  Audience - Multi - Offense - Jars - July 2025,NM - SP - Jars - Auto - HLP  Audience - Multi - Offense - July 2025,Amazon,United States,complements,-,b0fk5zl2gk,3,1,33.3333%,2,2,0,,0.00,0,0,0.0000%,0,0,0,0
"Mar 18, 2026","Mar 18, 2026",Stick Packs,USD,AUTO TEST MARCH 17 26,STICK PACKS,Amazon,United States,substitutes,-,b0flps8bdv,1,1,100.0000%,14,14,0,,0.00,0,0,0.0000%,0,0,0,0
"Feb 03, 2026","Feb 03, 2026",Sachets,USD,NM  - SP - 4 Pack - Auto - CAC  Audience - Offense - B0DJ3J2CKX - July 2025,NM  - SP - 4 Pack - Auto - CAC  Audience - Offense - B0DJ3J2CKX - July 2025,Amazon,United States,complements,-,b0flqjbmb1,2,1,50.0000%,1,1,0,,0.00,0,0,0.0000%,0,0,0,0
"Feb 02, 2026","Feb 02, 2026",Sachets,USD,NM  - SP - 12 Pack - Auto - PBP  Audience - MDF - Offense - B0DY6K7RQH - July 2025,NM  - SP - 12 Pack - Auto - PBP  Audience - Offense - B0DY6K7RQH - July 2025,Amazon,United States,substitutes,-,b0flyp6mdn,15,1,6.6667%,0,0,0,,0.00,0,0,0.0000%,0,0,0,0
"Feb 18, 2026","Feb 18, 2026",Jars,USD,NM - SP - Auto - HLP  Audience - Multi - Offense - Jars - July 2025,NM - SP - Jars - Auto - HLP  Audience - Multi - Offense - July 2025,Amazon,United States,complements,-,b0fmfwqx5j,1,1,100.0000%,2,2,0,,0.00,0,0,0.0000%,0,0,0,0
"Mar 17, 2026","Mar 17, 2026",Stick Packs,USD,AUTO TEST MARCH 17 26,STICK PACKS,Amazon,United States,substitutes,-,b0fmvxmq7q,3,1,33.3333%,7,7,0,,0.00,0,0,0.0000%,0,0,0,0
"Feb 01, 2026","Feb 01, 2026",Jars,USD,NM - SP - Auto - CAC  Audience - Multi - Offense - Jars - July 2025,NM - SP - Jars - Auto - CAC  Audience - Multi - Offense - July 2025,Amazon,United States,substitutes,-,b0fn32mvyc,2,1,50.0000%,1,1,0,,0.00,0,0,0.0000%,0,0,0,0
"Feb 22, 2026","Feb 22, 2026",Sachets,USD,NM  - SP - 4 Pack - Auto - CAC  Audience - Offense - B0DJ3J2CKX - July 2025,NM  - SP - 4 Pack - Auto - CAC  Audience - Offense - B0DJ3J2CKX - July 2025,Amazon,United States,substitutes,-,b0fn3xhc6g,1,1,100.0000%,0,0,0,,0.00,0,0,0.0000%,0,0,0,0
"Mar 18, 2026","Mar 18, 2026",Stick Packs,USD,AUTO TEST MARCH 17 26,STICK PACKS,Amazon,United States,substitutes,-,b0fn84mxth,2,1,50.0000%,11,11,0,,0.00,0,0,0.0000%,0,0,0,0
"Mar 04, 2026","Mar 04, 2026",Sachets,USD,NM  - SP - 4 Pack - Auto - PBP  Audience - Offense - B0DJ3J2CKX - July 2025,NM  - SP - 4 Pack - Auto - PBP  Audience - Offense - B0DJ3J2CKX - July 2025,Amazon,United States,complements,-,b0fn99r9xj,2,1,50.0000%,0,0,0,,0.00,0,0,0.0000%,0,0,0,0
"Mar 18, 2026","Mar 18, 2026",Stick Packs,USD,AUTO TEST MARCH 17 26,STICK PACKS,Amazon,United States,substitutes,-,b0fn9l2cjd,9,1,11.1111%,7,7,0,,0.00,0,0,0.0000%,0,0,0,0
"Feb 19, 2026","Feb 19, 2026",Jars,USD,NM - SP - Auto - HLP  Audience - Multi - Offense - Jars - July 2025,NM - SP - Jars - Auto - HLP  Audience - Multi - Offense - July 2025,Amazon,United States,complements,-,b0fpb7ljgc,1,1,100.0000%,2,2,0,,0.00,0,0,0.0000%,0,0,0,0
"Mar 04, 2026","Mar 04, 2026",Sachets,USD,NM  - SP - 4 Pack - Auto - PBP  Audience - Offense - B0DJ3J2CKX - July 2025,NM  - SP - 4 Pack - Auto - PBP  Audience - Offense - B0DJ3J2CKX - July 2025,Amazon,United States,complements,-,b0ft6ncgzk,4,1,25.0000%,0,0,0,,0.00,0,0,0.0000%,0,0,0,0
"Feb 12, 2026","Feb 12, 2026",Sachets,USD,NM  - SP - 4 Pack - Auto - CAC  Audience - Offense - B0DJ3J2CKX - July 2025,NM  - SP - 4 Pack - Auto - CAC  Audience - Offense - B0DJ3J2CKX - July 2025,Amazon,United States,complements,-,b0ft81swss,6,1,16.6667%,1,1,0,,0.00,0,0,0.0000%,0,0,0,0
"Feb 10, 2026","Feb 10, 2026",Jars,USD,NM - SP - Auto - CAC  Audience - Multi - Offense - Jars - July 2025,NM - SP - Jars - Auto - CAC  Audience - Multi - Offense - July 2025,Amazon,United States,substitutes,-,b0fwhj48jk,4,1,25.0000%,2,2,0,,0.00,0,0,0.0000%,0,0,0,0
"Feb 01, 2026","Feb 01, 2026",Sachets,USD,NM  - SP - 12 Pack - Auto - PBP  Audience - MDF - Offense - B0DY6K7RQH - July 2025,NM  - SP - 12 Pack - Auto - PBP  Audience - Offense - B0DY6K7RQH - July 2025,Amazon,United States,substitutes,-,b0fwm36r3d,1,1,100.0000%,0,0,0,,0.00,0,0,0.0000%,0,0,0,0
"Feb 08, 2026","Feb 08, 2026",Jars,USD,NM - SP - Auto - CAC  Audience - Multi - Offense - Jars - July 2025,NM - SP - Jars - Auto - CAC  Audience - Multi - Offense - July 2025,Amazon,United States,substitutes,-,b0fws428vh,1,1,100.0000%,2,2,0,,0.00,0,0,0.0000%,0,0,0,0
"Feb 07, 2026","Feb 07, 2026",Sachets,USD,NM  - SP - 4 Pack - Auto - CAC  Audience - Offense - B0DJ3J2CKX - July 2025,NM  - SP - 4 Pack - Auto - CAC  Audience - Offense - B0DJ3J2CKX - July 2025,Amazon,United States,complements,-,b0fwv6lc4b,5,1,20.0000%,1,1,0,,0.00,0,0,0.0000%,0,0,0,0
"Feb 06, 2026","Feb 06, 2026",Sachets,USD,NM  - SP - 4 Pack - Auto - CAC  Audience - Offense - B0DJ3J2CKX - July 2025,NM  - SP - 4 Pack - Auto - CAC  Audience - Offense - B0DJ3J2CKX - July 2025,Amazon,United States,complements,-,b0fwxgc15y,2,1,50.0000%,1,1,0,,0.00,0,0,0.0000%,0,0,0,0
"Mar 04, 2026","Mar 04, 2026",Sachets,USD,NM  - SP - 4 Pack - Auto - PBP  Audience - Offense - B0DJ3J2CKX - July 2025,NM  - SP - 4 Pack - Auto - PBP  Audience - Offense - B0DJ3J2CKX - July 2025,Amazon,United States,complements,-,b0fxmnvmlk,1,1,100.0000%,0,0,0,,0.00,0,0,0.0000%,0,0,0,0
"Feb 02, 2026","Feb 02, 2026",Sachets,USD,NM  - SP - 4 Pack - Auto - CAC  Audience - Offense - B0DJ3J2CKX - July 2025,NM  - SP - 4 Pack - Auto - CAC  Audience - Offense - B0DJ3J2CKX - July 2025,Amazon,United States,complements,-,b0fzd5f3lp,2,1,50.0000%,1,1,0,,0.00,0,0,0.0000%,0,0,0,0
"Mar 02, 2026","Mar 02, 2026",Sachets,USD,NM  - SP - 4 Pack - Auto - CAC  Audience - Offense - B0DJ3J2CKX - July 2025,NM  - SP - 4 Pack - Auto - CAC  Audience - Offense - B0DJ3J2CKX - July 2025,Amazon,United States,complements,-,b0g17w4jrn,1,1,100.0000%,1,1,0,,0.00,0,0,0.0000%,0,0,0,0
"Feb 10, 2026","Feb 10, 2026",Sachets,USD,NM  - SP - 4 Pack - Auto - CAC  Audience - Offense - B0DJ3J2CKX - July 2025,NM  - SP - 4 Pack - Auto - CAC  Audience - Offense - B0DJ3J2CKX - July 2025,Amazon,United States,complements,-,b0g23vhp4x,1,1,100.0000%,1,1,0,,0.00,0,0,0.0000%,0,0,0,0
"Feb 01, 2026","Feb 01, 2026",Sachets,USD,NM  - SP - 4 Pack - Auto - CAC  Audience - Offense - B0DJ3J2CKX - July 2025,NM  - SP - 4 Pack - Auto - CAC  Audience - Offense - B0DJ3J2CKX - July 2025,Amazon,United States,complements,-,b0g45fxjzt,7,1,14.2857%,1,1,40,2.0301%,49.26,2,2,200.0000%,1,1,5,35
"Mar 18, 2026","Mar 18, 2026",No Portfolio,USD,PERPETUA - STICKS - Perpetua - SP - Auto - tzm4t6x8,Ad Group 1,Amazon,United States,substitutes,-,b0g45fxjzt,7,1,14.2857%,1,1,0,,0.00,0,0,0.0000%,0,0,0,0
"Feb 23, 2026","Feb 23, 2026",Jars,USD,NM - SP - Auto - HLP  Audience - Multi - Offense - Jars - July 2025,NM - SP - Jars - Auto - HLP  Audience - Multi - Offense - July 2025,Amazon,United States,complements,-,b0g4nq48nk,2,1,50.0000%,2,2,0,,0.00,0,0,0.0000%,0,0,0,0
"Feb 10, 2026","Feb 10, 2026",Sachets,USD,NM  - SP - 12 Pack - Auto - PBP  Audience - MDF - Offense - B0DY6K7RQH - July 2025,NM  - SP - 12 Pack - Auto - PBP  Audience - Offense - B0DY6K7RQH - July 2025,Amazon,United States,substitutes,-,b0g4xl9kbj,1,1,100.0000%,0,0,0,,0.00,0,0,0.0000%,0,0,0,0
"Feb 10, 2026","Feb 10, 2026",Jars,USD,NM - SP - Auto - CAC  Audience - Multi - Offense - Jars - July 2025,NM - SP - Jars - Auto - CAC  Audience - Multi - Offense - July 2025,Amazon,United States,substitutes,-,b0g5d73k2m,1,1,100.0000%,2,2,0,,0.00,0,0,0.0000%,0,0,0,0
"Mar 18, 2026","Mar 18, 2026",Stick Packs,USD,AUTO TEST MARCH 17 26,STICK PACKS,Amazon,United States,substitutes,-,b0g7m2sx5s,45,2,4.4444%,10,20,0,,0.00,0,0,0.0000%,0,0,0,0
"Mar 18, 2026","Mar 18, 2026",Stick Packs,USD,AUTO TEST MARCH 17 26,STICK PACKS,Amazon,United States,substitutes,-,b0g8mnyr6s,1,1,100.0000%,7,7,0,,0.00,0,0,0.0000%,0,0,0,0
"Feb 23, 2026","Feb 23, 2026",Jars,USD,NM - SP - Auto - CAC  Audience - Multi - Offense - Jars - July 2025,NM - SP - Jars - Auto - CAC  Audience - Multi - Offense - July 2025,Amazon,United States,substitutes,-,b0g99h7w9p,1,1,100.0000%,2,2,0,,0.00,0,0,0.0000%,0,0,0,0
"Feb 02, 2026","Feb 07, 2026",Sachets,USD,NM  - SP - 4 Pack - Auto - CAC  Audience - Offense - B0DJ3J2CKX - July 2025,NM  - SP - 4 Pack - Auto - CAC  Audience - Offense - B0DJ3J2CKX - July 2025,Amazon,United States,complements,-,b0gfgp8gr6,6,2,33.3333%,1,2,0,,0.00,0,0,0.0000%,0,0,0,0
"Mar 04, 2026","Mar 04, 2026",Sachets,USD,NM  - SP - 12 Pack - Auto - PBP  Audience - MDF - Offense - B0DY6K7RQH - July 2025,NM  - SP - 12 Pack - Auto - PBP  Audience - Offense - B0DY6K7RQH - July 2025,Amazon,United States,substitutes,-,b0gfgp8gr6,1,1,100.0000%,0,0,0,,0.00,0,0,0.0000%,0,0,0,0
"Feb 07, 2026","Feb 07, 2026",Sachets,USD,NM  - SP - 4 Pack - Auto - CAC  Audience - Offense - B0DJ3J2CKX - July 2025,NM  - SP - 4 Pack - Auto - CAC  Audience - Offense - B0DJ3J2CKX - July 2025,Amazon,United States,complements,-,b0ghm7mjyr,2,1,50.0000%,1,1,0,,0.00,0,0,0.0000%,0,0,0,0
"Mar 17, 2026","Mar 17, 2026",Stick Packs,USD,AUTO TEST MARCH 17 26,STICK PACKS,Amazon,United States,substitutes,-,b0gkb797jp,83,1,1.2048%,5,5,0,,0.00,0,0,0.0000%,0,0,0,0
"Feb 28, 2026","Feb 28, 2026",Jars,USD,NM - SP - Auto - CAC  Audience - Multi - Offense - Jars - July 2025,NM - SP - Jars - Auto - CAC  Audience - Multi - Offense - July 2025,Amazon,United States,substitutes,-,b0gmxy9bml,1,1,100.0000%,1,1,0,,0.00,0,0,0.0000%,0,0,0,0
"Mar 18, 2026","Mar 18, 2026",Stick Packs,USD,AUTO TEST MARCH 17 26,STICK PACKS,Amazon,United States,substitutes,-,b0gr4xdx6g,1,1,100.0000%,7,7,0,,0.00,0,0,0.0000%,0,0,0,0
"Mar 01, 2026","Mar 01, 2026",Jars,USD,NM - SP - Auto - HLP  Audience - Multi - Offense - Jars - July 2025,NM - SP - Jars - Auto - HLP  Audience - Multi - Offense - July 2025,Amazon,United States,close-match,-,backpacking essentials,107,1,0.9346%,4,4,0,,0.00,0,0,0.0000%,0,0,0,0
"Feb 25, 2026","Feb 25, 2026",Jars,USD,NM - SP - Auto - HLP  Audience - Multi - Offense - Jars - July 2025,NM - SP - Jars - Auto - HLP  Audience - Multi - Offense - July 2025,Amazon,United States,loose-match,-,baha gold sea salt drink mix,1,1,100.0000%,3,3,0,,0.00,0,0,0.0000%,0,0,0,0
"Feb 26, 2026","Feb 26, 2026",Jars,USD,NM - SP - Auto - HLP  Audience - Multi - Offense - Jars - July 2025,NM - SP - Jars - Auto - HLP  Audience - Multi - Offense - July 2025,Amazon,United States,loose-match,-,baja gold hydration,2,1,50.0000%,4,4,0,,0.00,0,0,0.0000%,0,0,0,0
"Mar 14, 2026","Mar 14, 2026",No Portfolio,USD,NM - SP - Auto - All Products Test w/o Collagen - March 2026,NM - SP - Auto - All Products Test w/o Collagen - March 2026,Amazon,United States,loose-match,-,barilife products for women,2,1,50.0000%,1,1,0,,0.00,0,0,0.0000%,0,0,0,0
"Mar 04, 2026","Mar 04, 2026",No Portfolio,USD,NM - SP - Phrase - All Products Test w/o Collagen - March 2026,NM - SP - Phrase - All Products Test w/o Collagen - March 2026,Amazon,United States,creatine powder,PHRASE,bcaa creatine powder,2,1,50.0000%,3,3,0,,0.00,0,0,0.0000%,0,0,0,0
"Feb 05, 2026","Feb 05, 2026",Jars,USD,NM - SP - Phrase 3 - MDF - Jars - Sep 2025,NM - SP - Jars - Phrase 3 - Sep 2025,Amazon,United States,electrolytes powder with,PHRASE,bcaa electrolyte powder raspberry,2,1,50.0000%,6,6,0,,0.00,0,0,0.0000%,0,0,0,0
"Mar 03, 2026","Mar 03, 2026",Jars,USD,NM - SP - Auto - HLP  Audience - Multi - Offense - Jars - July 2025,NM - SP - Jars - Auto - HLP  Audience - Multi - Offense - July 2025,Amazon,United States,close-match,-,beach vacation essentials,27,1,3.7037%,3,3,0,,0.00,0,0,0.0000%,0,0,0,0
"Mar 16, 2026","Mar 16, 2026",No Portfolio,USD,NM - SP - Auto - All Products Test w/o Collagen - March 2026,NM - SP - Auto - All Products Test w/o Collagen - March 2026,Amazon,United States,close-match,-,beauty electrolyte,4,1,25.0000%,2,2,0,,0.00,0,0,0.0000%,0,0,0,0
"Mar 18, 2026","Mar 18, 2026",Jars,USD,NM - SP - Auto - HLP  Audience - Multi - Offense - Jars - July 2025,NM - SP - Jars - Auto - HLP  Audience - Multi - Offense - July 2025,Amazon,United States,loose-match,-,bebida para dolor muscular,3,1,33.3333%,5,5,0,,0.00,0,0,0.0000%,0,0,0,0
"Feb 12, 2026","Feb 12, 2026",Jars,USD,NM - SP - Auto - PBP  Audience - Multi - Offense - Jars - July 2025,NM - SP - Jars - Auto - PBP  Audience - Multi - Offense - July 2025,Amazon,United States,loose-match,-,before workout powder no caffeine,1,1,100.0000%,4,4,0,,0.00,0,0,0.0000%,0,0,0,0
"Feb 13, 2026","Feb 13, 2026",Jars,USD,NM - SP - Auto - PBP  Audience - Multi - Offense - Jars - July 2025,NM - SP - Jars - Auto - PBP  Audience - Multi - Offense - July 2025,Amazon,United States,loose-match,-,beginner gym must haves supplements,1,1,100.0000%,3,3,0,,0.00,0,0,0.0000%,0,0,0,0
"Mar 14, 2026","Mar 14, 2026",Jars,USD,NM - SP - Auto - HLP  Audience - Multi - Offense - Jars - July 2025,NM - SP - Jars - Auto - HLP  Audience - Multi - Offense - July 2025,Amazon,United States,loose-match,-,best electrolytes powder after workout,1,1,100.0000%,5,5,0,,0.00,0,0,0.0000%,0,0,0,0
"Feb 24, 2026","Feb 24, 2026",Jars,USD,NM - SP - Auto - HLP  Audience - Multi - Offense - Jars - July 2025,NM - SP - Jars - Auto - HLP  Audience - Multi - Offense - July 2025,Amazon,United States,close-match,-,best hydration electrolyte drinks,2,1,50.0000%,3,3,0,,0.00,0,0,0.0000%,0,0,0,0
"Mar 12, 2026","Mar 12, 2026",Jars,USD,NM - SP - Auto - HLP  Audience - Multi - Offense - Jars - July 2025,NM - SP - Jars - Auto - HLP  Audience - Multi - Offense - July 2025,Amazon,United States,loose-match,-,best supplement for hydration gummies,1,1,100.0000%,5,5,0,,0.00,0,0,0.0000%,0,0,0,0
"Mar 03, 2026","Mar 03, 2026",No Portfolio,USD,NM - SP - Phrase - All Products Test w/o Collagen - March 2026,NM - SP - Phrase - All Products Test w/o Collagen - March 2026,Amazon,United States,creatine powder,PHRASE,best tasting creatine powder,12,1,8.3333%,3,3,35,8.9270%,11.20,1,1,100.0000%,1,0,35,0
"Feb 12, 2026","Feb 12, 2026",Sachets,USD,NM  - SP - 4 Pack - Phrase 2 - MDF - B0DJ3J2CKX - Sep 2025,NM  - SP - 4 Pack - Phrase 2 - B0DJ3J2CKX - Sep 2025,Amazon,United States,clear protein powder,PHRASE,bloom clear protein powder,2,1,50.0000%,1,1,0,,0.00,0,0,0.0000%,0,0,0,0
"Mar 02, 2026","Mar 02, 2026",Sachets,USD,NM  - SP - 4 Pack - Phrase 2 - MDF - B0DJ3J2CKX - Sep 2025,NM  - SP - 4 Pack - Phrase 2 - B0DJ3J2CKX - Sep 2025,Amazon,United States,creatine packets to,PHRASE,bloom creatine packets,3,1,33.3333%,1,1,0,,0.00,0,0,0.0000%,0,0,0,0
"Feb 03, 2026","Feb 03, 2026",Sachets,USD,NM  - SP - STR - 4 Pack - PT 4 - B0DJ3J2CKX - Jan 2026,NM  - SP - STR - 4 Pack - PT 4 - B0DJ3J2CKX - Jan 2026,Amazon,United States,"asin=""B000GIQS0W""",-,bodybuilding supplements,1,1,100.0000%,1,1,0,,0.00,0,0,0.0000%,0,0,0,0
"Mar 14, 2026","Mar 14, 2026",No Portfolio,USD,NM - SP - Auto - All Products Test w/o Collagen - March 2026,NM - SP - Auto - All Products Test w/o Collagen - March 2026,Amazon,United States,loose-match,-,boom drinks,1,1,100.0000%,1,1,0,,0.00,0,0,0.0000%,0,0,0,0
"Feb 22, 2026","Feb 22, 2026",Jars,USD,NM - SP - Auto - HLP  Audience - Multi - Offense - Jars - July 2025,NM - SP - Jars - Auto - HLP  Audience - Multi - Offense - July 2025,Amazon,United States,close-match,-,bulk supplements creatine,3,1,33.3333%,6,6,0,,0.00,0,0,0.0000%,0,0,0,0
"Feb 08, 2026","Feb 08, 2026",Jars,USD,NM - SP - Phrase 3 - MDF - Jars - Sep 2025,NM - SP - Jars - Phrase 3 - Sep 2025,Amazon,United States,electrolytes powder with,PHRASE,caffeinated electrolyte powder,13,1,7.6923%,2,2,0,,0.00,0,0,0.0000%,0,0,0,0
"Feb 03, 2026","Feb 03, 2026",Sachets,USD,NM  - SP - 12 Pack - BMM - MDF - Offense - May 2025 - B0DY6K7RQH,NM  - SP - 12 Pack - BMM - Offense - Apr 2025 - B0DY6K7RQH,Amazon,United States,+collagen +electrolyte,BROAD,caffeine electrolyte and collagen packets,3,1,33.3333%,2,2,0,,0.00,0,0,0.0000%,0,0,0,0
"Feb 03, 2026","Feb 03, 2026",Jars,USD,NM - SP - STR - Phrase - Jars - Jan 2026,NM - SP - STR - Phrase - Jars - Jan 2026,Amazon,United States,collagen packets,PHRASE,caffeine electrolyte and collagen packets,4,1,25.0000%,3,3,0,,0.00,0,0,0.0000%,0,0,0,0
"Mar 03, 2026","Mar 03, 2026",No Portfolio,USD,NM - SP - Auto - All Products Test w/o Collagen - March 2026,NM - SP - Auto - All Products Test w/o Collagen - March 2026,Amazon,United States,loose-match,-,chemotherapy must haves for women,2,1,50.0000%,2,2,0,,0.00,0,0,0.0000%,0,0,0,0
"Mar 15, 2026","Mar 15, 2026",Jars,USD,NM - SP - Auto - HLP  Audience - Multi - Offense - Jars - July 2025,NM - SP - Jars - Auto - HLP  Audience - Multi - Offense - July 2025,Amazon,United States,loose-match,-,citicoli e powder,2,1,50.0000%,4,4,0,,0.00,0,0,0.0000%,0,0,0,0
"Mar 12, 2026","Mar 12, 2026",Jars,USD,NM - SP - Auto - HLP  Audience - Multi - Offense - Jars - July 2025,NM - SP - Jars - Auto - HLP  Audience - Multi - Offense - July 2025,Amazon,United States,close-match,-,citrus electrolyte,179,2,1.1173%,3,5,0,,0.00,0,0,0.0000%,0,0,0,0
"Mar 12, 2026","Mar 13, 2026",No Portfolio,USD,NM - SP - Auto - All Products Test w/o Collagen - March 2026,NM - SP - Auto - All Products Test w/o Collagen - March 2026,Amazon,United States,close-match,-,citrus electrolyte,2620,13,0.4962%,2,21,0,,0.00,0,0,0.0000%,0,0,0,0
"Mar 08, 2026","Mar 08, 2026",Jars,USD,NM - SP - STR - Phrase - Jars - Jan 2026,NM - SP - STR - Phrase - Jars - Jan 2026,Amazon,United States,electrolyte with creatine,PHRASE,citrus electrolyte creatine collagen,1,1,100.0000%,0,0,0,,0.00,0,0,0.0000%,0,0,0,0
"Feb 06, 2026","Mar 15, 2026",Jars,USD,NM - SP - Citrus Salt - Exact - MDF - Offense - Harvest - Jars - Oct 2024,NM - Jars - Citrus Salt - Exact - Harvest - Oct 2024,Amazon,United States,citrus salt,EXACT,citrus salt,14,3,21.4286%,4,11,0,,0.00,0,0,0.0000%,0,0,0,0
"Feb 28, 2026","Feb 28, 2026",Jars,USD,NM - SP - Auto - HLP  Audience - Multi - Offense - Jars - July 2025,NM - SP - Jars - Auto - HLP  Audience - Multi - Offense - July 2025,Amazon,United States,close-match,-,citrus salt,31,1,3.2258%,3,3,0,,0.00,0,0,0.0000%,0,0,0,0
"Mar 04, 2026","Mar 04, 2026",No Portfolio,USD,NM - SP - Auto - All Products Test w/o Collagen - March 2026,NM - SP - Auto - All Products Test w/o Collagen - March 2026,Amazon,United States,loose-match,-,citrus salt lmnt powder,3,1,33.3333%,2,2,0,,0.00,0,0,0.0000%,0,0,0,0
"Feb 03, 2026","Feb 03, 2026",Sachets,USD,NM  - SP - STR - 12 Pack - PT 4 - B0DY6K7RQH - Jan 2026,NM  - SP - STR - 12 Pack - PT 4 - B0DY6K7RQH - Jan 2026,Amazon,United States,"asin=""B0FDDFY6BZ""",-,clean creatine and collagen for women,1,1,100.0000%,4,4,0,,0.00,0,0,0.0000%,0,0,0,0
"Mar 04, 2026","Mar 05, 2026",No Portfolio,USD,NM - SP - Phrase - All Products Test w/o Collagen - March 2026,NM - SP - Phrase - All Products Test w/o Collagen - March 2026,Amazon,United States,energy drink powder,PHRASE,clean energy drink powder,88,2,2.2727%,3,7,20,34.5363%,2.90,1,1,50.0000%,1,0,20,0
"Mar 15, 2026","Mar 15, 2026",Jars,USD,NM - SP - Auto - HLP  Audience - Multi - Offense - Jars - July 2025,NM - SP - Jars - Auto - HLP  Audience - Multi - Offense - July 2025,Amazon,United States,loose-match,-,clean energy drink with collagen,1,1,100.0000%,3,3,0,,0.00,0,0,0.0000%,0,0,0,0
"Mar 14, 2026","Mar 14, 2026",Jars,USD,NM - SP - Auto - HLP  Audience - Multi - Offense - Jars - July 2025,NM - SP - Jars - Auto - HLP  Audience - Multi - Offense - July 2025,Amazon,United States,loose-match,-,clean protein electrolyte collagen powder,1,1,100.0000%,4,4,0,,0.00,0,0,0.0000%,0,0,0,0
"Mar 04, 2026","Mar 05, 2026",No Portfolio,USD,NM - SP - Auto - All Products Test w/o Collagen - March 2026,NM - SP - Auto - All Products Test w/o Collagen - March 2026,Amazon,United States,loose-match,-,clear protein,722,10,1.3850%,2,15,0,,0.00,0,0,0.0000%,0,0,0,0
"Mar 04, 2026","Mar 04, 2026",No Portfolio,USD,NM - SP - Auto - All Products Test w/o Collagen - March 2026,NM - SP - Auto - All Products Test w/o Collagen - March 2026,Amazon,United States,loose-match,-,clear protein drink,139,1,0.7194%,2,2,0,,0.00,0,0,0.0000%,0,0,0,0
"Feb 03, 2026","Feb 03, 2026",Jars,USD,NM - SP - Phrase 3 - MDF - Jars - Sep 2025,NM - SP - Jars - Phrase 3 - Sep 2025,Amazon,United States,electrolytes powder with,PHRASE,clear protein electrolytes powder,6,1,16.6667%,6,6,0,,0.00,0,0,0.0000%,0,0,0,0
"Mar 02, 2026","Mar 05, 2026",No Portfolio,USD,NM - SP - Auto - All Products Test w/o Collagen - March 2026,NM - SP - Auto - All Products Test w/o Collagen - March 2026,Amazon,United States,loose-match,-,clear protein powder,434,5,1.1521%,2,9,0,,0.00,0,0,0.0000%,0,0,0,0
"Feb 08, 2026","Feb 26, 2026",Sachets,USD,NM  - SP - 4 Pack - Phrase 2 - MDF - B0DJ3J2CKX - Sep 2025,NM  - SP - 4 Pack - Phrase 2 - B0DJ3J2CKX - Sep 2025,Amazon,United States,clear protein powder,PHRASE,clear protein powder packets,242,7,2.8926%,1,4,0,,0.00,0,0,0.0000%,0,0,0,0
"Mar 04, 2026","Mar 04, 2026",No Portfolio,USD,NM - SP - Auto - All Products Test w/o Collagen - March 2026,NM - SP - Auto - All Products Test w/o Collagen - March 2026,Amazon,United States,loose-match,-,clear protein powder packets,169,2,1.1834%,2,3,0,,0.00,0,0,0.0000%,0,0,0,0
"Feb 17, 2026","Feb 17, 2026",Sachets,USD,NM  - SP - 4 Pack - Phrase 2 - MDF - B0DJ3J2CKX - Sep 2025,NM  - SP - 4 Pack - Phrase 2 - B0DJ3J2CKX - Sep 2025,Amazon,United States,clear protein powder,PHRASE,clear protein powder packets sample,3,1,33.3333%,1,1,10,12.5628%,7.96,1,1,100.0000%,1,0,10,0
"Feb 09, 2026","Feb 12, 2026",Sachets,USD,NM  - SP - 4 Pack - Phrase 2 - MDF - B0DJ3J2CKX - Sep 2025,NM  - SP - 4 Pack - Phrase 2 - B0DJ3J2CKX - Sep 2025,Amazon,United States,clear protein powder,PHRASE,clear protein powder samples,537,2,0.3724%,1,2,0,,0.00,0,0,0.0000%,0,0,0,0
"Feb 10, 2026","Feb 10, 2026",Sachets,USD,NM  - SP - 4 Pack - Phrase 2 - MDF - B0DJ3J2CKX - Sep 2025,NM  - SP - 4 Pack - Phrase 2 - B0DJ3J2CKX - Sep 2025,Amazon,United States,clear protein powder,PHRASE,clear protein powder sticks,2,1,50.0000%,1,1,0,,0.00,0,0,0.0000%,0,0,0,0
"Mar 04, 2026","Mar 04, 2026",Sachets,USD,NM  - SP - STR - 4 Pack - PT 3 - B0DJ3J2CKX - Jan 2026,NM  - SP - STR - 4 Pack - PT 3 - B0DJ3J2CKX - Jan 2026,Amazon,United States,"asin=""B0BRM8CT4N""",-,clear protein powder sticks￼,1,1,100.0000%,1,1,0,,0.00,0,0,0.0000%,0,0,0,0
"Feb 07, 2026","Feb 07, 2026",Sachets,USD,NM  - SP - 4 Pack - Auto - CAC  Audience - Offense - B0DJ3J2CKX - July 2025,NM  - SP - 4 Pack - Auto - CAC  Audience - Offense - B0DJ3J2CKX - July 2025,Amazon,United States,loose-match,-,clear protein sample,1,1,100.0000%,0,0,0,,0.00,0,0,0.0000%,0,0,0,0
"Mar 04, 2026","Mar 04, 2026",No Portfolio,USD,NM - SP - Auto - All Products Test w/o Collagen - March 2026,NM - SP - Auto - All Products Test w/o Collagen - March 2026,Amazon,United States,loose-match,-,clear protein water,95,1,1.0526%,2,2,0,,0.00,0,0,0.0000%,0,0,0,0
"Mar 09, 2026","Mar 09, 2026",No Portfolio,USD,NM - SP - Auto - All Products Test w/o Collagen - March 2026,NM - SP - Auto - All Products Test w/o Collagen - March 2026,Amazon,United States,loose-match,-,coconut electrolyte powder,1,1,100.0000%,2,2,0,,0.00,0,0,0.0000%,0,0,0,0
"Mar 18, 2026","Mar 18, 2026",Stick Packs,USD,AUTO TEST MARCH 17 26,STICK PACKS,Amazon,United States,loose-match,-,colageno for drink,2,1,50.0000%,7,7,0,,0.00,0,0,0.0000%,0,0,0,0
"Mar 05, 2026","Mar 05, 2026",No Portfolio,USD,NM - SP - Auto - All Products Test w/o Collagen - March 2026,NM - SP - Auto - All Products Test w/o Collagen - March 2026,Amazon,United States,loose-match,-,colageno strawberry lemonade,1,1,100.0000%,2,2,0,,0.00,0,0,0.0000%,0,0,0,0
"Feb 12, 2026","Feb 12, 2026",Jars,USD,NM - SP - Citrus Salt - BMM - Offense - Jars - Aug 2024,NM - Jars - Auto - BMM,Amazon,United States,+creatine +collagen,BROAD,collagen + creatine,1,1,100.0000%,4,4,0,,0.00,0,0,0.0000%,0,0,0,0
"Feb 18, 2026","Feb 18, 2026",Jars,USD,NM - SP - Auto - HLP  Audience - Multi - Offense - Jars - July 2025,NM - SP - Jars - Auto - HLP  Audience - Multi - Offense - July 2025,Amazon,United States,close-match,-,collagen + creatine,2,1,50.0000%,6,6,0,,0.00,0,0,0.0000%,0,0,0,0
"Feb 04, 2026","Feb 26, 2026",Jars,USD,NM - SP - Auto - HLP  Audience - Multi - Offense - Jars - July 2025,NM - SP - Jars - Auto - HLP  Audience - Multi - Offense - July 2025,Amazon,United States,close-match,-,collagen and creatine,40,4,10.0000%,6,23,0,,0.00,0,0,0.0000%,0,0,0,0
"Feb 21, 2026","Feb 21, 2026",Sachets,USD,NM  - SP - 4 Pack - Phrase 2 - MDF - B0DJ3J2CKX - Sep 2025,NM  - SP - 4 Pack - Phrase 2 - B0DJ3J2CKX - Sep 2025,Amazon,United States,collagen and creatine,PHRASE,collagen and creatine,3,1,33.3333%,1,1,0,,0.00,0,0,0.0000%,0,0,0,0
"Feb 02, 2026","Feb 02, 2026",Jars,USD,NM - SP - Citrus Salt - BMM - Offense - Jars - Aug 2024,NM - Jars - Auto - BMM,Amazon,United States,+creatine +collagen,BROAD,collagen and creatine drink,1,1,100.0000%,3,3,0,,0.00,0,0,0.0000%,0,0,0,0
"Feb 10, 2026","Feb 10, 2026",Sachets,USD,NM  - SP - 4 Pack - Phrase 2 - MDF - B0DJ3J2CKX - Sep 2025,NM  - SP - 4 Pack - Phrase 2 - B0DJ3J2CKX - Sep 2025,Amazon,United States,creatine for women,PHRASE,collagen and creatine for women,7,1,14.2857%,1,1,0,,0.00,0,0,0.0000%,0,0,0,0
"Feb 03, 2026","Feb 03, 2026",Jars,USD,NM - SP - Citrus Salt - Exact - MDF - Offense - Harvest - Jars - Oct 2024,NM - Jars - Citrus Salt - Exact - Harvest - Oct 2024,Amazon,United States,collagen creatine powder,EXACT,collagen and creatine powder,54,1,1.8519%,5,5,0,,0.00,0,0,0.0000%,0,0,0,0
"Feb 03, 2026","Feb 03, 2026",Sachets,USD,NM  - SP - 12 Pack - BMM - MDF - Offense - May 2025 - B0DY6K7RQH,NM  - SP - 12 Pack - BMM - Offense - Apr 2025 - B0DY6K7RQH,Amazon,United States,+creatine +and +collagen,BROAD,collagen and creatine travel packs,3,1,33.3333%,2,2,0,,0.00,0,0,0.0000%,0,0,0,0
"Mar 01, 2026","Mar 01, 2026",Jars,USD,NM - SP - Auto - HLP  Audience - Multi - Offense - Jars - July 2025,NM - SP - Jars - Auto - HLP  Audience - Multi - Offense - July 2025,Amazon,United States,loose-match,-,collagen and electrolyte additive,2,1,50.0000%,3,3,45,5.6730%,17.63,1,1,100.0000%,0,1,0,45
"Mar 15, 2026","Mar 15, 2026",Jars,USD,NM - SP - Auto - HLP  Audience - Multi - Offense - Jars - July 2025,NM - SP - Jars - Auto - HLP  Audience - Multi - Offense - July 2025,Amazon,United States,loose-match,-,collagen and electrolyte packages,1,1,100.0000%,2,2,0,,0.00,0,0,0.0000%,0,0,0,0
"Feb 15, 2026","Mar 16, 2026",Jars,USD,NM - SP - Auto - HLP  Audience - Multi - Offense - Jars - July 2025,NM - SP - Jars - Auto - HLP  Audience - Multi - Offense - July 2025,Amazon,United States,close-match,-,collagen and electrolytes,34,7,20.5882%,5,32,135,23.5373%,4.25,3,3,42.8571%,0,3,0,135
"Mar 05, 2026","Mar 05, 2026",Jars,USD,NM - SP - Auto - HLP  Audience - Multi - Offense - Jars - July 2025,NM - SP - Jars - Auto - HLP  Audience - Multi - Offense - July 2025,Amazon,United States,loose-match,-,collagen and electrolytes packets,3,1,33.3333%,1,1,0,,0.00,0,0,0.0000%,0,0,0,0
"Feb 13, 2026","Mar 16, 2026",Jars,USD,NM - SP - Auto - HLP  Audience - Multi - Offense - Jars - July 2025,NM - SP - Jars - Auto - HLP  Audience - Multi - Offense - July 2025,Amazon,United States,close-match,-,collagen and electrolytes powder,65,7,10.7692%,5,37,90,40.7453%,2.45,2,2,28.5714%,0,2,0,90
"Feb 03, 2026","Feb 03, 2026",Jars,USD,NM - SP - Phrase 3 - MDF - Jars - Sep 2025,NM - SP - Jars - Phrase 3 - Sep 2025,Amazon,United States,electrolytes powder with,PHRASE,collagen and electrolytes powder,4,1,25.0000%,6,6,0,,0.00,0,0,0.0000%,0,0,0,0
"Mar 08, 2026","Mar 08, 2026",Jars,USD,NM - SP - STR - Phrase - Jars - Jan 2026,NM - SP - STR - Phrase - Jars - Jan 2026,Amazon,United States,collagen electrolyte powder,PHRASE,collagen and electrolytes powder,4,1,25.0000%,3,3,0,,0.00,0,0,0.0000%,0,0,0,0
"Feb 24, 2026","Feb 24, 2026",Jars,USD,NM - SP - Auto - HLP  Audience - Multi - Offense - Jars - July 2025,NM - SP - Jars - Auto - HLP  Audience - Multi - Offense - July 2025,Amazon,United States,close-match,-,collagen and hydration,7,2,28.5714%,6,13,0,,0.00,0,0,0.0000%,0,0,0,0
"Feb 27, 2026","Feb 27, 2026",Jars,USD,NM - SP - Auto - HLP  Audience - Multi - Offense - Jars - July 2025,NM - SP - Jars - Auto - HLP  Audience - Multi - Offense - July 2025,Amazon,United States,close-match,-,collagen and hydration powder,2,1,50.0000%,5,5,0,,0.00,0,0,0.0000%,0,0,0,0
"Feb 15, 2026","Feb 15, 2026",Sachets,USD,NM  - SP - STR - 4 Pack - PT 4 - B0DJ3J2CKX - Jan 2026,NM  - SP - STR - 4 Pack - PT 4 - B0DJ3J2CKX - Jan 2026,Amazon,United States,"asin=""B08XS5WY1J""",-,collagen and hydration powder,1,1,100.0000%,1,1,0,,0.00,0,0,0.0000%,0,0,0,0
"Feb 05, 2026","Feb 17, 2026",Jars,USD,NM - SP - Auto - HLP  Audience - Multi - Offense - Jars - July 2025,NM - SP - Jars - Auto - HLP  Audience - Multi - Offense - July 2025,Amazon,United States,close-match,-,collagen creatine,23,3,13.0435%,5,16,33,47.2838%,2.11,1,1,33.3333%,0,1,0,33
"Feb 11, 2026","Feb 11, 2026",Sachets,USD,NM  - SP - 4 Pack - Phrase 2 - MDF - B0DJ3J2CKX - Sep 2025,NM  - SP - 4 Pack - Phrase 2 - B0DJ3J2CKX - Sep 2025,Amazon,United States,collagen and creatine,PHRASE,collagen creatine,1,1,100.0000%,1,1,30,3.1438%,31.81,1,2,100.0000%,0,2,0,30
"Feb 07, 2026","Feb 07, 2026",Sachets,USD,NM  - SP - 12 Pack - Phrase - MDF - B0DY6K7RQH - Sep 2025,NM  - SP - 12 Pack - Phrase - B0DY6K7RQH - Sep 2025,Amazon,United States,collagen creatine electrolytes,PHRASE,collagen creatine and electrolyte packets,5,1,20.0000%,2,2,0,,0.00,0,0,0.0000%,0,0,0,0
"Feb 19, 2026","Feb 19, 2026",Jars,USD,NM - SP - Auto - HLP  Audience - Multi - Offense - Jars - July 2025,NM - SP - Jars - Auto - HLP  Audience - Multi - Offense - July 2025,Amazon,United States,close-match,-,collagen creatine and electrolytes,1,1,100.0000%,4,4,10,42.4121%,2.36,1,1,100.0000%,0,1,0,10
"Feb 27, 2026","Feb 27, 2026",Sachets,USD,NM  - SP - 12 Pack - Phrase - MDF - B0DY6K7RQH - Sep 2025,NM  - SP - 12 Pack - Phrase - B0DY6K7RQH - Sep 2025,Amazon,United States,collagen creatine electrolytes,PHRASE,collagen creatine electrolyte combo,2,1,50.0000%,4,4,0,,0.00,0,0,0.0000%,0,0,0,0
"Mar 16, 2026","Mar 16, 2026",Jars,USD,NM - SP - Auto - HLP  Audience - Multi - Offense - Jars - July 2025,NM - SP - Jars - Auto - HLP  Audience - Multi - Offense - July 2025,Amazon,United States,loose-match,-,collagen creatine electrolyte packets,1,1,100.0000%,4,4,45,9.1212%,10.96,1,1,100.0000%,0,1,0,45
"Feb 04, 2026","Feb 23, 2026",Sachets,USD,NM  - SP - 12 Pack - Phrase - MDF - B0DY6K7RQH - Sep 2025,NM  - SP - 12 Pack - Phrase - B0DY6K7RQH - Sep 2025,Amazon,United States,collagen creatine electrolytes,PHRASE,collagen creatine electrolyte packets,28,2,7.1429%,2,4,70,6.4092%,15.60,2,2,100.0000%,0,2,0,70
"Feb 19, 2026","Mar 16, 2026",Jars,USD,NM - SP - Auto - HLP  Audience - Multi - Offense - Jars - July 2025,NM - SP - Jars - Auto - HLP  Audience - Multi - Offense - July 2025,Amazon,United States,close-match,-,collagen creatine electrolytes,13,3,23.0769%,5,15,0,,0.00,0,0,0.0000%,0,0,0,0
"Feb 27, 2026","Mar 06, 2026",Jars,USD,NM - SP - STR - Exact - Jars - Jan 2026,NM - SP - STR - Exact - Jars - Jan 2026,Amazon,United States,collagen creatine electrolytes,EXACT,collagen creatine electrolytes,4,2,50.0000%,3,5,0,,0.00,0,0,0.0000%,0,0,0,0
"Mar 16, 2026","Mar 16, 2026",Jars,USD,NM - SP - STR - Phrase - Jars - Jan 2026,NM - SP - STR - Phrase - Jars - Jan 2026,Amazon,United States,creatine and electrolytes,PHRASE,collagen creatine electrolytes,3,1,33.3333%,4,4,0,,0.00,0,0,0.0000%,0,0,0,0
"Feb 08, 2026","Feb 08, 2026",Jars,USD,NM - SP - Citrus Salt - Exact - MDF - Offense - Harvest - Jars - Oct 2024,NM - Jars - Citrus Salt - Exact - Harvest - Oct 2024,Amazon,United States,collagen creatine powder,EXACT,collagen creatine powder,3,1,33.3333%,8,8,0,,0.00,0,0,0.0000%,0,0,0,0
"Feb 02, 2026","Mar 14, 2026",Jars,USD,NM - SP - Auto - HLP  Audience - Multi - Offense - Jars - July 2025,NM - SP - Jars - Auto - HLP  Audience - Multi - Offense - July 2025,Amazon,United States,close-match,-,collagen creatine powder,16,5,31.2500%,6,31,135,22.8699%,4.37,3,3,60.0000%,2,1,90,45
"Mar 12, 2026","Mar 12, 2026",Jars,USD,NM - SP - Auto - HLP  Audience - Multi - Offense - Jars - July 2025,NM - SP - Jars - Auto - HLP  Audience - Multi - Offense - July 2025,Amazon,United States,loose-match,-,collagen creatine powder for men,2,1,50.0000%,5,5,0,,0.00,0,0,0.0000%,0,0,0,0
"Feb 18, 2026","Feb 18, 2026",Sachets,USD,NM  - SP - STR - 12 Pack - PT 7 - B0DY6K7RQH - Jan 2026,NM  - SP - STR - 12 Pack - PT 7 - B0DY6K7RQH - Jan 2026,Amazon,United States,"asin=""B08BYYSVH7""",-,collagen creatine powder packets,1,1,100.0000%,2,2,0,,0.00,0,0,0.0000%,0,0,0,0
"Feb 12, 2026","Feb 12, 2026",Sachets,USD,NM  - SP - 12 Pack - Phrase - MDF - B0DY6K7RQH - Sep 2025,NM  - SP - 12 Pack - Phrase - B0DY6K7RQH - Sep 2025,Amazon,United States,collagen creatine electrolytes,PHRASE,"collagen creatine, electrolytes",2,1,50.0000%,5,5,0,,0.00,0,0,0.0000%,0,0,0,0
"Feb 07, 2026","Feb 28, 2026",Jars,USD,NM - SP - STR - Exact 1 - Jars - Jan 2026,NM - SP - STR - Exact 1 - Jars - Jan 2026,Amazon,United States,collagen drink mix,EXACT,collagen drink mix,112,4,3.5714%,3,12,0,,0.00,0,0,0.0000%,0,0,0,0
"Feb 19, 2026","Feb 19, 2026",Jars,USD,NM - SP - Auto - CAC  Audience - Multi - Offense - Jars - July 2025,NM - SP - Jars - Auto - CAC  Audience - Multi - Offense - July 2025,Amazon,United States,substitutes,-,collagen drinks for women,5,1,20.0000%,6,6,0,,0.00,0,0,0.0000%,0,0,0,0
"Mar 13, 2026","Mar 13, 2026",Jars,USD,NM - SP - Auto - HLP  Audience - Multi - Offense - Jars - July 2025,NM - SP - Jars - Auto - HLP  Audience - Multi - Offense - July 2025,Amazon,United States,loose-match,-,collagen electrolyte creatine drink,1,1,100.0000%,3,3,45,6.2736%,15.94,1,1,100.0000%,0,1,0,45
"Feb 14, 2026","Feb 14, 2026",Sachets,USD,NM  - SP - STR - 4 Pack - PT 4 - B0DJ3J2CKX - Jan 2026,NM  - SP - STR - 4 Pack - PT 4 - B0DJ3J2CKX - Jan 2026,Amazon,United States,"asin=""B08XS5WY1J""",-,collagen electrolyte packets,1,1,100.0000%,2,2,0,,0.00,0,0,0.0000%,0,0,0,0
"Mar 01, 2026","Mar 16, 2026",Jars,USD,NM - SP - Auto - HLP  Audience - Multi - Offense - Jars - July 2025,NM - SP - Jars - Auto - HLP  Audience - Multi - Offense - July 2025,Amazon,United States,close-match,-,collagen electrolyte powder,10,3,30.0000%,5,16,0,,0.00,0,0,0.0000%,0,0,0,0
"Mar 02, 2026","Mar 02, 2026",Sachets,USD,NM  - SP - STR - 12 Pack - PT 2 - B0DY6K7RQH - Jan 2026,NM  - SP - STR - 12 Pack - PT 2 - B0DY6K7RQH - Jan 2026,Amazon,United States,"asin=""B0DXFVM72V""",-,collagen electrolyte powder,2,1,50.0000%,2,2,0,,0.00,0,0,0.0000%,0,0,0,0
"Mar 15, 2026","Mar 15, 2026",Jars,USD,NM - SP - Auto - HLP  Audience - Multi - Offense - Jars - July 2025,NM - SP - Jars - Auto - HLP  Audience - Multi - Offense - July 2025,Amazon,United States,loose-match,-,collagen electrolyte powder packets,5,1,20.0000%,0,0,0,,0.00,0,0,0.0000%,0,0,0,0
"Mar 16, 2026","Mar 16, 2026",Jars,USD,NM - SP - Auto - HLP  Audience - Multi - Offense - Jars - July 2025,NM - SP - Jars - Auto - HLP  Audience - Multi - Offense - July 2025,Amazon,United States,loose-match,-,collagen electrolyte protein,4,1,25.0000%,5,5,0,,0.00,0,0,0.0000%,0,0,0,0
"Feb 07, 2026","Mar 15, 2026",Jars,USD,NM - SP - Auto - HLP  Audience - Multi - Offense - Jars - July 2025,NM - SP - Jars - Auto - HLP  Audience - Multi - Offense - July 2025,Amazon,United States,close-match,-,collagen electrolytes,108,5,4.6296%,4,21,45,46.6518%,2.14,1,1,20.0000%,0,1,0,45
"Feb 10, 2026","Feb 10, 2026",Sachets,USD,NM  - SP - STR - 12 Pack - PT 2 - B0DY6K7RQH - Jan 2026,NM  - SP - STR - 12 Pack - PT 2 - B0DY6K7RQH - Jan 2026,Amazon,United States,"asin=""B0DXFVM72V""",-,collagen electrolytes,4,1,25.0000%,2,2,0,,0.00,0,0,0.0000%,0,0,0,0
"Mar 17, 2026","Mar 17, 2026",Stick Packs,USD,AUTO TEST MARCH 17 26,STICK PACKS,Amazon,United States,close-match,-,collagen electrolytes,9,1,11.1111%,4,4,0,,0.00,0,0,0.0000%,0,0,0,0
"Feb 21, 2026","Feb 21, 2026",Jars,USD,NM - SP - Auto - HLP  Audience - Multi - Offense - Jars - July 2025,NM - SP - Jars - Auto - HLP  Audience - Multi - Offense - July 2025,Amazon,United States,loose-match,-,collagen electrolytes amino acid,1,1,100.0000%,4,4,0,,0.00,0,0,0.0000%,0,0,0,0
"Mar 10, 2026","Mar 10, 2026",Jars,USD,NM - SP - Auto - HLP  Audience - Multi - Offense - Jars - July 2025,NM - SP - Jars - Auto - HLP  Audience - Multi - Offense - July 2025,Amazon,United States,close-match,-,collagen electrolytes and creatine,4,1,25.0000%,5,5,0,,0.00,0,0,0.0000%,0,0,0,0
"Feb 09, 2026","Feb 22, 2026",Sachets,USD,NM  - SP - STR - 12 Pack - PT - B0DY6K7RQH - Jan 2026,NM  - SP - STR - 12 Pack - PT - B0DY6K7RQH - Jan 2026,Amazon,United States,"asin=""B0DBRXNVMQ""",-,collagen electrolytes creatine,2,2,100.0000%,2,3,0,,0.00,0,0,0.0000%,0,0,0,0
"Mar 07, 2026","Mar 07, 2026",Jars,USD,NM - SP - Auto - HLP  Audience - Multi - Offense - Jars - July 2025,NM - SP - Jars - Auto - HLP  Audience - Multi - Offense - July 2025,Amazon,United States,loose-match,-,collagen electrolytes no biotin,2,1,50.0000%,1,1,0,,0.00,0,0,0.0000%,0,0,0,0
"Feb 02, 2026","Feb 06, 2026",Sachets,USD,NM  - SP - 12 Pack - BMM - MDF - Offense - May 2025 - B0DY6K7RQH,NM  - SP - 12 Pack - BMM - Offense - Apr 2025 - B0DY6K7RQH,Amazon,United States,+collagen +electrolyte,BROAD,collagen electrolytes packets,4,3,75.0000%,2,5,0,,0.00,0,0,0.0000%,0,0,0,0
"Feb 26, 2026","Mar 16, 2026",Jars,USD,NM - SP - Auto - HLP  Audience - Multi - Offense - Jars - July 2025,NM - SP - Jars - Auto - HLP  Audience - Multi - Offense - July 2025,Amazon,United States,close-match,-,collagen electrolytes packets,6,2,33.3333%,4,8,0,,0.00,0,0,0.0000%,0,0,0,0
"Feb 23, 2026","Mar 16, 2026",Jars,USD,NM - SP - Auto - HLP  Audience - Multi - Offense - Jars - July 2025,NM - SP - Jars - Auto - HLP  Audience - Multi - Offense - July 2025,Amazon,United States,loose-match,-,collagen electrolytes packets,8,3,37.5000%,3,10,45,22.7586%,4.39,1,1,33.3333%,1,0,45,0
"Feb 02, 2026","Mar 04, 2026",Sachets,USD,NM  - SP - STR - 4 Pack - PT 4 - B0DJ3J2CKX - Jan 2026,NM  - SP - STR - 4 Pack - PT 4 - B0DJ3J2CKX - Jan 2026,Amazon,United States,"asin=""B08XS5WY1J""",-,collagen electrolytes packets,5,3,60.0000%,1,3,20,14.8744%,6.72,2,2,66.6667%,2,0,20,0
"Mar 18, 2026","Mar 18, 2026",Stick Packs,USD,AUTO TEST MARCH 17 26,STICK PACKS,Amazon,United States,loose-match,-,collagen electrolytes proteinwater,4,1,25.0000%,3,3,0,,0.00,0,0,0.0000%,0,0,0,0
"Mar 04, 2026","Mar 04, 2026",Jars,USD,NM - SP - Auto - HLP  Audience - Multi - Offense - Jars - July 2025,NM - SP - Jars - Auto - HLP  Audience - Multi - Offense - July 2025,Amazon,United States,loose-match,-,collagen electrolytes unflavored,1,1,100.0000%,3,3,45,7.7419%,12.92,1,1,100.0000%,1,0,45,0
"Feb 21, 2026","Mar 12, 2026",Jars,USD,NM - SP - Auto - HLP  Audience - Multi - Offense - Jars - July 2025,NM - SP - Jars - Auto - HLP  Audience - Multi - Offense - July 2025,Amazon,United States,loose-match,-,collagen energy drink,11,2,18.1818%,5,9,0,,0.00,0,0,0.0000%,0,0,0,0
"Feb 06, 2026","Feb 23, 2026",Sachets,USD,NM  - SP - 12 Pack - Phrase - MDF - B0DY6K7RQH - Sep 2025,NM  - SP - 12 Pack - Phrase - B0DY6K7RQH - Sep 2025,Amazon,United States,collagen for women,PHRASE,collagen for women,81,6,7.4074%,2,9,35,26.6476%,3.75,2,2,33.3333%,2,0,35,0
"Feb 25, 2026","Feb 25, 2026",Jars,USD,NM - SP - Auto - HLP  Audience - Multi - Offense - Jars - July 2025,NM - SP - Jars - Auto - HLP  Audience - Multi - Offense - July 2025,Amazon,United States,loose-match,-,collagen hyaluronic acid electrolytes,1,1,100.0000%,4,4,0,,0.00,0,0,0.0000%,0,0,0,0
"Feb 10, 2026","Feb 10, 2026",Jars,USD,NM - SP - Auto - HLP  Audience - Multi - Offense - Jars - July 2025,NM - SP - Jars - Auto - HLP  Audience - Multi - Offense - July 2025,Amazon,United States,close-match,-,collagen hydration,1,1,100.0000%,7,7,0,,0.00,0,0,0.0000%,0,0,0,0
"Feb 23, 2026","Feb 23, 2026",Jars,USD,NM - SP - Auto - HLP  Audience - Multi - Offense - Jars - July 2025,NM - SP - Jars - Auto - HLP  Audience - Multi - Offense - July 2025,Amazon,United States,loose-match,-,collagen hydration drink mix,1,1,100.0000%,4,4,0,,0.00,0,0,0.0000%,0,0,0,0
"Mar 03, 2026","Mar 03, 2026",Sachets,USD,NM  - SP - STR - 4 Pack - PT 7 - B0DJ3J2CKX - Jan 2026,NM  - SP - STR - 4 Pack - PT 7 - B0DJ3J2CKX - Jan 2026,Amazon,United States,"asin=""B08BYYSVH7""",-,collagen individual packets travel,1,1,100.0000%,1,1,0,,0.00,0,0,0.0000%,0,0,0,0
"Mar 11, 2026","Mar 11, 2026",Jars,USD,NM - SP - Auto - HLP  Audience - Multi - Offense - Jars - July 2025,NM - SP - Jars - Auto - HLP  Audience - Multi - Offense - July 2025,Amazon,United States,loose-match,-,collagen lemonade hydration,1,1,100.0000%,3,3,0,,0.00,0,0,0.0000%,0,0,0,0
"Feb 25, 2026","Feb 25, 2026",Jars,USD,NM - SP - Auto - HLP  Audience - Multi - Offense - Jars - July 2025,NM - SP - Jars - Auto - HLP  Audience - Multi - Offense - July 2025,Amazon,United States,close-match,-,collagen nsf,1,1,100.0000%,1,1,0,,0.00,0,0,0.0000%,0,0,0,0
"Feb 23, 2026","Feb 23, 2026",Sachets,USD,NM  - SP - STR - 4 Pack - PT 2 - B0DJ3J2CKX - Jan 2026,NM  - SP - STR - 4 Pack - PT 2 - B0DJ3J2CKX - Jan 2026,Amazon,United States,"asin=""B0DXFVM72V""",-,collagen packets for water,1,1,100.0000%,1,1,0,,0.00,0,0,0.0000%,0,0,0,0
"Feb 03, 2026","Feb 03, 2026",Jars,USD,NM - SP - STR - Phrase - Jars - Jan 2026,NM - SP - STR - Phrase - Jars - Jan 2026,Amazon,United States,collagen packets,PHRASE,collagen packets for women,9,1,11.1111%,3,3,0,,0.00,0,0,0.0000%,0,0,0,0
"Feb 22, 2026","Feb 22, 2026",Sachets,USD,NM  - SP - 4 Pack - Phrase 2 - MDF - B0DJ3J2CKX - Sep 2025,NM  - SP - 4 Pack - Phrase 2 - B0DJ3J2CKX - Sep 2025,Amazon,United States,packets to go,PHRASE,collagen packets to go,2,1,50.0000%,0,0,0,,0.00,0,0,0.0000%,0,0,0,0
"Mar 12, 2026","Mar 12, 2026",Jars,USD,NM - SP - Auto - HLP  Audience - Multi - Offense - Jars - July 2025,NM - SP - Jars - Auto - HLP  Audience - Multi - Offense - July 2025,Amazon,United States,loose-match,-,collagen peptide and electrolytes,1,1,100.0000%,5,5,0,,0.00,0,0,0.0000%,0,0,0,0
"Feb 05, 2026","Feb 05, 2026",Jars,USD,NM - SP - Phrase 3 - MDF - Jars - Sep 2025,NM - SP - Jars - Phrase 3 - Sep 2025,Amazon,United States,electrolytes powder with,PHRASE,collagen peptides electrolyte powder drink,1,1,100.0000%,6,6,0,,0.00,0,0,0.0000%,0,0,0,0
"Mar 12, 2026","Mar 12, 2026",Jars,USD,NM - SP - Auto - HLP  Audience - Multi - Offense - Jars - July 2025,NM - SP - Jars - Auto - HLP  Audience - Multi - Offense - July 2025,Amazon,United States,close-match,-,collagen peptides electrolytes,1,1,100.0000%,5,5,0,,0.00,0,0,0.0000%,0,0,0,0
"Mar 01, 2026","Mar 01, 2026",Sachets,USD,NM  - SP - STR - 12 Pack - PT 2 - B0DY6K7RQH - Jan 2026,NM  - SP - STR - 12 Pack - PT 2 - B0DY6K7RQH - Jan 2026,Amazon,United States,"asin=""B0DXFVM72V""",-,collagen peptides electrolytes,1,1,100.0000%,2,2,20,8.6717%,11.53,1,1,100.0000%,1,0,20,0
"Feb 10, 2026","Feb 10, 2026",Jars,USD,NM - Pineapple Salt - Auto - Close - MDF - Jars - Aug 2024,NM - Jars - Auto - Close,Amazon,United States,close-match,-,collagen pineapple,2,1,50.0000%,2,2,0,,0.00,0,0,0.0000%,0,0,0,0
"Feb 05, 2026","Feb 05, 2026",Sachets,USD,NM  - SP - 4 Pack - Auto - PBP  Audience - Offense - B0DJ3J2CKX - July 2025,NM  - SP - 4 Pack - Auto - PBP  Audience - Offense - B0DJ3J2CKX - July 2025,Amazon,United States,close-match,-,collagen powder,2,1,50.0000%,0,0,0,,0.00,0,0,0.0000%,0,0,0,0
"Mar 02, 2026","Mar 02, 2026",Jars,USD,NM - SP - Auto - HLP  Audience - Multi - Offense - Jars - July 2025,NM - SP - Jars - Auto - HLP  Audience - Multi - Offense - July 2025,Amazon,United States,loose-match,-,collagen powder for water,1,1,100.0000%,4,4,0,,0.00,0,0,0.0000%,0,0,0,0
"Feb 02, 2026","Feb 02, 2026",Sachets,USD,NM  - SP - STR - 4 Pack - PT 2 - B0DJ3J2CKX - Jan 2026,NM  - SP - STR - 4 Pack - PT 2 - B0DJ3J2CKX - Jan 2026,Amazon,United States,"asin=""B0DXFVM72V""",-,collagen powder for water,1,1,100.0000%,1,1,0,,0.00,0,0,0.0000%,0,0,0,0
"Mar 11, 2026","Mar 11, 2026",Jars,USD,NM - SP - Auto - HLP  Audience - Multi - Offense - Jars - July 2025,NM - SP - Jars - Auto - HLP  Audience - Multi - Offense - July 2025,Amazon,United States,loose-match,-,collagen powder for women citrus twist,1,1,100.0000%,2,2,0,,0.00,0,0,0.0000%,0,0,0,0
"Feb 26, 2026","Feb 26, 2026",Sachets,USD,NM  - SP - 12 Pack - BMM - MDF - Offense - May 2025 - B0DY6K7RQH,NM  - SP - 12 Pack - BMM - Offense - Apr 2025 - B0DY6K7RQH,Amazon,United States,+creatine +and +collagen,BROAD,collagen powder individual packets creatine,1,1,100.0000%,2,2,0,,0.00,0,0,0.0000%,0,0,0,0
"Feb 21, 2026","Mar 15, 2026",Jars,USD,NM - SP - Auto - HLP  Audience - Multi - Offense - Jars - July 2025,NM - SP - Jars - Auto - HLP  Audience - Multi - Offense - July 2025,Amazon,United States,close-match,-,collagen powder with electrolytes,5,3,60.0000%,5,15,0,,0.00,0,0,0.0000%,0,0,0,0
"Mar 04, 2026","Mar 04, 2026",Sachets,USD,NM  - SP - STR - 12 Pack - PT 7 - B0DY6K7RQH - Jan 2026,NM  - SP - STR - 12 Pack - PT 7 - B0DY6K7RQH - Jan 2026,Amazon,United States,"asin=""B08BYYSVH7""",-,collagen powdered drink packets,1,1,100.0000%,2,2,0,,0.00,0,0,0.0000%,0,0,0,0
"Mar 13, 2026","Mar 13, 2026",Jars,USD,NM - SP - Auto - HLP  Audience - Multi - Offense - Jars - July 2025,NM - SP - Jars - Auto - HLP  Audience - Multi - Offense - July 2025,Amazon,United States,close-match,-,collagen protein electrolytes,1,1,100.0000%,5,5,0,,0.00,0,0,0.0000%,0,0,0,0
"Mar 12, 2026","Mar 14, 2026",Jars,USD,NM - SP - Auto - HLP  Audience - Multi - Offense - Jars - July 2025,NM - SP - Jars - Auto - HLP  Audience - Multi - Offense - July 2025,Amazon,United States,loose-match,-,collagen protein electrolytes,15,2,13.3333%,5,10,0,,0.00,0,0,0.0000%,0,0,0,0
"Mar 12, 2026","Mar 12, 2026",Jars,USD,NM - SP - Auto - HLP  Audience - Multi - Offense - Jars - July 2025,NM - SP - Jars - Auto - HLP  Audience - Multi - Offense - July 2025,Amazon,United States,loose-match,-,collagen protein electrolytes in one,3,1,33.3333%,3,3,0,,0.00,0,0,0.0000%,0,0,0,0
"Feb 23, 2026","Feb 23, 2026",Jars,USD,NM - SP - Auto - PBP  Audience - Multi - Offense - Jars - July 2025,NM - SP - Jars - Auto - PBP  Audience - Multi - Offense - July 2025,Amazon,United States,loose-match,-,collagen running,1,1,100.0000%,4,4,0,,0.00,0,0,0.0000%,0,0,0,0
"Mar 09, 2026","Mar 09, 2026",Jars,USD,NM - SP - Auto - HLP  Audience - Multi - Offense - Jars - July 2025,NM - SP - Jars - Auto - HLP  Audience - Multi - Offense - July 2025,Amazon,United States,loose-match,-,collagen vitamin c creatine,1,1,100.0000%,4,4,0,,0.00,0,0,0.0000%,0,0,0,0
"Feb 22, 2026","Feb 22, 2026",Jars,USD,NM - SP - Auto - PBP  Audience - Multi - Offense - Jars - July 2025,NM - SP - Jars - Auto - PBP  Audience - Multi - Offense - July 2025,Amazon,United States,loose-match,-,collagen water additive,1,1,100.0000%,3,3,0,,0.00,0,0,0.0000%,0,0,0,0
"Feb 22, 2026","Feb 22, 2026",Jars,USD,NM - SP - Auto - HLP  Audience - Multi - Offense - Jars - July 2025,NM - SP - Jars - Auto - HLP  Audience - Multi - Offense - July 2025,Amazon,United States,loose-match,-,collagen with creatine watermelon flavor,2,1,50.0000%,4,4,0,,0.00,0,0,0.0000%,0,0,0,0
"Mar 01, 2026","Mar 01, 2026",Jars,USD,NM - SP - Auto - HLP  Audience - Multi - Offense - Jars - July 2025,NM - SP - Jars - Auto - HLP  Audience - Multi - Offense - July 2025,Amazon,United States,close-match,-,collagen with electrolytes,1,1,100.0000%,6,6,0,,0.00,0,0,0.0000%,0,0,0,0
"Mar 18, 2026","Mar 18, 2026",Stick Packs,USD,AUTO TEST MARCH 17 26,STICK PACKS,Amazon,United States,close-match,-,collagen with electrolytes,4,2,50.0000%,6,11,0,,0.00,0,0,0.0000%,0,0,0,0
"Mar 01, 2026","Mar 01, 2026",Jars,USD,NM - SP - Auto - HLP  Audience - Multi - Offense - Jars - July 2025,NM - SP - Jars - Auto - HLP  Audience - Multi - Offense - July 2025,Amazon,United States,close-match,-,collagen with hydration,1,1,100.0000%,6,6,0,,0.00,0,0,0.0000%,0,0,0,0
"Mar 01, 2026","Mar 01, 2026",Jars,USD,NM - SP - Auto - HLP  Audience - Multi - Offense - Jars - July 2025,NM - SP - Jars - Auto - HLP  Audience - Multi - Offense - July 2025,Amazon,United States,close-match,-,collagen zero sugar,3,1,33.3333%,6,6,0,,0.00,0,0,0.0000%,0,0,0,0
"Mar 12, 2026","Mar 12, 2026",Jars,USD,NM - SP - Auto - HLP  Audience - Multi - Offense - Jars - July 2025,NM - SP - Jars - Auto - HLP  Audience - Multi - Offense - July 2025,Amazon,United States,close-match,-,"collagen, electrolytes",1,1,100.0000%,5,5,0,,0.00,0,0,0.0000%,0,0,0,0
"Mar 16, 2026","Mar 16, 2026",Jars,USD,NM - SP - Auto - HLP  Audience - Multi - Offense - Jars - July 2025,NM - SP - Jars - Auto - HLP  Audience - Multi - Offense - July 2025,Amazon,United States,close-match,-,"collagen, electrolytes, creatine",2,1,50.0000%,4,4,0,,0.00,0,0,0.0000%,0,0,0,0
"Mar 14, 2026","Mar 14, 2026",Jars,USD,NM - SP - Auto - HLP  Audience - Multi - Offense - Jars - July 2025,NM - SP - Jars - Auto - HLP  Audience - Multi - Offense - July 2025,Amazon,United States,loose-match,-,"collagen, electrolytes, protein fiber",3,1,33.3333%,2,2,0,,0.00,0,0,0.0000%,0,0,0,0
"Mar 01, 2026","Mar 01, 2026",Jars,USD,NM - SP - Auto - HLP  Audience - Multi - Offense - Jars - July 2025,NM - SP - Jars - Auto - HLP  Audience - Multi - Offense - July 2025,Amazon,United States,close-match,-,collagen/creatine/electrolytes,4,1,25.0000%,6,6,20,29.2231%,3.42,1,1,100.0000%,0,1,0,20
"Feb 01, 2026","Feb 01, 2026",Jars,USD,NM - SP - Citrus Salt - BMM - Offense - Jars - Aug 2024,NM - Jars - Auto - BMM,Amazon,United States,+creatine +electrolytes,BROAD,con-crt+ hydration (creatine + electrolytes),1,1,100.0000%,2,2,0,,0.00,0,0,0.0000%,0,0,0,0
"Feb 03, 2026","Feb 23, 2026",Jars,USD,NM - SP - Auto - CAC  Audience - Multi - Offense - Jars - July 2025,NM - SP - Jars - Auto - CAC  Audience - Multi - Offense - July 2025,Amazon,United States,loose-match,-,creatine,4,2,50.0000%,5,11,0,,0.00,0,0,0.0000%,0,0,0,0
"Feb 19, 2026","Feb 19, 2026",Jars,USD,NM - SP - Auto - HLP  Audience - Multi - Offense - Jars - July 2025,NM - SP - Jars - Auto - HLP  Audience - Multi - Offense - July 2025,Amazon,United States,close-match,-,creatine,16,1,6.2500%,7,7,35,19.3419%,5.17,1,1,100.0000%,1,0,35,0
"Feb 25, 2026","Feb 25, 2026",Sachets,USD,NM  - SP - STR - 4 Pack - PT 4 - B0DJ3J2CKX - Jan 2026,NM  - SP - STR - 4 Pack - PT 4 - B0DJ3J2CKX - Jan 2026,Amazon,United States,"asin=""B000GIQS0W""",-,creatine,2,1,50.0000%,1,1,0,,0.00,0,0,0.0000%,0,0,0,0
"Feb 08, 2026","Feb 08, 2026",Sachets,USD,NM  - SP - 12 Pack - Phrase - MDF - B0DY6K7RQH - Sep 2025,NM  - SP - 12 Pack - Phrase - B0DY6K7RQH - Sep 2025,Amazon,United States,creatine and collagen,PHRASE,creatine   collagen,8,1,12.5000%,1,1,0,,0.00,0,0,0.0000%,0,0,0,0
"Feb 05, 2026","Feb 05, 2026",Sachets,USD,NM  - SP - STR - 4 Pack - PT - B0DJ3J2CKX - Jan 2026,NM  - SP - STR - 4 Pack - PT - B0DJ3J2CKX - Jan 2026,Amazon,United States,"asin=""B0CGGC4DNW""",-,creatine & collagen stick packs,1,1,100.0000%,1,1,0,,0.00,0,0,0.0000%,0,0,0,0
"Feb 02, 2026","Feb 02, 2026",Jars,USD,NM - SP - Citrus Salt - Exact - MDF - Offense - Harvest - Jars - Oct 2024,NM - Jars - Citrus Salt - Exact - Harvest - Oct 2024,Amazon,United States,creatine collagen electrolytes,EXACT,creatine + collagen + electrolytes,1,1,100.0000%,10,10,0,,0.00,0,0,0.0000%,0,0,0,0
"Feb 12, 2026","Feb 12, 2026",Sachets,USD,NM  - SP - 12 Pack - Phrase - MDF - B0DY6K7RQH - Sep 2025,NM  - SP - 12 Pack - Phrase - B0DY6K7RQH - Sep 2025,Amazon,United States,creatine and collagen,PHRASE,creatine + collagen + electrolytes,2,1,50.0000%,4,4,0,,0.00,0,0,0.0000%,0,0,0,0
"Feb 20, 2026","Feb 20, 2026",Jars,USD,NM - SP - Auto - HLP  Audience - Multi - Offense - Jars - July 2025,NM - SP - Jars - Auto - HLP  Audience - Multi - Offense - July 2025,Amazon,United States,loose-match,-,creatine + collagen for men,1,1,100.0000%,4,4,0,,0.00,0,0,0.0000%,0,0,0,0
"Feb 22, 2026","Feb 22, 2026",Sachets,USD,NM  - SP - 12 Pack - Phrase - MDF - B0DY6K7RQH - Sep 2025,NM  - SP - 12 Pack - Phrase - B0DY6K7RQH - Sep 2025,Amazon,United States,creatine and collagen,PHRASE,creatine + collagen packets,1,1,100.0000%,0,0,0,,0.00,0,0,0.0000%,0,0,0,0
"Feb 03, 2026","Feb 03, 2026",Jars,USD,NM - SP - STR - Phrase - Jars - Jan 2026,NM - SP - STR - Phrase - Jars - Jan 2026,Amazon,United States,creatine electrolyte powder,PHRASE,creatine + electrolyte powder,1,1,100.0000%,4,4,0,,0.00,0,0,0.0000%,0,0,0,0
"Feb 17, 2026","Feb 17, 2026",Sachets,USD,NM  - SP - 4 Pack - Phrase 3 - MDF - B0DJ3J2CKX - Sep 2025,NM  - SP - 4 Pack - Phrase 3 - B0DJ3J2CKX - Sep 2025,Amazon,United States,creatine and electrolytes,PHRASE,creatine + electrolyte powder packets,1,1,100.0000%,1,1,0,,0.00,0,0,0.0000%,0,0,0,0
"Feb 12, 2026","Feb 12, 2026",Jars,USD,NM - SP - Auto - HLP  Audience - Multi - Offense - Jars - July 2025,NM - SP - Jars - Auto - HLP  Audience - Multi - Offense - July 2025,Amazon,United States,close-match,-,creatine + electrolytes,2,1,50.0000%,7,7,0,,0.00,0,0,0.0000%,0,0,0,0
"Mar 02, 2026","Mar 02, 2026",No Portfolio,USD,NM - SP - Auto - All Products Test w/o Collagen - March 2026,NM - SP - Auto - All Products Test w/o Collagen - March 2026,Amazon,United States,loose-match,-,creatine + glutamine single servings for travel,1,1,100.0000%,2,2,0,,0.00,0,0,0.0000%,0,0,0,0
"Mar 05, 2026","Mar 05, 2026",Jars,USD,NM - SP - Auto - HLP  Audience - Multi - Offense - Jars - July 2025,NM - SP - Jars - Auto - HLP  Audience - Multi - Offense - July 2025,Amazon,United States,close-match,-,creatine + hydration electrolyte,2,1,50.0000%,2,2,0,,0.00,0,0,0.0000%,0,0,0,0
"Feb 02, 2026","Feb 02, 2026",Sachets,USD,NM  - SP - STR - 4 Pack - PT 1 - B0DJ3J2CKX - Jan 2026,NM  - SP - STR - 4 Pack - PT 1 - B0DJ3J2CKX - Jan 2026,Amazon,United States,"asin=""B002DYIZEO""",-,creatine 5 g,1,1,100.0000%,1,1,0,,0.00,0,0,0.0000%,0,0,0,0
"Feb 10, 2026","Feb 10, 2026",Jars,USD,NM - SP - Auto - HLP  Audience - Multi - Offense - Jars - July 2025,NM - SP - Jars - Auto - HLP  Audience - Multi - Offense - July 2025,Amazon,United States,loose-match,-,creatine and amino powder,1,1,100.0000%,5,5,0,,0.00,0,0,0.0000%,0,0,0,0
"Feb 03, 2026","Mar 15, 2026",Jars,USD,NM - SP - Auto - HLP  Audience - Multi - Offense - Jars - July 2025,NM - SP - Jars - Auto - HLP  Audience - Multi - Offense - July 2025,Amazon,United States,close-match,-,creatine and collagen,73,4,5.4795%,6,22,90,24.9722%,4.00,2,2,50.0000%,2,0,90,0
"Feb 05, 2026","Mar 01, 2026",Sachets,USD,NM  - SP - 12 Pack - Phrase - MDF - B0DY6K7RQH - Sep 2025,NM  - SP - 12 Pack - Phrase - B0DY6K7RQH - Sep 2025,Amazon,United States,creatine and collagen,PHRASE,creatine and collagen,67,3,4.4776%,2,5,35,12.9041%,7.75,1,1,33.3333%,0,1,0,35
"Feb 26, 2026","Feb 26, 2026",Sachets,USD,NM  - SP - 12 Pack - Phrase - MDF - B0DY6K7RQH - Sep 2025,NM  - SP - 12 Pack - Phrase - B0DY6K7RQH - Sep 2025,Amazon,United States,creatine and collagen,PHRASE,creatine and collagen envelopes,2,1,50.0000%,2,2,0,,0.00,0,0,0.0000%,0,0,0,0
"Feb 16, 2026","Feb 16, 2026",Jars,USD,NM - SP - Auto - CAC  Audience - Multi - Offense - Jars - July 2025,NM - SP - Jars - Auto - CAC  Audience - Multi - Offense - July 2025,Amazon,United States,substitutes,-,creatine and collagen for women,1,1,100.0000%,7,7,35,21.0587%,4.75,1,1,100.0000%,1,0,35,0
"Feb 04, 2026","Feb 04, 2026",Sachets,USD,NM  - SP - 4 Pack - Phrase 2 - MDF - B0DJ3J2CKX - Sep 2025,NM  - SP - 4 Pack - Phrase 2 - B0DJ3J2CKX - Sep 2025,Amazon,United States,creatine and collagen,PHRASE,creatine and collagen for women,10,1,10.0000%,1,1,0,,0.00,0,0,0.0000%,0,0,0,0
"Feb 06, 2026","Feb 06, 2026",Sachets,USD,NM  - SP - STR - 12 Pack - PT 4 - B0DY6K7RQH - Jan 2026,NM  - SP - STR - 12 Pack - PT 4 - B0DY6K7RQH - Jan 2026,Amazon,United States,"asin=""B0FDDFY6BZ""",-,creatine and collagen for women unflavored,1,1,100.0000%,1,1,0,,0.00,0,0,0.0000%,0,0,0,0
"Mar 05, 2026","Mar 05, 2026",Jars,USD,NM - SP - Auto - HLP  Audience - Multi - Offense - Jars - July 2025,NM - SP - Jars - Auto - HLP  Audience - Multi - Offense - July 2025,Amazon,United States,close-match,-,creatine and collagen lemon,1,1,100.0000%,5,5,0,,0.00,0,0,0.0000%,0,0,0,0
"Mar 05, 2026","Mar 05, 2026",Sachets,USD,NM  - SP - 12 Pack - Phrase - MDF - B0DY6K7RQH - Sep 2025,NM  - SP - 12 Pack - Phrase - B0DY6K7RQH - Sep 2025,Amazon,United States,creatine and collagen,PHRASE,creatine and collagen packets,3,1,33.3333%,3,3,20,15.4887%,6.46,1,1,100.0000%,1,0,20,0
"Mar 05, 2026","Mar 05, 2026",Sachets,USD,NM  - SP - 12 Pack - Phrase - MDF - B0DY6K7RQH - Sep 2025,NM  - SP - 12 Pack - Phrase - B0DY6K7RQH - Sep 2025,Amazon,United States,creatine and collagen,PHRASE,creatine and collagen travel packs,30,1,3.3333%,3,3,0,,0.00,0,0,0.0000%,0,0,0,0
"Mar 03, 2026","Mar 03, 2026",Sachets,USD,NM  - SP - STR - 12 Pack - PT 4 - B0DY6K7RQH - Jan 2026,NM  - SP - STR - 12 Pack - PT 4 - B0DY6K7RQH - Jan 2026,Amazon,United States,"asin=""B0FDDFY6BZ""",-,creatine and collagen women,1,1,100.0000%,1,1,0,,0.00,0,0,0.0000%,0,0,0,0
"Feb 17, 2026","Feb 17, 2026",Jars,USD,NM - SP - Auto - HLP  Audience - Multi - Offense - Jars - July 2025,NM - SP - Jars - Auto - HLP  Audience - Multi - Offense - July 2025,Amazon,United States,close-match,-,creatine and electrolyte,1,1,100.0000%,7,7,0,,0.00,0,0,0.0000%,0,0,0,0
"Feb 03, 2026","Feb 03, 2026",Jars,USD,NM - SP - Citrus Salt - BMM - Offense - Jars - Aug 2024,NM - Jars - Auto - BMM,Amazon,United States,+electrolytes +powder +creatine,BROAD,creatine and electrolyte and collagen powder,8,1,12.5000%,4,4,0,,0.00,0,0,0.0000%,0,0,0,0
"Feb 08, 2026","Feb 08, 2026",Jars,USD,NM - SP - Auto - HLP  Audience - Multi - Offense - Jars - July 2025,NM - SP - Jars - Auto - HLP  Audience - Multi - Offense - July 2025,Amazon,United States,close-match,-,creatine and electrolyte powder,2,1,50.0000%,7,7,0,,0.00,0,0,0.0000%,0,0,0,0
"Feb 16, 2026","Feb 16, 2026",Jars,USD,NM - SP - Phrase 3 - MDF - Jars - Sep 2025,NM - SP - Jars - Phrase 3 - Sep 2025,Amazon,United States,electrolytes powder with,PHRASE,creatine and electrolyte powder,1,1,100.0000%,4,4,0,,0.00,0,0,0.0000%,0,0,0,0
"Feb 02, 2026","Feb 02, 2026",Jars,USD,NM - SP - STR - Phrase - Jars - Jan 2026,NM - SP - STR - Phrase - Jars - Jan 2026,Amazon,United States,creatine electrolyte powder,PHRASE,creatine and electrolyte powder,20,1,5.0000%,4,4,0,,0.00,0,0,0.0000%,0,0,0,0
"Mar 01, 2026","Mar 17, 2026",Jars,USD,NM - SP - STR - Phrase - Jars - Jan 2026,NM - SP - STR - Phrase - Jars - Jan 2026,Amazon,United States,creatine and electrolytes,PHRASE,creatine and electrolyte powder,24,5,20.8333%,4,18,45,39.0879%,2.56,1,1,20.0000%,1,0,45,0
"Feb 08, 2026","Feb 15, 2026",Jars,USD,NM - SP - STR - PT 5 - Jars - Jan 2026,NM - SP - STR - PT 5 - Jars - Jan 2026,Amazon,United States,"asin=""B0F257BKKB""",-,creatine and electrolyte powder,10,3,30.0000%,5,15,33,45.9788%,2.17,1,1,33.3333%,1,0,33,0
"Mar 09, 2026","Mar 09, 2026",No Portfolio,USD,NM - SP - Auto - All Products Test w/o Collagen - March 2026,NM - SP - Auto - All Products Test w/o Collagen - March 2026,Amazon,United States,close-match,-,creatine and electrolyte powder,8,1,12.5000%,1,1,0,,0.00,0,0,0.0000%,0,0,0,0
"Feb 15, 2026","Feb 15, 2026",Jars,USD,NM - SP - Auto - CAC  Audience - Multi - Offense - Jars - July 2025,NM - SP - Jars - Auto - CAC  Audience - Multi - Offense - July 2025,Amazon,United States,substitutes,-,creatine and electrolytes,1,1,100.0000%,3,3,0,,0.00,0,0,0.0000%,0,0,0,0
"Feb 08, 2026","Mar 04, 2026",Jars,USD,NM - SP - Auto - HLP  Audience - Multi - Offense - Jars - July 2025,NM - SP - Jars - Auto - HLP  Audience - Multi - Offense - July 2025,Amazon,United States,close-match,-,creatine and electrolytes,149,10,6.7114%,6,55,0,,0.00,0,0,0.0000%,0,0,0,0
"Feb 19, 2026","Feb 19, 2026",Sachets,USD,NM  - SP - 12 Pack - Auto - PBP  Audience - MDF - Offense - B0DY6K7RQH - July 2025,NM  - SP - 12 Pack - Auto - PBP  Audience - Offense - B0DY6K7RQH - July 2025,Amazon,United States,close-match,-,creatine and electrolytes,1,1,100.0000%,0,0,15,2.4080%,41.53,1,1,100.0000%,1,0,15,0
"Feb 09, 2026","Feb 19, 2026",Sachets,USD,NM  - SP - 4 Pack - Phrase 3 - MDF - B0DJ3J2CKX - Sep 2025,NM  - SP - 4 Pack - Phrase 3 - B0DJ3J2CKX - Sep 2025,Amazon,United States,creatine and electrolytes,PHRASE,creatine and electrolytes,25,2,8.0000%,2,3,10,34.1709%,2.93,1,1,50.0000%,1,0,10,0
"Feb 15, 2026","Mar 08, 2026",Jars,USD,NM - SP - STR - Phrase - Jars - Jan 2026,NM - SP - STR - Phrase - Jars - Jan 2026,Amazon,United States,creatine and electrolytes,PHRASE,creatine and electrolytes,73,5,6.8493%,2,9,90,10.2336%,9.77,2,2,40.0000%,1,1,45,45
"Feb 04, 2026","Feb 14, 2026",Jars,USD,NM - SP - STR - PT 5 - Jars - Jan 2026,NM - SP - STR - PT 5 - Jars - Jan 2026,Amazon,United States,"asin=""B0F257BKKB""",-,creatine and electrolytes,18,5,27.7778%,4,21,15,140.2007%,0.71,1,1,20.0000%,0,1,0,15
"Mar 02, 2026","Mar 17, 2026",No Portfolio,USD,NM - SP - Auto - All Products Test w/o Collagen - March 2026,NM - SP - Auto - All Products Test w/o Collagen - March 2026,Amazon,United States,close-match,-,creatine and electrolytes,328,9,2.7439%,2,20,0,,0.00,0,0,0.0000%,0,0,0,0
"Feb 07, 2026","Feb 07, 2026",Jars,USD,NM - SP - Citrus Salt - BMM - Offense - Jars - Aug 2024,NM - Jars - Auto - BMM,Amazon,United States,+creatine +collagen +electrolytes,BROAD,creatine and electrolytes and collagen men,1,1,100.0000%,4,4,45,7.9644%,12.56,1,1,100.0000%,0,1,0,45
"Feb 18, 2026","Feb 18, 2026",Sachets,USD,NM  - SP - 4 Pack - Phrase 1 - B0DJ3J2CKX - Sep 2025,NM  - SP - 4 Pack - Phrase 1 - B0DJ3J2CKX - Sep 2025,Amazon,United States,creatine and electrolytes for women,PHRASE,creatine and electrolytes for women,2,1,50.0000%,1,1,0,,0.00,0,0,0.0000%,0,0,0,0
"Feb 03, 2026","Feb 03, 2026",Jars,USD,NM - SP - STR - Phrase - Jars - Jan 2026,NM - SP - STR - Phrase - Jars - Jan 2026,Amazon,United States,creatine electrolyte powder,PHRASE,creatine and electrolytes powder,5,1,20.0000%,4,4,0,,0.00,0,0,0.0000%,0,0,0,0
"Mar 12, 2026","Mar 12, 2026",No Portfolio,USD,NM - SP - Auto - All Products Test w/o Collagen - March 2026,NM - SP - Auto - All Products Test w/o Collagen - March 2026,Amazon,United States,loose-match,-,creatine and electrolytes to go,1,1,100.0000%,2,2,0,,0.00,0,0,0.0000%,0,0,0,0
"Feb 12, 2026","Feb 12, 2026",Jars,USD,NM - SP - Auto - PBP  Audience - Multi - Offense - Jars - July 2025,NM - SP - Jars - Auto - PBP  Audience - Multi - Offense - July 2025,Amazon,United States,loose-match,-,creatine and energy,1,1,100.0000%,4,4,0,,0.00,0,0,0.0000%,0,0,0,0
"Mar 01, 2026","Mar 01, 2026",Jars,USD,NM - SP - Auto - HLP  Audience - Multi - Offense - Jars - July 2025,NM - SP - Jars - Auto - HLP  Audience - Multi - Offense - July 2025,Amazon,United States,close-match,-,creatine and hydration,4,1,25.0000%,6,6,0,,0.00,0,0,0.0000%,0,0,0,0
"Feb 18, 2026","Feb 18, 2026",Jars,USD,NM - SP - Auto - PBP  Audience - Multi - Offense - Jars - July 2025,NM - SP - Jars - Auto - PBP  Audience - Multi - Offense - July 2025,Amazon,United States,loose-match,-,creatine and magnesium,6,1,16.6667%,2,2,15,15.1171%,6.62,1,1,100.0000%,0,1,0,15
"Mar 01, 2026","Mar 01, 2026",Jars,USD,NM - SP - Auto - HLP  Audience - Multi - Offense - Jars - July 2025,NM - SP - Jars - Auto - HLP  Audience - Multi - Offense - July 2025,Amazon,United States,loose-match,-,creatine b vitamin,2,1,50.0000%,4,4,0,,0.00,0,0,0.0000%,0,0,0,0
"Mar 16, 2026","Mar 16, 2026",No Portfolio,USD,NM - SP - Auto - All Products Test w/o Collagen - March 2026,NM - SP - Auto - All Products Test w/o Collagen - March 2026,Amazon,United States,close-match,-,creatine boost packets,3,1,33.3333%,2,2,0,,0.00,0,0,0.0000%,0,0,0,0
"Feb 08, 2026","Feb 12, 2026",Sachets,USD,NM  - SP - 12 Pack - Phrase - MDF - B0DY6K7RQH - Sep 2025,NM  - SP - 12 Pack - Phrase - B0DY6K7RQH - Sep 2025,Amazon,United States,creatine and collagen,PHRASE,creatine collagen,322,2,0.6211%,2,3,33,9.7724%,10.23,1,1,50.0000%,0,1,0,33
"Feb 16, 2026","Feb 16, 2026",Sachets,USD,NM  - SP - 12 Pack - Phrase - MDF - B0DY6K7RQH - Sep 2025,NM  - SP - 12 Pack - Phrase - B0DY6K7RQH - Sep 2025,Amazon,United States,creatine and collagen,PHRASE,creatine collagen and electrolytes,27,1,3.7037%,2,2,0,,0.00,0,0,0.0000%,0,0,0,0
"Feb 20, 2026","Feb 20, 2026",Jars,USD,NM - SP - Citrus Salt - Exact - MDF - Offense - Harvest - Jars - Oct 2024,NM - Jars - Citrus Salt - Exact - Harvest - Oct 2024,Amazon,United States,creatine collagen magnesium,EXACT,creatine collagen and magnesium,1,1,100.0000%,5,5,0,,0.00,0,0,0.0000%,0,0,0,0
"Mar 04, 2026","Mar 04, 2026",Sachets,USD,NM  - SP - 12 Pack - Phrase - MDF - B0DY6K7RQH - Sep 2025,NM  - SP - 12 Pack - Phrase - B0DY6K7RQH - Sep 2025,Amazon,United States,creatine and collagen,PHRASE,creatine collagen bcaa packets,2,1,50.0000%,2,2,0,,0.00,0,0,0.0000%,0,0,0,0
"Feb 03, 2026","Feb 10, 2026",Jars,USD,NM - SP - Citrus Salt - Exact - MDF - Offense - Harvest - Jars - Oct 2024,NM - Jars - Citrus Salt - Exact - Harvest - Oct 2024,Amazon,United States,creatine collagen electrolytes,EXACT,creatine collagen electrolytes,33,4,12.1212%,4,16,10,161.4070%,0.62,1,1,25.0000%,0,1,0,10
"Feb 17, 2026","Mar 17, 2026",Jars,USD,NM - SP - Auto - HLP  Audience - Multi - Offense - Jars - July 2025,NM - SP - Jars - Auto - HLP  Audience - Multi - Offense - July 2025,Amazon,United States,close-match,-,creatine collagen electrolytes,35,6,17.1429%,5,29,45,63.8042%,1.57,1,1,16.6667%,0,1,0,45
"Feb 26, 2026","Feb 26, 2026",Sachets,USD,NM  - SP - 4 Pack - Phrase 2 - MDF - B0DJ3J2CKX - Sep 2025,NM  - SP - 4 Pack - Phrase 2 - B0DJ3J2CKX - Sep 2025,Amazon,United States,creatine and collagen,PHRASE,creatine collagen electrolytes,10,1,10.0000%,1,1,0,,0.00,0,0,0.0000%,0,0,0,0
"Feb 01, 2026","Feb 25, 2026",Sachets,USD,NM  - SP - 12 Pack - Phrase - MDF - B0DY6K7RQH - Sep 2025,NM  - SP - 12 Pack - Phrase - B0DY6K7RQH - Sep 2025,Amazon,United States,creatine and collagen,PHRASE,creatine collagen electrolytes,29,8,27.5862%,2,20,70,28.0888%,3.56,3,3,37.5000%,2,1,25,45
"Mar 07, 2026","Mar 07, 2026",Jars,USD,NM - SP - Citrus Salt - BMM - Offense - Jars - Aug 2024,NM - Jars - Auto - BMM,Amazon,United States,+creatine +collagen +electrolytes,BROAD,creatine collagen electrolytes for men,4,1,25.0000%,3,3,0,,0.00,0,0,0.0000%,0,0,0,0
"Feb 17, 2026","Feb 17, 2026",Jars,USD,NM - SP - Auto - HLP  Audience - Multi - Offense - Jars - July 2025,NM - SP - Jars - Auto - HLP  Audience - Multi - Offense - July 2025,Amazon,United States,loose-match,-,creatine collagen electrolytes for women,3,1,33.3333%,4,4,33,12.8983%,7.75,1,1,100.0000%,1,0,33,0
"Feb 21, 2026","Feb 24, 2026",Sachets,USD,NM  - SP - 4 Pack - Phrase 2 - MDF - B0DJ3J2CKX - Sep 2025,NM  - SP - 4 Pack - Phrase 2 - B0DJ3J2CKX - Sep 2025,Amazon,United States,creatine and collagen,PHRASE,creatine collagen for women,15,2,13.3333%,1,2,20,8.7940%,11.37,2,2,100.0000%,2,0,20,0
"Feb 14, 2026","Feb 14, 2026",Sachets,USD,NM  - SP - 12 Pack - Phrase - MDF - B0DY6K7RQH - Sep 2025,NM  - SP - 12 Pack - Phrase - B0DY6K7RQH - Sep 2025,Amazon,United States,creatine and collagen,PHRASE,creatine collagen for women packets,5,1,20.0000%,3,3,0,,0.00,0,0,0.0000%,0,0,0,0
"Feb 12, 2026","Feb 12, 2026",Sachets,USD,NM  - SP - 4 Pack - Phrase 2 - MDF - B0DJ3J2CKX - Sep 2025,NM  - SP - 4 Pack - Phrase 2 - B0DJ3J2CKX - Sep 2025,Amazon,United States,creatine and collagen,PHRASE,creatine collagen for women protein,1,1,100.0000%,2,2,0,,0.00,0,0,0.0000%,0,0,0,0
"Feb 21, 2026","Feb 21, 2026",Jars,USD,NM - SP - Phrase 4 - Jars - Sep 2025,NM - SP - Jars - Phrase 4 - Sep 2025,Amazon,United States,with creatine and,PHRASE,creatine collagen pineapple,1,1,100.0000%,2,2,0,,0.00,0,0,0.0000%,0,0,0,0
"Feb 04, 2026","Feb 04, 2026",Sachets,USD,NM  - SP - STR - 12 Pack - PT 4 - B0DY6K7RQH - Jan 2026,NM  - SP - STR - 12 Pack - PT 4 - B0DY6K7RQH - Jan 2026,Amazon,United States,"asin=""B0FDDFY6BZ""",-,creatine collagen powder,1,1,100.0000%,4,4,0,,0.00,0,0,0.0000%,0,0,0,0
"Feb 16, 2026","Feb 16, 2026",Sachets,USD,NM  - SP - STR - 12 Pack - PT 1 - B0DY6K7RQH - Jan 2026,NM  - SP - STR - 12 Pack - PT 1 - B0DY6K7RQH - Jan 2026,Amazon,United States,"asin=""B002DYIZEE""",-,creatine cup shot,1,1,100.0000%,1,1,0,,0.00,0,0,0.0000%,0,0,0,0
"Feb 17, 2026","Feb 17, 2026",Jars,USD,NM - SP - Auto - CAC  Audience - Multi - Offense - Jars - July 2025,NM - SP - Jars - Auto - CAC  Audience - Multi - Offense - July 2025,Amazon,United States,substitutes,-,creatine drink mix,1,1,100.0000%,4,4,0,,0.00,0,0,0.0000%,0,0,0,0
"Mar 02, 2026","Mar 02, 2026",Sachets,USD,NM  - SP - STR - 4 Pack - PT 5 - B0DJ3J2CKX - Jan 2026,NM  - SP - STR - 4 Pack - PT 5 - B0DJ3J2CKX - Jan 2026,Amazon,United States,"asin=""B0F257BKKB""",-,creatine drink mix,1,1,100.0000%,1,1,0,,0.00,0,0,0.0000%,0,0,0,0
"Mar 10, 2026","Mar 10, 2026",No Portfolio,USD,NM - SP - Auto - All Products Test w/o Collagen - March 2026,NM - SP - Auto - All Products Test w/o Collagen - March 2026,Amazon,United States,loose-match,-,creatine drink mix packets,2,1,50.0000%,2,2,0,,0.00,0,0,0.0000%,0,0,0,0
"Mar 04, 2026","Mar 04, 2026",No Portfolio,USD,NM - SP - Auto - All Products Test w/o Collagen - March 2026,NM - SP - Auto - All Products Test w/o Collagen - March 2026,Amazon,United States,loose-match,-,creatine drink packets,17,1,5.8824%,2,2,0,,0.00,0,0,0.0000%,0,0,0,0
"Feb 07, 2026","Feb 07, 2026",Jars,USD,NM - SP - Auto - HLP  Audience - Multi - Offense - Jars - July 2025,NM - SP - Jars - Auto - HLP  Audience - Multi - Offense - July 2025,Amazon,United States,close-match,-,creatine electrolyte,1,1,100.0000%,7,7,0,,0.00,0,0,0.0000%,0,0,0,0
"Feb 18, 2026","Feb 18, 2026",Jars,USD,NM - SP - Auto - HLP  Audience - Multi - Offense - Jars - July 2025,NM - SP - Jars - Auto - HLP  Audience - Multi - Offense - July 2025,Amazon,United States,close-match,-,creatine electrolyte collagen,1,1,100.0000%,5,5,0,,0.00,0,0,0.0000%,0,0,0,0
"Feb 24, 2026","Feb 24, 2026",Sachets,USD,NM  - SP - 4 Pack - Phrase 3 - MDF - B0DJ3J2CKX - Sep 2025,NM  - SP - 4 Pack - Phrase 3 - B0DJ3J2CKX - Sep 2025,Amazon,United States,creatine and electrolytes,PHRASE,creatine electrolyte drink,1,1,100.0000%,2,2,0,,0.00,0,0,0.0000%,0,0,0,0
"Feb 19, 2026","Feb 19, 2026",Jars,USD,NM - SP - Auto - CAC  Audience - Multi - Offense - Jars - July 2025,NM - SP - Jars - Auto - CAC  Audience - Multi - Offense - July 2025,Amazon,United States,substitutes,-,creatine electrolyte mix,2,2,100.0000%,5,10,0,,0.00,0,0,0.0000%,0,0,0,0
"Feb 21, 2026","Feb 21, 2026",Sachets,USD,NM  - SP - 4 Pack - Phrase 3 - MDF - B0DJ3J2CKX - Sep 2025,NM  - SP - 4 Pack - Phrase 3 - B0DJ3J2CKX - Sep 2025,Amazon,United States,creatine and electrolytes,PHRASE,creatine electrolyte mix,2,1,50.0000%,2,2,0,,0.00,0,0,0.0000%,0,0,0,0
"Feb 25, 2026","Feb 25, 2026",Sachets,USD,NM  - SP - STR - 12 Pack - PT - B0DY6K7RQH - Jan 2026,NM  - SP - STR - 12 Pack - PT - B0DY6K7RQH - Jan 2026,Amazon,United States,"asin=""B0CGGC4DNW""",-,creatine electrolyte mix,1,1,100.0000%,1,1,0,,0.00,0,0,0.0000%,0,0,0,0
"Mar 17, 2026","Mar 17, 2026",Jars,USD,NM - SP - STR - Phrase - Jars - Jan 2026,NM - SP - STR - Phrase - Jars - Jan 2026,Amazon,United States,creatine and electrolytes,PHRASE,creatine electrolyte morning,3,1,33.3333%,4,4,0,,0.00,0,0,0.0000%,0,0,0,0
"Feb 01, 2026","Feb 01, 2026",Jars,USD,NM - SP - Citrus Salt - BMM - Offense - Jars - Aug 2024,NM - Jars - Auto - BMM,Amazon,United States,+creatine +electrolytes,BROAD,creatine electrolyte packets,1,1,100.0000%,4,4,0,,0.00,0,0,0.0000%,0,0,0,0
"Feb 05, 2026","Mar 03, 2026",Jars,USD,NM - SP - STR - Phrase - Jars - Jan 2026,NM - SP - STR - Phrase - Jars - Jan 2026,Amazon,United States,creatine and electrolytes,PHRASE,creatine electrolyte packets,28,4,14.2857%,2,9,35,26.3519%,3.79,1,1,25.0000%,0,1,0,35
"Feb 09, 2026","Feb 12, 2026",Sachets,USD,NM  - SP - STR - 12 Pack - PT 6 - B0DY6K7RQH - Jan 2026,NM  - SP - STR - 12 Pack - PT 6 - B0DY6K7RQH - Jan 2026,Amazon,United States,"asin=""B0D13XGK2P""",-,creatine electrolyte packets,9,3,33.3333%,2,5,30,17.8595%,5.60,2,2,66.6667%,2,0,30,0
"Feb 24, 2026","Feb 24, 2026",Jars,USD,NM - SP - STR - Phrase - Jars - Jan 2026,NM - SP - STR - Phrase - Jars - Jan 2026,Amazon,United States,creatine and electrolytes,PHRASE,creatine electrolyte peptides for muscle growth,2,1,50.0000%,4,4,0,,0.00,0,0,0.0000%,0,0,0,0
"Feb 03, 2026","Feb 22, 2026",Jars,USD,NM - SP - Phrase 3 - MDF - Jars - Sep 2025,NM - SP - Jars - Phrase 3 - Sep 2025,Amazon,United States,electrolytes powder with,PHRASE,creatine electrolyte powder,13,3,23.0769%,5,14,45,32.1691%,3.11,1,1,33.3333%,1,0,45,0
"Feb 28, 2026","Mar 02, 2026",Sachets,USD,NM  - SP - 4 Pack - Phrase 3 - MDF - B0DJ3J2CKX - Sep 2025,NM  - SP - 4 Pack - Phrase 3 - B0DJ3J2CKX - Sep 2025,Amazon,United States,creatine and electrolytes,PHRASE,creatine electrolyte powder,13,2,15.3846%,1,3,0,,0.00,0,0,0.0000%,0,0,0,0
"Feb 07, 2026","Feb 07, 2026",Jars,USD,NM - SP - STR - Phrase - Jars - Jan 2026,NM - SP - STR - Phrase - Jars - Jan 2026,Amazon,United States,creatine electrolyte powder,PHRASE,creatine electrolyte powder,26,1,3.8462%,2,2,20,10.7035%,9.34,1,2,100.0000%,0,2,0,20
"Feb 08, 2026","Feb 15, 2026",Jars,USD,NM - SP - STR - PT 5 - Jars - Jan 2026,NM - SP - STR - PT 5 - Jars - Jan 2026,Amazon,United States,"asin=""B0F257BKKB""",-,creatine electrolyte powder,6,2,33.3333%,5,10,0,,0.00,0,0,0.0000%,0,0,0,0
"Mar 07, 2026","Mar 16, 2026",No Portfolio,USD,NM - SP - Auto - All Products Test w/o Collagen - March 2026,NM - SP - Auto - All Products Test w/o Collagen - March 2026,Amazon,United States,close-match,-,creatine electrolyte powder,99,4,4.0404%,2,8,140,5.8727%,17.03,2,4,50.0000%,2,2,70,70
"Feb 08, 2026","Feb 08, 2026",Jars,USD,NM - SP - Citrus Salt - BMM - Offense - Jars - Aug 2024,NM - Jars - Auto - BMM,Amazon,United States,+electrolytes +creatine +powder,BROAD,creatine electrolyte powder sugar free,1,1,100.0000%,5,5,0,,0.00,0,0,0.0000%,0,0,0,0
"Mar 17, 2026","Mar 17, 2026",No Portfolio,USD,NM - SP - Auto - All Products Test w/o Collagen - March 2026,NM - SP - Auto - All Products Test w/o Collagen - March 2026,Amazon,United States,close-match,-,creatine electrolyte sticks,5,1,20.0000%,3,3,0,,0.00,0,0,0.0000%,0,0,0,0
"Feb 01, 2026","Mar 03, 2026",Jars,USD,NM - SP - Auto - HLP  Audience - Multi - Offense - Jars - July 2025,NM - SP - Jars - Auto - HLP  Audience - Multi - Offense - July 2025,Amazon,United States,close-match,-,creatine electrolytes,328,17,5.1829%,6,96,78,123.4531%,0.81,2,2,11.7647%,0,2,0,78
"Feb 08, 2026","Feb 21, 2026",Sachets,USD,NM  - SP - 4 Pack - Phrase 3 - MDF - B0DJ3J2CKX - Sep 2025,NM  - SP - 4 Pack - Phrase 3 - B0DJ3J2CKX - Sep 2025,Amazon,United States,creatine and electrolytes,PHRASE,creatine electrolytes,18,2,11.1111%,1,2,5,33.1313%,3.02,1,1,50.0000%,1,0,5,0
"Mar 02, 2026","Mar 02, 2026",Jars,USD,NM - SP - STR - Phrase - Jars - Jan 2026,NM - SP - STR - Phrase - Jars - Jan 2026,Amazon,United States,creatine and electrolytes,PHRASE,creatine electrolytes,8,1,12.5000%,2,2,0,,0.00,0,0,0.0000%,0,0,0,0
"Feb 04, 2026","Feb 13, 2026",Jars,USD,NM - SP - STR - PT 5 - Jars - Jan 2026,NM - SP - STR - PT 5 - Jars - Jan 2026,Amazon,United States,"asin=""B0F257BKKB""",-,creatine electrolytes,15,3,20.0000%,4,13,0,,0.00,0,0,0.0000%,0,0,0,0
"Mar 05, 2026","Mar 14, 2026",No Portfolio,USD,NM - SP - Auto - All Products Test w/o Collagen - March 2026,NM - SP - Auto - All Products Test w/o Collagen - March 2026,Amazon,United States,close-match,-,creatine electrolytes,310,3,0.9677%,2,6,0,,0.00,0,0,0.0000%,0,0,0,0
"Feb 01, 2026","Mar 05, 2026",Jars,USD,NM  - SP - Exact - MDF - Business - Raspberry Salt - Offense - Jars - Jan 2025,NM  - SP - Exact - MDF - Offense - Jan 2025 - Multi,Amazon,United States,creatine electrolytes collagen,EXACT,creatine electrolytes collagen,9,5,55.5556%,2,12,45,26.2959%,3.80,1,1,20.0000%,0,1,0,45
"Mar 14, 2026","Mar 14, 2026",Jars,USD,NM - SP - Auto - HLP  Audience - Multi - Offense - Jars - July 2025,NM - SP - Jars - Auto - HLP  Audience - Multi - Offense - July 2025,Amazon,United States,close-match,-,creatine electrolytes collagen,10,1,10.0000%,3,3,0,,0.00,0,0,0.0000%,0,0,0,0
"Feb 03, 2026","Feb 03, 2026",Jars,USD,NM - SP - STR - Phrase - Jars - Jan 2026,NM - SP - STR - Phrase - Jars - Jan 2026,Amazon,United States,creatine electrolytes collagen,PHRASE,creatine electrolytes collagen,1,1,100.0000%,5,5,0,,0.00,0,0,0.0000%,0,0,0,0
"Mar 10, 2026","Mar 10, 2026",No Portfolio,USD,NM - SP - Auto - All Products Test w/o Collagen - March 2026,NM - SP - Auto - All Products Test w/o Collagen - March 2026,Amazon,United States,loose-match,-,creatine electrolytes packets,1,1,100.0000%,2,2,0,,0.00,0,0,0.0000%,0,0,0,0
"Feb 01, 2026","Feb 01, 2026",Jars,USD,NM - SP - Citrus Salt - BMM - Offense - Jars - Aug 2024,NM - Jars - Auto - BMM,Amazon,United States,+electrolytes +powder +creatine,BROAD,creatine electrolytes powder no sugar,1,1,100.0000%,7,7,0,,0.00,0,0,0.0000%,0,0,0,0
"Feb 19, 2026","Feb 19, 2026",Sachets,USD,NM  - SP - 4 Pack - Phrase 3 - MDF - B0DJ3J2CKX - Sep 2025,NM  - SP - 4 Pack - Phrase 3 - B0DJ3J2CKX - Sep 2025,Amazon,United States,creatine and electrolytes,PHRASE,creatine electrolytes travel packs,1,1,100.0000%,2,2,0,,0.00,0,0,0.0000%,0,0,0,0
"Mar 15, 2026","Mar 15, 2026",Jars,USD,NM - SP - Auto - HLP  Audience - Multi - Offense - Jars - July 2025,NM - SP - Jars - Auto - HLP  Audience - Multi - Offense - July 2025,Amazon,United States,loose-match,-,creatine flavor packets,2,1,50.0000%,5,5,0,,0.00,0,0,0.0000%,0,0,0,0
"Mar 16, 2026","Mar 16, 2026",Jars,USD,NM - SP - Auto - HLP  Audience - Multi - Offense - Jars - July 2025,NM - SP - Jars - Auto - HLP  Audience - Multi - Offense - July 2025,Amazon,United States,loose-match,-,creatine flavored zero sugar,1,1,100.0000%,5,5,45,11.1235%,8.99,1,1,100.0000%,0,1,0,45
"Mar 11, 2026","Mar 11, 2026",Jars,USD,NM - SP - Auto - HLP  Audience - Multi - Offense - Jars - July 2025,NM - SP - Jars - Auto - HLP  Audience - Multi - Offense - July 2025,Amazon,United States,loose-match,-,creatine for aging men drink mix,1,1,100.0000%,5,5,45,10.5673%,9.46,1,1,100.0000%,1,0,45,0
"Feb 03, 2026","Feb 03, 2026",Sachets,USD,NM  - SP - STR - 4 Pack - PT 3 - B0DJ3J2CKX - Jan 2026,NM  - SP - STR - 4 Pack - PT 3 - B0DJ3J2CKX - Jan 2026,Amazon,United States,"asin=""B0DQ2R23K4""",-,creatine for to go,1,1,100.0000%,0,0,0,,0.00,0,0,0.0000%,0,0,0,0
"Feb 05, 2026","Feb 05, 2026",Sachets,USD,NM  - SP - STR - 4 Pack - PT 1 - B0DJ3J2CKX - Jan 2026,NM  - SP - STR - 4 Pack - PT 1 - B0DJ3J2CKX - Jan 2026,Amazon,United States,"asin=""B002DYIZEE""",-,creatine for women,2,1,50.0000%,1,1,0,,0.00,0,0,0.0000%,0,0,0,0
"Mar 02, 2026","Mar 13, 2026",No Portfolio,USD,NM - SP - Phrase - All Products Test w/o Collagen - March 2026,NM - SP - Phrase - All Products Test w/o Collagen - March 2026,Amazon,United States,creatine women,PHRASE,creatine for women,10483,17,0.1622%,3,45,35,128.1831%,0.78,1,1,5.8824%,0,1,0,35
"Mar 17, 2026","Mar 17, 2026",No Portfolio,USD,NM - SP - Auto - All Products Test w/o Collagen - March 2026,NM - SP - Auto - All Products Test w/o Collagen - March 2026,Amazon,United States,close-match,-,creatine for women,21,1,4.7619%,2,2,0,,0.00,0,0,0.0000%,0,0,0,0
"Mar 17, 2026","Mar 17, 2026",No Portfolio,USD,NM - SP - Phrase - All Products Test w/o Collagen - March 2026,NM - SP - Phrase - All Products Test w/o Collagen - March 2026,Amazon,United States,creatine women,PHRASE,creatine for women drink,5,1,20.0000%,1,1,0,,0.00,0,0,0.0000%,0,0,0,0
"Feb 07, 2026","Feb 07, 2026",Sachets,USD,NM  - SP - 12 Pack - Phrase - MDF - B0DY6K7RQH - Sep 2025,NM  - SP - 12 Pack - Phrase - B0DY6K7RQH - Sep 2025,Amazon,United States,creatine for women,PHRASE,creatine for women packets,1,1,100.0000%,1,1,0,,0.00,0,0,0.0000%,0,0,0,0
"Mar 04, 2026","Mar 04, 2026",No Portfolio,USD,NM - SP - Phrase - All Products Test w/o Collagen - March 2026,NM - SP - Phrase - All Products Test w/o Collagen - March 2026,Amazon,United States,creatine women,PHRASE,creatine for women pill,7,1,14.2857%,3,3,20,15.4386%,6.48,1,1,100.0000%,1,0,20,0
"Mar 02, 2026","Mar 02, 2026",No Portfolio,USD,NM - SP - Phrase - All Products Test w/o Collagen - March 2026,NM - SP - Phrase - All Products Test w/o Collagen - March 2026,Amazon,United States,creatine women,PHRASE,creatine for women powder,22,1,4.5455%,3,3,0,,0.00,0,0,0.0000%,0,0,0,0
"Feb 25, 2026","Mar 12, 2026",Jars,USD,NM - SP - Auto - HLP  Audience - Multi - Offense - Jars - July 2025,NM - SP - Jars - Auto - HLP  Audience - Multi - Offense - July 2025,Amazon,United States,close-match,-,creatine hcl,18,2,11.1111%,3,6,0,,0.00,0,0,0.0000%,0,0,0,0
"Mar 03, 2026","Mar 03, 2026",Jars,USD,NM - SP - Auto - HLP  Audience - Multi - Offense - Jars - July 2025,NM - SP - Jars - Auto - HLP  Audience - Multi - Offense - July 2025,Amazon,United States,close-match,-,creatine hcl powder,8,1,12.5000%,3,3,0,,0.00,0,0,0.0000%,0,0,0,0
"Mar 03, 2026","Mar 03, 2026",No Portfolio,USD,NM - SP - Auto - All Products Test w/o Collagen - March 2026,NM - SP - Auto - All Products Test w/o Collagen - March 2026,Amazon,United States,loose-match,-,creatine hcl travel,1,1,100.0000%,2,2,0,,0.00,0,0,0.0000%,0,0,0,0
"Feb 20, 2026","Feb 20, 2026",Jars,USD,NM - SP - Auto - HLP  Audience - Multi - Offense - Jars - July 2025,NM - SP - Jars - Auto - HLP  Audience - Multi - Offense - July 2025,Amazon,United States,close-match,-,creatine hydration,4,1,25.0000%,2,2,45,5.4950%,18.20,1,1,100.0000%,0,1,0,45
"Mar 14, 2026","Mar 14, 2026",No Portfolio,USD,NM - SP - Auto - All Products Test w/o Collagen - March 2026,NM - SP - Auto - All Products Test w/o Collagen - March 2026,Amazon,United States,close-match,-,creatine hydration,51,3,5.8824%,2,6,0,,0.00,0,0,0.0000%,0,0,0,0
"Feb 04, 2026","Feb 04, 2026",Jars,USD,NM - SP - STR - PT 5 - Jars - Jan 2026,NM - SP - STR - PT 5 - Jars - Jan 2026,Amazon,United States,"asin=""B0F257BKKB""",-,creatine hydration powder,2,1,50.0000%,6,6,0,,0.00,0,0,0.0000%,0,0,0,0
"Feb 23, 2026","Feb 23, 2026",Jars,USD,NM - SP - Auto - HLP  Audience - Multi - Offense - Jars - July 2025,NM - SP - Jars - Auto - HLP  Audience - Multi - Offense - July 2025,Amazon,United States,close-match,-,creatine hydrochloride,1,1,100.0000%,6,6,45,14.3270%,6.98,1,1,100.0000%,0,1,0,45
"Feb 22, 2026","Feb 22, 2026",Sachets,USD,NM  - SP - STR - 4 Pack - PT 7 - B0DJ3J2CKX - Jan 2026,NM  - SP - STR - 4 Pack - PT 7 - B0DJ3J2CKX - Jan 2026,Amazon,United States,"asin=""B0D6PNQ2T7""",-,creatine in individual envelopes,1,1,100.0000%,2,2,0,,0.00,0,0,0.0000%,0,0,0,0
"Mar 04, 2026","Mar 04, 2026",No Portfolio,USD,NM - SP - Auto - All Products Test w/o Collagen - March 2026,NM - SP - Auto - All Products Test w/o Collagen - March 2026,Amazon,United States,loose-match,-,creatine individual packets,10,1,10.0000%,2,2,0,,0.00,0,0,0.0000%,0,0,0,0
"Mar 03, 2026","Mar 03, 2026",Sachets,USD,NM  - SP - STR - 12 Pack - PT - B0DY6K7RQH - Jan 2026,NM  - SP - STR - 12 Pack - PT - B0DY6K7RQH - Jan 2026,Amazon,United States,"asin=""B0DVWKPJ32""",-,creatine individual packets travel,3,1,33.3333%,1,1,0,,0.00,0,0,0.0000%,0,0,0,0
"Feb 19, 2026","Feb 19, 2026",Jars,USD,NM - SP - Auto - HLP  Audience - Multi - Offense - Jars - July 2025,NM - SP - Jars - Auto - HLP  Audience - Multi - Offense - July 2025,Amazon,United States,loose-match,-,creatine jello,1,1,100.0000%,4,4,0,,0.00,0,0,0.0000%,0,0,0,0
"Feb 09, 2026","Feb 09, 2026",Jars,USD,NM - SP - Auto - PBP  Audience - Multi - Offense - Jars - July 2025,NM - SP - Jars - Auto - PBP  Audience - Multi - Offense - July 2025,Amazon,United States,loose-match,-,creatine l'theanine hydration powder,1,1,100.0000%,4,4,0,,0.00,0,0,0.0000%,0,0,0,0
"Mar 15, 2026","Mar 15, 2026",No Portfolio,USD,NM - SP - Auto - All Products Test w/o Collagen - March 2026,NM - SP - Auto - All Products Test w/o Collagen - March 2026,Amazon,United States,close-match,-,creatine lemon,1,1,100.0000%,2,2,0,,0.00,0,0,0.0000%,0,0,0,0
"Feb 10, 2026","Feb 10, 2026",Sachets,USD,NM  - SP - STR - 4 Pack - PT 2 - B0DJ3J2CKX - Jan 2026,NM  - SP - STR - 4 Pack - PT 2 - B0DJ3J2CKX - Jan 2026,Amazon,United States,"asin=""B0CK94R8TB""",-,creatine lineage sample,1,1,100.0000%,1,1,0,,0.00,0,0,0.0000%,0,0,0,0
"Mar 04, 2026","Mar 04, 2026",No Portfolio,USD,NM - SP - Auto - All Products Test w/o Collagen - March 2026,NM - SP - Auto - All Products Test w/o Collagen - March 2026,Amazon,United States,loose-match,-,creatine mio,2,1,50.0000%,2,2,0,,0.00,0,0,0.0000%,0,0,0,0
"Feb 23, 2026","Feb 23, 2026",Jars,USD,NM - SP - Auto - CAC  Audience - Multi - Offense - Jars - July 2025,NM - SP - Jars - Auto - CAC  Audience - Multi - Offense - July 2025,Amazon,United States,substitutes,-,creatine monohydrate,1,1,100.0000%,7,7,0,,0.00,0,0,0.0000%,0,0,0,0
"Feb 03, 2026","Feb 03, 2026",Sachets,USD,NM  - SP - STR - 12 Pack - PT 1 - B0DY6K7RQH - Jan 2026,NM  - SP - STR - 12 Pack - PT 1 - B0DY6K7RQH - Jan 2026,Amazon,United States,"asin=""B002DYIZEE""",-,creatine monohydrate,1,1,100.0000%,1,1,0,,0.00,0,0,0.0000%,0,0,0,0
"Feb 03, 2026","Feb 03, 2026",Sachets,USD,NM  - SP - STR - 12 Pack - PT 4 - B0DY6K7RQH - Jan 2026,NM  - SP - STR - 12 Pack - PT 4 - B0DY6K7RQH - Jan 2026,Amazon,United States,"asin=""B0FDDFY6BZ""",-,creatine monohydrate + collagen,1,1,100.0000%,4,4,0,,0.00,0,0,0.0000%,0,0,0,0
"Mar 14, 2026","Mar 14, 2026",Jars,USD,NM - SP - Auto - HLP  Audience - Multi - Offense - Jars - July 2025,NM - SP - Jars - Auto - HLP  Audience - Multi - Offense - July 2025,Amazon,United States,loose-match,-,creatine monohydrate and collagen protein,1,1,100.0000%,5,5,0,,0.00,0,0,0.0000%,0,0,0,0
"Feb 01, 2026","Feb 01, 2026",Sachets,USD,NM  - SP - STR - 4 Pack - PT 1 - B0DJ3J2CKX - Jan 2026,NM  - SP - STR - 4 Pack - PT 1 - B0DJ3J2CKX - Jan 2026,Amazon,United States,"asin=""B002DYIZEE""",-,creatine monohydrate for women,1,1,100.0000%,1,1,0,,0.00,0,0,0.0000%,0,0,0,0
"Mar 12, 2026","Mar 12, 2026",Jars,USD,NM - SP - Auto - HLP  Audience - Multi - Offense - Jars - July 2025,NM - SP - Jars - Auto - HLP  Audience - Multi - Offense - July 2025,Amazon,United States,loose-match,-,creatine monohydrate powder women collagen protein,1,1,100.0000%,2,2,0,,0.00,0,0,0.0000%,0,0,0,0
"Feb 06, 2026","Feb 06, 2026",Sachets,USD,NM  - SP - STR - 4 Pack - PT 2 - B0DJ3J2CKX - Jan 2026,NM  - SP - STR - 4 Pack - PT 2 - B0DJ3J2CKX - Jan 2026,Amazon,United States,"asin=""B0CK94R8TB""",-,creatine monohydrate sample,1,1,100.0000%,1,1,0,,0.00,0,0,0.0000%,0,0,0,0
"Mar 16, 2026","Mar 16, 2026",Jars,USD,NM - SP - Auto - HLP  Audience - Multi - Offense - Jars - July 2025,NM - SP - Jars - Auto - HLP  Audience - Multi - Offense - July 2025,Amazon,United States,loose-match,-,creatine monohydrate tasteless,3,1,33.3333%,5,5,0,,0.00,0,0,0.0000%,0,0,0,0
"Mar 08, 2026","Mar 08, 2026",No Portfolio,USD,NM - SP - Auto - All Products Test w/o Collagen - March 2026,NM - SP - Auto - All Products Test w/o Collagen - March 2026,Amazon,United States,loose-match,-,creatine on the go packets for women,2,1,50.0000%,2,2,0,,0.00,0,0,0.0000%,0,0,0,0
"Feb 12, 2026","Feb 12, 2026",Sachets,USD,NM  - SP - 4 Pack - Phrase 2 - MDF - B0DJ3J2CKX - Sep 2025,NM  - SP - 4 Pack - Phrase 2 - B0DJ3J2CKX - Sep 2025,Amazon,United States,creatine packets to,PHRASE,creatine packet,1,1,100.0000%,1,1,0,,0.00,0,0,0.0000%,0,0,0,0
"Feb 03, 2026","Feb 03, 2026",Sachets,USD,NM  - SP - 12 Pack - Auto - PBP  Audience - MDF - Offense - B0DY6K7RQH - July 2025,NM  - SP - 12 Pack - Auto - PBP  Audience - Offense - B0DY6K7RQH - July 2025,Amazon,United States,loose-match,-,creatine packets,1,1,100.0000%,0,0,0,,0.00,0,0,0.0000%,0,0,0,0
"Feb 03, 2026","Mar 01, 2026",Sachets,USD,NM  - SP - 4 Pack - Phrase 2 - MDF - B0DJ3J2CKX - Sep 2025,NM  - SP - 4 Pack - Phrase 2 - B0DJ3J2CKX - Sep 2025,Amazon,United States,creatine packets to,PHRASE,creatine packets,60,5,8.3333%,1,3,0,,0.00,0,0,0.0000%,0,0,0,0
"Mar 03, 2026","Mar 03, 2026",Sachets,USD,NM  - SP - STR - 4 Pack - PT 7 - B0DJ3J2CKX - Jan 2026,NM  - SP - STR - 4 Pack - PT 7 - B0DJ3J2CKX - Jan 2026,Amazon,United States,"asin=""B0BXMPBRJZ""",-,creatine packets,9,1,11.1111%,1,1,0,,0.00,0,0,0.0000%,0,0,0,0
"Feb 12, 2026","Feb 26, 2026",Sachets,USD,NM  - SP - STR - 12 Pack - PT - B0DY6K7RQH - Jan 2026,NM  - SP - STR - 12 Pack - PT - B0DY6K7RQH - Jan 2026,Amazon,United States,"asin=""B0DQWLCR5J""",-,creatine packets,34,2,5.8824%,2,3,0,,0.00,0,0,0.0000%,0,0,0,0
"Feb 26, 2026","Feb 26, 2026",Sachets,USD,NM  - SP - STR - 4 Pack - PT - B0DJ3J2CKX - Jan 2026,NM  - SP - STR - 4 Pack - PT - B0DJ3J2CKX - Jan 2026,Amazon,United States,"asin=""B0DQWLCR5J""",-,creatine packets,2,1,50.0000%,1,1,10,7.7387%,12.92,1,1,100.0000%,1,0,10,0
"Feb 07, 2026","Feb 07, 2026",Sachets,USD,NM  - SP - STR - 4 Pack - PT 2 - B0DJ3J2CKX - Jan 2026,NM  - SP - STR - 4 Pack - PT 2 - B0DJ3J2CKX - Jan 2026,Amazon,United States,"asin=""B0CCJZVJYG""",-,creatine packets,10,1,10.0000%,1,1,0,,0.00,0,0,0.0000%,0,0,0,0
"Mar 14, 2026","Mar 14, 2026",No Portfolio,USD,NM - SP - Auto - All Products Test w/o Collagen - March 2026,NM - SP - Auto - All Products Test w/o Collagen - March 2026,Amazon,United States,close-match,-,creatine packets,7,1,14.2857%,2,2,0,,0.00,0,0,0.0000%,0,0,0,0
"Mar 02, 2026","Mar 08, 2026",No Portfolio,USD,NM - SP - Auto - All Products Test w/o Collagen - March 2026,NM - SP - Auto - All Products Test w/o Collagen - March 2026,Amazon,United States,loose-match,-,creatine packets,190,4,2.1053%,2,7,65,11.3426%,8.82,4,4,100.0000%,4,0,65,0
"Mar 13, 2026","Mar 13, 2026",No Portfolio,USD,NM - SP - Auto - All Products Test w/o Collagen - March 2026,NM - SP - Auto - All Products Test w/o Collagen - March 2026,Amazon,United States,close-match,-,creatine packets flavored,4,1,25.0000%,2,2,0,,0.00,0,0,0.0000%,0,0,0,0
"Feb 10, 2026","Feb 10, 2026",Sachets,USD,NM  - SP - STR - 12 Pack - PT - B0DY6K7RQH - Jan 2026,NM  - SP - STR - 12 Pack - PT - B0DY6K7RQH - Jan 2026,Amazon,United States,"asin=""B0DQWLCR5J""",-,creatine packets to go travel,3,1,33.3333%,1,1,0,,0.00,0,0,0.0000%,0,0,0,0
"Mar 04, 2026","Mar 04, 2026",No Portfolio,USD,NM - SP - Auto - All Products Test w/o Collagen - March 2026,NM - SP - Auto - All Products Test w/o Collagen - March 2026,Amazon,United States,loose-match,-,creatine packets to go travel,16,1,6.2500%,1,1,0,,0.00,0,0,0.0000%,0,0,0,0
"Feb 08, 2026","Feb 08, 2026",Sachets,USD,NM  - SP - 12 Pack - Auto - PBP  Audience - MDF - Offense - B0DY6K7RQH - July 2025,NM  - SP - 12 Pack - Auto - PBP  Audience - Offense - B0DY6K7RQH - July 2025,Amazon,United States,loose-match,-,creatine packets to go travel variety,1,1,100.0000%,1,1,0,,0.00,0,0,0.0000%,0,0,0,0
"Feb 28, 2026","Feb 28, 2026",Jars,USD,NM - SP - Auto - HLP  Audience - Multi - Offense - Jars - July 2025,NM - SP - Jars - Auto - HLP  Audience - Multi - Offense - July 2025,Amazon,United States,close-match,-,creatine plus electrolytes,3,1,33.3333%,3,3,0,,0.00,0,0,0.0000%,0,0,0,0
"Feb 28, 2026","Feb 28, 2026",Sachets,USD,NM  - SP - STR - 12 Pack - PT 5 - B0DY6K7RQH - Jan 2026,NM  - SP - STR - 12 Pack - PT 5 - B0DY6K7RQH - Jan 2026,Amazon,United States,"asin=""B0F257BKKB""",-,creatine plus electrolytes,1,1,100.0000%,2,2,40,3.7845%,26.42,1,2,100.0000%,2,0,40,0
"Feb 16, 2026","Feb 16, 2026",Sachets,USD,NM  - SP - STR - 12 Pack - PT - B0DY6K7RQH - Jan 2026,NM  - SP - STR - 12 Pack - PT - B0DY6K7RQH - Jan 2026,Amazon,United States,"asin=""B0DQWLCR5J""",-,creatine pouch,1,1,100.0000%,1,1,15,5.6187%,17.80,1,1,100.0000%,1,0,15,0
"Feb 12, 2026","Feb 12, 2026",Jars,USD,NM - SP - Auto - HLP  Audience - Multi - Offense - Jars - July 2025,NM - SP - Jars - Auto - HLP  Audience - Multi - Offense - July 2025,Amazon,United States,close-match,-,creatine powder,1,1,100.0000%,7,7,0,,0.00,0,0,0.0000%,0,0,0,0
"Mar 03, 2026","Mar 03, 2026",No Portfolio,USD,NM - SP - Phrase - All Products Test w/o Collagen - March 2026,NM - SP - Phrase - All Products Test w/o Collagen - March 2026,Amazon,United States,creatine powder,PHRASE,creatine powder,110,2,1.8182%,3,6,0,,0.00,0,0,0.0000%,0,0,0,0
"Feb 14, 2026","Feb 14, 2026",Jars,USD,NM - SP - Auto - HLP  Audience - Multi - Offense - Jars - July 2025,NM - SP - Jars - Auto - HLP  Audience - Multi - Offense - July 2025,Amazon,United States,close-match,-,creatine powder citrus,1,1,100.0000%,6,6,0,,0.00,0,0,0.0000%,0,0,0,0
"Mar 03, 2026","Mar 03, 2026",No Portfolio,USD,NM - SP - Phrase - All Products Test w/o Collagen - March 2026,NM - SP - Phrase - All Products Test w/o Collagen - March 2026,Amazon,United States,creatine powder,PHRASE,creatine powder flavored packets,45,2,4.4444%,2,5,0,,0.00,0,0,0.0000%,0,0,0,0
"Mar 05, 2026","Mar 05, 2026",No Portfolio,USD,NM - SP - Phrase - All Products Test w/o Collagen - March 2026,NM - SP - Phrase - All Products Test w/o Collagen - March 2026,Amazon,United States,creatine powder,PHRASE,creatine powder for men,13,1,7.6923%,3,3,0,,0.00,0,0,0.0000%,0,0,0,0
"Mar 02, 2026","Mar 02, 2026",No Portfolio,USD,NM - SP - Phrase - All Products Test w/o Collagen - March 2026,NM - SP - Phrase - All Products Test w/o Collagen - March 2026,Amazon,United States,creatine powder,PHRASE,creatine powder for mind,9,2,22.2222%,3,6,0,,0.00,0,0,0.0000%,0,0,0,0
"Mar 04, 2026","Mar 04, 2026",No Portfolio,USD,NM - SP - Phrase - All Products Test w/o Collagen - March 2026,NM - SP - Phrase - All Products Test w/o Collagen - March 2026,Amazon,United States,creatine powder,PHRASE,creatine powder for women,56,1,1.7857%,3,3,0,,0.00,0,0,0.0000%,0,0,0,0
"Mar 04, 2026","Mar 13, 2026",No Portfolio,USD,NM - SP - Phrase - All Products Test w/o Collagen - March 2026,NM - SP - Phrase - All Products Test w/o Collagen - March 2026,Amazon,United States,creatine powder,PHRASE,creatine powder packets,106,4,3.7736%,2,9,0,,0.00,0,0,0.0000%,0,0,0,0
"Feb 28, 2026","Feb 28, 2026",Sachets,USD,NM  - SP - 4 Pack - Phrase 3 - MDF - B0DJ3J2CKX - Sep 2025,NM  - SP - 4 Pack - Phrase 3 - B0DJ3J2CKX - Sep 2025,Amazon,United States,creatine powder packets,PHRASE,creatine powder packets cheap,1,1,100.0000%,1,1,0,,0.00,0,0,0.0000%,0,0,0,0
"Mar 05, 2026","Mar 05, 2026",No Portfolio,USD,NM - SP - Auto - All Products Test w/o Collagen - March 2026,NM - SP - Auto - All Products Test w/o Collagen - March 2026,Amazon,United States,loose-match,-,creatine preworkout for women,3,1,33.3333%,2,2,0,,0.00,0,0,0.0000%,0,0,0,0
"Feb 14, 2026","Feb 14, 2026",Sachets,USD,NM  - SP - STR - 4 Pack - PT 7 - B0DJ3J2CKX - Jan 2026,NM  - SP - STR - 4 Pack - PT 7 - B0DJ3J2CKX - Jan 2026,Amazon,United States,"asin=""B0D6PNQ2T7""",-,creatine preworkout singles,1,1,100.0000%,2,2,0,,0.00,0,0,0.0000%,0,0,0,0
"Mar 15, 2026","Mar 15, 2026",Jars,USD,NM - SP - Auto - HLP  Audience - Multi - Offense - Jars - July 2025,NM - SP - Jars - Auto - HLP  Audience - Multi - Offense - July 2025,Amazon,United States,loose-match,-,creatine protein electrolyte all in one,2,1,50.0000%,3,3,0,,0.00,0,0,0.0000%,0,0,0,0
"Feb 09, 2026","Feb 09, 2026",Sachets,USD,NM  - SP - 4 Pack - Auto - CAC  Audience - Offense - B0DJ3J2CKX - July 2025,NM  - SP - 4 Pack - Auto - CAC  Audience - Offense - B0DJ3J2CKX - July 2025,Amazon,United States,substitutes,-,creatine sample,4,2,50.0000%,1,2,5,38.3838%,2.61,1,1,50.0000%,1,0,5,0
"Feb 03, 2026","Feb 10, 2026",Sachets,USD,NM  - SP - STR - 12 Pack - PT 2 - B0DY6K7RQH - Jan 2026,NM  - SP - STR - 12 Pack - PT 2 - B0DY6K7RQH - Jan 2026,Amazon,United States,"asin=""B0CK94R8TB""",-,creatine sample,7,2,28.5714%,2,4,5,72.1212%,1.39,1,1,50.0000%,0,1,0,5
"Feb 28, 2026","Feb 28, 2026",Sachets,USD,NM  - SP - STR - 4 Pack - PT - B0DJ3J2CKX - Jan 2026,NM  - SP - STR - 4 Pack - PT - B0DJ3J2CKX - Jan 2026,Amazon,United States,"asin=""B0DQWLCR5J""",-,creatine sample,2,1,50.0000%,1,1,0,,0.00,0,0,0.0000%,0,0,0,0
"Feb 03, 2026","Feb 03, 2026",Sachets,USD,NM  - SP - STR - 12 Pack - PT - B0DY6K7RQH - Jan 2026,NM  - SP - STR - 12 Pack - PT - B0DY6K7RQH - Jan 2026,Amazon,United States,"asin=""B0DVWKPJ32""",-,creatine sample pack,3,1,33.3333%,1,1,0,,0.00,0,0,0.0000%,0,0,0,0
"Feb 09, 2026","Feb 09, 2026",Sachets,USD,NM  - SP - 4 Pack - Auto - CAC  Audience - Offense - B0DJ3J2CKX - July 2025,NM  - SP - 4 Pack - Auto - CAC  Audience - Offense - B0DJ3J2CKX - July 2025,Amazon,United States,substitutes,-,creatine sample packs,1,1,100.0000%,1,1,0,,0.00,0,0,0.0000%,0,0,0,0
"Feb 10, 2026","Feb 19, 2026",Sachets,USD,NM  - SP - STR - 12 Pack - PT - B0DY6K7RQH - Jan 2026,NM  - SP - STR - 12 Pack - PT - B0DY6K7RQH - Jan 2026,Amazon,United States,"asin=""B0DVWKPJ32""",-,creatine sample packs,9,3,33.3333%,1,4,0,,0.00,0,0,0.0000%,0,0,0,0
"Feb 16, 2026","Feb 16, 2026",Sachets,USD,NM  - SP - STR - 4 Pack - PT - B0DJ3J2CKX - Jan 2026,NM  - SP - STR - 4 Pack - PT - B0DJ3J2CKX - Jan 2026,Amazon,United States,"asin=""B0DVWKPJ32""",-,creatine sample packs,4,1,25.0000%,1,1,0,,0.00,0,0,0.0000%,0,0,0,0
"Feb 23, 2026","Feb 23, 2026",Sachets,USD,NM  - SP - STR - 4 Pack - PT - B0DJ3J2CKX - Jan 2026,NM  - SP - STR - 4 Pack - PT - B0DJ3J2CKX - Jan 2026,Amazon,United States,"asin=""B0DQWLCR5J""",-,creatine sample packs,1,1,100.0000%,1,1,0,,0.00,0,0,0.0000%,0,0,0,0
"Mar 05, 2026","Mar 05, 2026",No Portfolio,USD,NM - SP - Auto - All Products Test w/o Collagen - March 2026,NM - SP - Auto - All Products Test w/o Collagen - March 2026,Amazon,United States,loose-match,-,creatine stick packs for women,3,1,33.3333%,2,2,0,,0.00,0,0,0.0000%,0,0,0,0
"Mar 04, 2026","Mar 04, 2026",Sachets,USD,NM  - SP - STR - 4 Pack - PT 7 - B0DJ3J2CKX - Jan 2026,NM  - SP - STR - 4 Pack - PT 7 - B0DJ3J2CKX - Jan 2026,Amazon,United States,"asin=""B0D6PNQ2T7""",-,creatine sticks to go,1,1,100.0000%,1,1,0,,0.00,0,0,0.0000%,0,0,0,0
"Mar 04, 2026","Mar 04, 2026",Jars,USD,NM - SP - Auto - HLP  Audience - Multi - Offense - Jars - July 2025,NM - SP - Jars - Auto - HLP  Audience - Multi - Offense - July 2025,Amazon,United States,close-match,-,creatine supplements,1,1,100.0000%,2,2,0,,0.00,0,0,0.0000%,0,0,0,0
"Mar 08, 2026","Mar 08, 2026",Jars,USD,NM - SP - STR - Phrase - Jars - Jan 2026,NM - SP - STR - Phrase - Jars - Jan 2026,Amazon,United States,electrolytes collagen,PHRASE,creatine tart cherry electrolytes collagen,4,1,25.0000%,2,2,0,,0.00,0,0,0.0000%,0,0,0,0
"Feb 03, 2026","Feb 03, 2026",Jars,USD,NM - SP - STR - PT 5 - Jars - Jan 2026,NM - SP - STR - PT 5 - Jars - Jan 2026,Amazon,United States,"asin=""B0DRW9TZJC""",-,creatine taurine,1,1,100.0000%,5,5,0,,0.00,0,0,0.0000%,0,0,0,0
"Feb 28, 2026","Feb 28, 2026",Jars,USD,NM - SP - Auto - HLP  Audience - Multi - Offense - Jars - July 2025,NM - SP - Jars - Auto - HLP  Audience - Multi - Offense - July 2025,Amazon,United States,close-match,-,creatine the electrolyte,1,1,100.0000%,6,6,0,,0.00,0,0,0.0000%,0,0,0,0
"Mar 01, 2026","Mar 01, 2026",Sachets,USD,NM  - SP - STR - 12 Pack - PT - B0DY6K7RQH - Jan 2026,NM  - SP - STR - 12 Pack - PT - B0DY6K7RQH - Jan 2026,Amazon,United States,"asin=""B0DQWLCR5J""",-,creatine travel,1,1,100.0000%,1,1,0,,0.00,0,0,0.0000%,0,0,0,0
"Feb 25, 2026","Feb 26, 2026",Sachets,USD,NM  - SP - STR - 12 Pack - PT - B0DY6K7RQH - Jan 2026,NM  - SP - STR - 12 Pack - PT - B0DY6K7RQH - Jan 2026,Amazon,United States,"asin=""B0DQWLCR5J""",-,creatine travel packs,17,2,11.7647%,1,2,0,,0.00,0,0,0.0000%,0,0,0,0
"Feb 17, 2026","Feb 17, 2026",Sachets,USD,NM  - SP - STR - 4 Pack - PT - B0DJ3J2CKX - Jan 2026,NM  - SP - STR - 4 Pack - PT - B0DJ3J2CKX - Jan 2026,Amazon,United States,"asin=""B0DQWLCR5J""",-,creatine travel packs,4,1,25.0000%,1,1,0,,0.00,0,0,0.0000%,0,0,0,0
"Mar 05, 2026","Mar 05, 2026",No Portfolio,USD,NM - SP - Auto - All Products Test w/o Collagen - March 2026,NM - SP - Auto - All Products Test w/o Collagen - March 2026,Amazon,United States,close-match,-,creatine travel packs,28,1,3.5714%,2,2,0,,0.00,0,0,0.0000%,0,0,0,0
"Mar 02, 2026","Mar 04, 2026",No Portfolio,USD,NM - SP - Auto - All Products Test w/o Collagen - March 2026,NM - SP - Auto - All Products Test w/o Collagen - March 2026,Amazon,United States,loose-match,-,creatine travel packs,230,3,1.3043%,2,6,20,28.2707%,3.54,1,1,33.3333%,1,0,20,0
"Feb 15, 2026","Feb 15, 2026",Sachets,USD,NM  - SP - STR - 12 Pack - PT - B0DY6K7RQH - Jan 2026,NM  - SP - STR - 12 Pack - PT - B0DY6K7RQH - Jan 2026,Amazon,United States,"asin=""B0DQWLCR5J""",-,creatine travel packs women,1,1,100.0000%,1,1,0,,0.00,0,0,0.0000%,0,0,0,0
"Mar 04, 2026","Mar 04, 2026",No Portfolio,USD,NM - SP - Auto - All Products Test w/o Collagen - March 2026,NM - SP - Auto - All Products Test w/o Collagen - March 2026,Amazon,United States,loose-match,-,creatine water packets,10,1,10.0000%,2,2,0,,0.00,0,0,0.0000%,0,0,0,0
"Mar 06, 2026","Mar 06, 2026",No Portfolio,USD,NM - SP - Auto - All Products Test w/o Collagen - March 2026,NM - SP - Auto - All Products Test w/o Collagen - March 2026,Amazon,United States,close-match,-,creatine watermelon salt,1,1,100.0000%,2,2,35,4.6066%,21.71,1,1,100.0000%,1,0,35,0
"Feb 11, 2026","Feb 11, 2026",Jars,USD,NM - SP - Auto - HLP  Audience - Multi - Offense - Jars - July 2025,NM - SP - Jars - Auto - HLP  Audience - Multi - Offense - July 2025,Amazon,United States,loose-match,-,creatine with cane sugar pineapple mango passionfruit￼,1,1,100.0000%,4,4,0,,0.00,0,0,0.0000%,0,0,0,0
"Feb 05, 2026","Feb 05, 2026",Sachets,USD,NM  - SP - 12 Pack - BMM - MDF - Offense - May 2025 - B0DY6K7RQH,NM  - SP - 12 Pack - BMM - Offense - Apr 2025 - B0DY6K7RQH,Amazon,United States,+creatine +and +collagen,BROAD,creatine with collagen,1,1,100.0000%,1,1,0,,0.00,0,0,0.0000%,0,0,0,0
"Mar 16, 2026","Mar 16, 2026",Stick Packs,USD,AUTO TEST MARCH 17 26,STICK PACKS,Amazon,United States,close-match,-,creatine with collagen,14,1,7.1429%,6,6,0,,0.00,0,0,0.0000%,0,0,0,0
"Mar 05, 2026","Mar 05, 2026",Sachets,USD,NM  - SP - 12 Pack - Phrase - MDF - B0DY6K7RQH - Sep 2025,NM  - SP - 12 Pack - Phrase - B0DY6K7RQH - Sep 2025,Amazon,United States,creatine and collagen,PHRASE,creatine with collagen powder,1,1,100.0000%,2,2,0,,0.00,0,0,0.0000%,0,0,0,0
"Feb 09, 2026","Feb 09, 2026",Jars,USD,NM - SP - STR - Phrase - Jars - Jan 2026,NM - SP - STR - Phrase - Jars - Jan 2026,Amazon,United States,creatine and electrolytes,PHRASE,creatine with electrolytes,11,1,9.0909%,2,2,0,,0.00,0,0,0.0000%,0,0,0,0
"Feb 25, 2026","Feb 25, 2026",Sachets,USD,NM  - SP - 4 Pack - Phrase 1 - B0DJ3J2CKX - Sep 2025,NM  - SP - 4 Pack - Phrase 1 - B0DJ3J2CKX - Sep 2025,Amazon,United States,creatine and electrolytes for women,PHRASE,creatine with electrolytes for women,2,1,50.0000%,2,2,0,,0.00,0,0,0.0000%,0,0,0,0
"Feb 02, 2026","Feb 02, 2026",Jars,USD,NM - SP - Auto - HLP  Audience - Multi - Offense - Jars - July 2025,NM - SP - Jars - Auto - HLP  Audience - Multi - Offense - July 2025,Amazon,United States,close-match,-,creatine with electrolytes powder,1,1,100.0000%,7,7,0,,0.00,0,0,0.0000%,0,0,0,0
"Feb 01, 2026","Feb 01, 2026",Jars,USD,NM - SP - STR - Phrase - Jars - Jan 2026,NM - SP - STR - Phrase - Jars - Jan 2026,Amazon,United States,creatine electrolyte powder,PHRASE,creatine with electrolytes powder,2,1,50.0000%,4,4,0,,0.00,0,0,0.0000%,0,0,0,0
"Feb 23, 2026","Feb 23, 2026",Jars,USD,NM - SP - Auto - HLP  Audience - Multi - Offense - Jars - July 2025,NM - SP - Jars - Auto - HLP  Audience - Multi - Offense - July 2025,Amazon,United States,close-match,-,creatine with salt,6,1,16.6667%,6,6,0,,0.00,0,0,0.0000%,0,0,0,0
"Mar 01, 2026","Mar 01, 2026",Jars,USD,NM - SP - Auto - HLP  Audience - Multi - Offense - Jars - July 2025,NM - SP - Jars - Auto - HLP  Audience - Multi - Offense - July 2025,Amazon,United States,close-match,-,creatine with sodium,1,1,100.0000%,6,6,0,,0.00,0,0,0.0000%,0,0,0,0
"Mar 10, 2026","Mar 10, 2026",No Portfolio,USD,NM - SP - Auto - All Products Test w/o Collagen - March 2026,NM - SP - Auto - All Products Test w/o Collagen - March 2026,Amazon,United States,loose-match,-,creatine with/ electrolytes low sodium,5,1,20.0000%,2,2,0,,0.00,0,0,0.0000%,0,0,0,0
"Mar 04, 2026","Mar 04, 2026",No Portfolio,USD,NM - SP - Phrase - All Products Test w/o Collagen - March 2026,NM - SP - Phrase - All Products Test w/o Collagen - March 2026,Amazon,United States,creatine women,PHRASE,creatine women,71,3,4.2254%,3,8,0,,0.00,0,0,0.0000%,0,0,0,0
"Feb 26, 2026","Feb 26, 2026",Jars,USD,NM - SP - STR - Phrase - Jars - Jan 2026,NM - SP - STR - Phrase - Jars - Jan 2026,Amazon,United States,creatine and electrolytes,PHRASE,creatine+electrolytes,2,1,50.0000%,4,4,0,,0.00,0,0,0.0000%,0,0,0,0
"Mar 05, 2026","Mar 05, 2026",Jars,USD,NM - SP - Auto - HLP  Audience - Multi - Offense - Jars - July 2025,NM - SP - Jars - Auto - HLP  Audience - Multi - Offense - July 2025,Amazon,United States,loose-match,-,"creatine, collagen and electrolyte supplement",1,1,100.0000%,4,4,0,,0.00,0,0,0.0000%,0,0,0,0
"Feb 26, 2026","Feb 26, 2026",Sachets,USD,NM  - SP - 12 Pack - Phrase - MDF - B0DY6K7RQH - Sep 2025,NM  - SP - 12 Pack - Phrase - B0DY6K7RQH - Sep 2025,Amazon,United States,creatine and collagen,PHRASE,"creatine, collagen and electrolyte supplement",1,1,100.0000%,3,3,20,15.3383%,6.52,1,1,100.0000%,1,0,20,0
"Feb 06, 2026","Feb 06, 2026",Jars,USD,NM - SP - Citrus Salt - Exact - MDF - Offense - Harvest - Jars - Oct 2024,NM - Jars - Citrus Salt - Exact - Harvest - Oct 2024,Amazon,United States,creatine collagen electrolytes,EXACT,"creatine, collagen and electrolytes",1,1,100.0000%,4,4,0,,0.00,0,0,0.0000%,0,0,0,0
"Mar 13, 2026","Mar 13, 2026",Jars,USD,NM - SP - Auto - HLP  Audience - Multi - Offense - Jars - July 2025,NM - SP - Jars - Auto - HLP  Audience - Multi - Offense - July 2025,Amazon,United States,loose-match,-,"creatine, turmeric and collagen",2,1,50.0000%,5,5,45,10.5673%,9.46,1,1,100.0000%,1,0,45,0
"Mar 04, 2026","Mar 04, 2026",Sachets,USD,NM  - SP - 12 Pack - Phrase - MDF - B0DY6K7RQH - Sep 2025,NM  - SP - 12 Pack - Phrase - B0DY6K7RQH - Sep 2025,Amazon,United States,creatine and collagen,PHRASE,creatine/collagen packets to go travel,2,1,50.0000%,3,3,35,8.0687%,12.39,1,1,100.0000%,0,1,0,35
"Mar 02, 2026","Mar 02, 2026",No Portfolio,USD,NM - SP - Auto - All Products Test w/o Collagen - March 2026,NM - SP - Auto - All Products Test w/o Collagen - March 2026,Amazon,United States,loose-match,-,crush tonic,1,1,100.0000%,2,2,0,,0.00,0,0,0.0000%,0,0,0,0
"Mar 08, 2026","Mar 08, 2026",No Portfolio,USD,NM - SP - Phrase - All Products Test w/o Collagen - March 2026,NM - SP - Phrase - All Products Test w/o Collagen - March 2026,Amazon,United States,electrolyte drink mix,PHRASE,cure hydrating electrolyte drink mix pouches,4,1,25.0000%,4,4,0,,0.00,0,0,0.0000%,0,0,0,0
"Feb 16, 2026","Feb 16, 2026",Sachets,USD,NM  - SP - GPT - 12 Pack - Phrase - B0DY6K7RQH - Jan 2026,NM  - SP - GPT - 12 Pack - Phrase - B0DY6K7RQH - Jan 2026,Amazon,United States,hydration packets,PHRASE,cure hydration packets variety pack,1,1,100.0000%,1,1,0,,0.00,0,0,0.0000%,0,0,0,0
"Feb 25, 2026","Feb 25, 2026",Jars,USD,NM - SP - Auto - HLP  Audience - Multi - Offense - Jars - July 2025,NM - SP - Jars - Auto - HLP  Audience - Multi - Offense - July 2025,Amazon,United States,loose-match,-,daily hydration and joint care over 40,1,1,100.0000%,4,4,0,,0.00,0,0,0.0000%,0,0,0,0
"Feb 02, 2026","Feb 02, 2026",Jars,USD,NM - SP - Auto - CAC  Audience - Multi - Offense - Jars - July 2025,NM - SP - Jars - Auto - CAC  Audience - Multi - Offense - July 2025,Amazon,United States,loose-match,-,daily hydration electrolytes with collagen,1,1,100.0000%,5,5,0,,0.00,0,0,0.0000%,0,0,0,0
"Mar 11, 2026","Mar 11, 2026",Jars,USD,NM - SP - Auto - HLP  Audience - Multi - Offense - Jars - July 2025,NM - SP - Jars - Auto - HLP  Audience - Multi - Offense - July 2025,Amazon,United States,loose-match,-,dehydration and collagen,1,1,100.0000%,3,3,0,,0.00,0,0,0.0000%,0,0,0,0
"Feb 11, 2026","Feb 11, 2026",Sachets,USD,NM  - SP - 4 Pack - Auto - CAC  Audience - Offense - B0DJ3J2CKX - July 2025,NM  - SP - 4 Pack - Auto - CAC  Audience - Offense - B0DJ3J2CKX - July 2025,Amazon,United States,substitutes,-,dehydration relief,1,1,100.0000%,1,1,0,,0.00,0,0,0.0000%,0,0,0,0
"Mar 17, 2026","Mar 17, 2026",Jars,USD,NM - SP - Auto - HLP  Audience - Multi - Offense - Jars - July 2025,NM - SP - Jars - Auto - HLP  Audience - Multi - Offense - July 2025,Amazon,United States,loose-match,-,dr livingood store rehydrate,1,1,100.0000%,5,5,0,,0.00,0,0,0.0000%,0,0,0,0
"Feb 15, 2026","Feb 15, 2026",Jars,USD,NM - SP - Auto - PBP  Audience - Multi - Offense - Jars - July 2025,NM - SP - Jars - Auto - PBP  Audience - Multi - Offense - July 2025,Amazon,United States,loose-match,-,drink flavor salts,1,1,100.0000%,3,3,0,,0.00,0,0,0.0000%,0,0,0,0
"Feb 11, 2026","Mar 12, 2026",Multi,USD,NM - SP - MMT - Branded - MDF - Multi - Jars,NM - SP - Jars - MMT - Branded - Up Down,Amazon,United States,+harlo,BROAD,drink harlo,23,3,13.0435%,1,3,76,4.2036%,23.79,2,2,66.6667%,0,2,0,76
"Feb 26, 2026","Feb 26, 2026",Sachets,USD,NM  - SP - 12 Pack - MMT - MDF - Branded - May 2025 - B0DY6K7RQH,NM  - SP - 12 Pack - MMT - Branded - Apr 2025 - B0DY6K7RQH,Amazon,United States,+harlo,BROAD,drink harlo,5,1,20.0000%,0,0,0,,0.00,0,0,0.0000%,0,0,0,0
"Mar 06, 2026","Mar 06, 2026",No Portfolio,USD,MN - SP - Phrase - Branded - Test w/o Collagen - March 2026,MN - SP - Phrase - Branded - Test w/o Collagen - March 2026,Amazon,United States,harlo,PHRASE,drink harlo,6,1,16.6667%,1,1,0,,0.00,0,0,0.0000%,0,0,0,0
"Feb 15, 2026","Mar 17, 2026",Multi,USD,NM - SP - MMT - Branded - MDF - Multi - Jars,NM - SP - Jars - MMT - Branded - Up Down,Amazon,United States,+harlo,BROAD,drink harlo plain electrolyte powder,12,2,16.6667%,0,1,0,,0.00,0,0,0.0000%,0,0,0,0
"Feb 06, 2026","Feb 10, 2026",Sachets,USD,NM  - SP - 4 Pack - Auto - CAC  Audience - Offense - B0DJ3J2CKX - July 2025,NM  - SP - 4 Pack - Auto - CAC  Audience - Offense - B0DJ3J2CKX - July 2025,Amazon,United States,substitutes,-,drink mix,4,2,50.0000%,1,1,0,,0.00,0,0,0.0000%,0,0,0,0
"Mar 14, 2026","Mar 14, 2026",Jars,USD,NM - SP - Auto - HLP  Audience - Multi - Offense - Jars - July 2025,NM - SP - Jars - Auto - HLP  Audience - Multi - Offense - July 2025,Amazon,United States,loose-match,-,drink mix with collagen,2,1,50.0000%,4,4,0,,0.00,0,0,0.0000%,0,0,0,0
"Feb 22, 2026","Feb 22, 2026",Jars,USD,NM - SP - Auto - CAC  Audience - Multi - Offense - Jars - July 2025,NM - SP - Jars - Auto - CAC  Audience - Multi - Offense - July 2025,Amazon,United States,loose-match,-,drip drop powder bulk,1,1,100.0000%,5,5,0,,0.00,0,0,0.0000%,0,0,0,0
"Feb 24, 2026","Feb 24, 2026",Sachets,USD,NM  - SP - STR - 4 Pack - PT 5 - B0DJ3J2CKX - Jan 2026,NM  - SP - STR - 4 Pack - PT 5 - B0DJ3J2CKX - Jan 2026,Amazon,United States,"asin=""B0DVXMWYBC""",-,dry scoop creatine,1,1,100.0000%,2,2,0,,0.00,0,0,0.0000%,0,0,0,0
"Feb 28, 2026","Feb 28, 2026",Jars,USD,NM - SP - Auto - HLP  Audience - Multi - Offense - Jars - July 2025,NM - SP - Jars - Auto - HLP  Audience - Multi - Offense - July 2025,Amazon,United States,loose-match,-,drywater hydration powder,3,1,33.3333%,2,2,0,,0.00,0,0,0.0000%,0,0,0,0
"Mar 05, 2026","Mar 05, 2026",No Portfolio,USD,NM - SP - Phrase - All Products Test w/o Collagen - March 2026,NM - SP - Phrase - All Products Test w/o Collagen - March 2026,Amazon,United States,creatine powder,PHRASE,ebt eligible creatine powder with whey protein,6,1,16.6667%,3,3,0,,0.00,0,0,0.0000%,0,0,0,0
"Mar 08, 2026","Mar 08, 2026",No Portfolio,USD,NM - SP - Auto - All Products Test w/o Collagen - March 2026,NM - SP - Auto - All Products Test w/o Collagen - March 2026,Amazon,United States,loose-match,-,electrolicos are salts,3,1,33.3333%,2,2,0,,0.00,0,0,0.0000%,0,0,0,0
"Feb 13, 2026","Feb 13, 2026",Jars,USD,NM - SP - Auto - PBP  Audience - Multi - Offense - Jars - July 2025,NM - SP - Jars - Auto - PBP  Audience - Multi - Offense - July 2025,Amazon,United States,loose-match,-,electrolight 7 elen brand,2,1,50.0000%,3,3,0,,0.00,0,0,0.0000%,0,0,0,0
"Mar 07, 2026","Mar 07, 2026",No Portfolio,USD,NM - SP - Auto - All Products Test w/o Collagen - March 2026,NM - SP - Auto - All Products Test w/o Collagen - March 2026,Amazon,United States,loose-match,-,electrolight and creatine,4,1,25.0000%,2,2,0,,0.00,0,0,0.0000%,0,0,0,0
"Feb 24, 2026","Feb 24, 2026",Jars,USD,NM - SP - Auto - HLP  Audience - Multi - Offense - Jars - July 2025,NM - SP - Jars - Auto - HLP  Audience - Multi - Offense - July 2025,Amazon,United States,loose-match,-,electrolight powder packets with creatine,1,1,100.0000%,2,2,0,,0.00,0,0,0.0000%,0,0,0,0
"Feb 18, 2026","Feb 18, 2026",Jars,USD,NM - SP - Auto - HLP  Audience - Multi - Offense - Jars - July 2025,NM - SP - Jars - Auto - HLP  Audience - Multi - Offense - July 2025,Amazon,United States,loose-match,-,electrolight with collagen and energy powder packets,2,1,50.0000%,4,4,0,,0.00,0,0,0.0000%,0,0,0,0
"Feb 23, 2026","Feb 23, 2026",Jars,USD,NM - SP - Auto - HLP  Audience - Multi - Offense - Jars - July 2025,NM - SP - Jars - Auto - HLP  Audience - Multi - Offense - July 2025,Amazon,United States,close-match,-,electrolit,4,1,25.0000%,6,6,0,,0.00,0,0,0.0000%,0,0,0,0
"Mar 15, 2026","Mar 15, 2026",Jars,USD,NM - SP - Auto - HLP  Audience - Multi - Offense - Jars - July 2025,NM - SP - Jars - Auto - HLP  Audience - Multi - Offense - July 2025,Amazon,United States,loose-match,-,electrolit for exercising,1,1,100.0000%,5,5,0,,0.00,0,0,0.0000%,0,0,0,0
"Feb 19, 2026","Feb 19, 2026",Jars,USD,NM - SP - Auto - HLP  Audience - Multi - Offense - Jars - July 2025,NM - SP - Jars - Auto - HLP  Audience - Multi - Offense - July 2025,Amazon,United States,loose-match,-,electrolit for mma,1,1,100.0000%,4,4,35,12.1602%,8.22,1,1,100.0000%,1,0,35,0
"Mar 02, 2026","Mar 02, 2026",Jars,USD,NM - SP - Auto - HLP  Audience - Multi - Offense - Jars - July 2025,NM - SP - Jars - Auto - HLP  Audience - Multi - Offense - July 2025,Amazon,United States,loose-match,-,electrolysis,3,1,33.3333%,4,4,0,,0.00,0,0,0.0000%,0,0,0,0
"Feb 21, 2026","Feb 21, 2026",Jars,USD,NM - SP - Auto - HLP  Audience - Multi - Offense - Jars - July 2025,NM - SP - Jars - Auto - HLP  Audience - Multi - Offense - July 2025,Amazon,United States,close-match,-,electrolyte + creatine,1,1,100.0000%,6,6,0,,0.00,0,0,0.0000%,0,0,0,0
"Mar 10, 2026","Mar 10, 2026",No Portfolio,USD,NM - SP - Phrase - All Products Test w/o Collagen - March 2026,NM - SP - Phrase - All Products Test w/o Collagen - March 2026,Amazon,United States,creatine powder,PHRASE,electrolyte + creatine powder,2,1,50.0000%,3,3,0,,0.00,0,0,0.0000%,0,0,0,0
"Mar 18, 2026","Mar 18, 2026",Stick Packs,USD,AUTO TEST MARCH 17 26,STICK PACKS,Amazon,United States,close-match,-,electrolyte and collagen,3,1,33.3333%,4,4,0,,0.00,0,0,0.0000%,0,0,0,0
"Feb 03, 2026","Feb 03, 2026",Sachets,USD,NM  - SP - 4 Pack - Phrase 1 - B0DJ3J2CKX - Sep 2025,NM  - SP - 4 Pack - Phrase 1 - B0DJ3J2CKX - Sep 2025,Amazon,United States,electrolytes with collagen,PHRASE,electrolyte and collagen drink pack,3,2,66.6667%,1,2,0,,0.00,0,0,0.0000%,0,0,0,0
"Feb 26, 2026","Feb 26, 2026",Jars,USD,NM - SP - Auto - HLP  Audience - Multi - Offense - Jars - July 2025,NM - SP - Jars - Auto - HLP  Audience - Multi - Offense - July 2025,Amazon,United States,loose-match,-,electrolyte and collagen mix,2,1,50.0000%,2,2,0,,0.00,0,0,0.0000%,0,0,0,0
"Mar 07, 2026","Mar 12, 2026",Jars,USD,NM - SP - Auto - HLP  Audience - Multi - Offense - Jars - July 2025,NM - SP - Jars - Auto - HLP  Audience - Multi - Offense - July 2025,Amazon,United States,close-match,-,electrolyte and collagen powder,14,2,14.2857%,5,9,0,,0.00,0,0,0.0000%,0,0,0,0
"Mar 03, 2026","Mar 03, 2026",Sachets,USD,NM  - SP - STR - 12 Pack - PT 2 - B0DY6K7RQH - Jan 2026,NM  - SP - STR - 12 Pack - PT 2 - B0DY6K7RQH - Jan 2026,Amazon,United States,"asin=""B0DXFVM72V""",-,electrolyte and collagen powder,2,1,50.0000%,2,2,0,,0.00,0,0,0.0000%,0,0,0,0
"Feb 17, 2026","Feb 17, 2026",Jars,USD,NM - SP - Citrus Salt - Exact - MDF - Offense - Harvest - Jars - Oct 2024,NM - Jars - Citrus Salt - Exact - Harvest - Oct 2024,Amazon,United States,electrolyte creatine,EXACT,electrolyte and creatine,3,1,33.3333%,7,7,0,,0.00,0,0,0.0000%,0,0,0,0
"Feb 11, 2026","Feb 11, 2026",Sachets,USD,NM  - SP - 4 Pack - Phrase 2 - MDF - B0DJ3J2CKX - Sep 2025,NM  - SP - 4 Pack - Phrase 2 - B0DJ3J2CKX - Sep 2025,Amazon,United States,creatine packets to,PHRASE,electrolyte and creatine packets,1,1,100.0000%,2,2,0,,0.00,0,0,0.0000%,0,0,0,0
"Feb 09, 2026","Feb 09, 2026",Jars,USD,NM - SP - Citrus Salt - BMM - Offense - Jars - Aug 2024,NM - Jars - Auto - BMM,Amazon,United States,+electrolytes +creatine +powder,BROAD,electrolyte and creatine powder,1,1,100.0000%,7,7,0,,0.00,0,0,0.0000%,0,0,0,0
"Feb 08, 2026","Feb 08, 2026",Jars,USD,NM - SP - Citrus Salt - BMM - Offense - Jars - Aug 2024,NM - Jars - Auto - BMM,Amazon,United States,+electrolytes +powder +creatine,BROAD,electrolyte and creatine powder,1,1,100.0000%,5,5,33,14.8710%,6.72,1,1,100.0000%,0,1,0,33
"Feb 21, 2026","Feb 23, 2026",Jars,USD,NM - SP - Auto - HLP  Audience - Multi - Offense - Jars - July 2025,NM - SP - Jars - Auto - HLP  Audience - Multi - Offense - July 2025,Amazon,United States,close-match,-,electrolyte and creatine powder,18,3,16.6667%,5,16,0,,0.00,0,0,0.0000%,0,0,0,0
"Feb 15, 2026","Feb 15, 2026",Jars,USD,NM - SP - STR - Exact 3 - Jars - Jan 2026,NM - SP - STR - Exact 3 - Jars - Jan 2026,Amazon,United States,electrolyte and creatine powder,EXACT,electrolyte and creatine powder,3,1,33.3333%,4,4,0,,0.00,0,0,0.0000%,0,0,0,0
"Feb 05, 2026","Feb 05, 2026",Jars,USD,NM - SP - STR - Exact 2 - Jars - Jan 2026,NM - SP - STR - Exact 2 - Jars - Jan 2026,Amazon,United States,electrolyte creatine powder,EXACT,electrolyte and creatine powder,8,1,12.5000%,4,4,0,,0.00,0,0,0.0000%,0,0,0,0
"Mar 09, 2026","Mar 09, 2026",No Portfolio,USD,NM - SP - Phrase - All Products Test w/o Collagen - March 2026,NM - SP - Phrase - All Products Test w/o Collagen - March 2026,Amazon,United States,creatine powder,PHRASE,electrolyte and creatine powder,24,1,4.1667%,3,3,0,,0.00,0,0,0.0000%,0,0,0,0
"Mar 11, 2026","Mar 11, 2026",No Portfolio,USD,NM - SP - Auto - All Products Test w/o Collagen - March 2026,NM - SP - Auto - All Products Test w/o Collagen - March 2026,Amazon,United States,close-match,-,electrolyte and salt,220,1,0.4545%,2,2,0,,0.00,0,0,0.0000%,0,0,0,0
"Feb 18, 2026","Feb 18, 2026",Jars,USD,NM - SP - Auto - CAC  Audience - Multi - Offense - Jars - July 2025,NM - SP - Jars - Auto - CAC  Audience - Multi - Offense - July 2025,Amazon,United States,substitutes,-,electrolyte collagen,3,1,33.3333%,4,4,0,,0.00,0,0,0.0000%,0,0,0,0
"Feb 21, 2026","Feb 21, 2026",Jars,USD,NM - SP - Auto - HLP  Audience - Multi - Offense - Jars - July 2025,NM - SP - Jars - Auto - HLP  Audience - Multi - Offense - July 2025,Amazon,United States,close-match,-,electrolyte collagen,2,1,50.0000%,6,6,0,,0.00,0,0,0.0000%,0,0,0,0
"Feb 18, 2026","Feb 18, 2026",Sachets,USD,NM  - SP - 4 Pack - Phrase 1 - B0DJ3J2CKX - Sep 2025,NM  - SP - 4 Pack - Phrase 1 - B0DJ3J2CKX - Sep 2025,Amazon,United States,electrolytes with collagen,PHRASE,electrolyte collagen,6,1,16.6667%,2,2,0,,0.00,0,0,0.0000%,0,0,0,0
"Mar 01, 2026","Mar 07, 2026",Jars,USD,NM - SP - Auto - HLP  Audience - Multi - Offense - Jars - July 2025,NM - SP - Jars - Auto - HLP  Audience - Multi - Offense - July 2025,Amazon,United States,close-match,-,electrolyte collagen creatine,6,2,33.3333%,5,10,0,,0.00,0,0,0.0000%,0,0,0,0
"Feb 05, 2026","Feb 05, 2026",Sachets,USD,NM  - SP - 4 Pack - Phrase 1 - B0DJ3J2CKX - Sep 2025,NM  - SP - 4 Pack - Phrase 1 - B0DJ3J2CKX - Sep 2025,Amazon,United States,electrolytes with collagen,PHRASE,electrolyte collagen drink,1,1,100.0000%,2,2,0,,0.00,0,0,0.0000%,0,0,0,0
"Feb 05, 2026","Feb 05, 2026",Sachets,USD,NM  - SP - 12 Pack - BMM - MDF - Offense - May 2025 - B0DY6K7RQH,NM  - SP - 12 Pack - BMM - Offense - Apr 2025 - B0DY6K7RQH,Amazon,United States,+collagen +electrolyte,BROAD,electrolyte collagen drink mix,1,1,100.0000%,2,2,0,,0.00,0,0,0.0000%,0,0,0,0
"Mar 05, 2026","Mar 16, 2026",Jars,USD,NM - SP - Auto - HLP  Audience - Multi - Offense - Jars - July 2025,NM - SP - Jars - Auto - HLP  Audience - Multi - Offense - July 2025,Amazon,United States,loose-match,-,electrolyte collagen packets,4,2,50.0000%,4,9,0,,0.00,0,0,0.0000%,0,0,0,0
"Feb 06, 2026","Feb 22, 2026",Sachets,USD,NM  - SP - 4 Pack - Phrase 1 - B0DJ3J2CKX - Sep 2025,NM  - SP - 4 Pack - Phrase 1 - B0DJ3J2CKX - Sep 2025,Amazon,United States,electrolytes with collagen,PHRASE,electrolyte collagen packets,5,2,40.0000%,1,3,0,,0.00,0,0,0.0000%,0,0,0,0
"Feb 09, 2026","Feb 17, 2026",Jars,USD,NM - SP - Auto - HLP  Audience - Multi - Offense - Jars - July 2025,NM - SP - Jars - Auto - HLP  Audience - Multi - Offense - July 2025,Amazon,United States,close-match,-,electrolyte collagen powder,3,2,66.6667%,4,9,66,13.0197%,7.68,2,2,100.0000%,0,2,0,66
"Mar 17, 2026","Mar 17, 2026",Jars,USD,NM - SP - Auto - HLP  Audience - Multi - Offense - Jars - July 2025,NM - SP - Jars - Auto - HLP  Audience - Multi - Offense - July 2025,Amazon,United States,loose-match,-,electrolyte collagen powder for water,2,1,50.0000%,5,5,0,,0.00,0,0,0.0000%,0,0,0,0
"Mar 01, 2026","Mar 01, 2026",Jars,USD,NM - SP - Auto - HLP  Audience - Multi - Offense - Jars - July 2025,NM - SP - Jars - Auto - HLP  Audience - Multi - Offense - July 2025,Amazon,United States,loose-match,-,electrolyte collagen vitamin,1,1,100.0000%,2,2,0,,0.00,0,0,0.0000%,0,0,0,0
"Mar 02, 2026","Mar 13, 2026",No Portfolio,USD,NM - SP - Auto - All Products Test w/o Collagen - March 2026,NM - SP - Auto - All Products Test w/o Collagen - March 2026,Amazon,United States,close-match,-,electrolyte creatine,41,3,7.3171%,2,6,0,,0.00,0,0,0.0000%,0,0,0,0
"Mar 15, 2026","Mar 15, 2026",Jars,USD,NM - SP - Auto - HLP  Audience - Multi - Offense - Jars - July 2025,NM - SP - Jars - Auto - HLP  Audience - Multi - Offense - July 2025,Amazon,United States,close-match,-,electrolyte creatine and collagen powder,3,1,33.3333%,5,5,0,,0.00,0,0,0.0000%,0,0,0,0
"Mar 12, 2026","Mar 12, 2026",Jars,USD,NM - SP - Auto - HLP  Audience - Multi - Offense - Jars - July 2025,NM - SP - Jars - Auto - HLP  Audience - Multi - Offense - July 2025,Amazon,United States,loose-match,-,electrolyte creatine collagen gummies,1,1,100.0000%,5,5,45,11.6129%,8.61,1,1,100.0000%,0,1,0,45
"Feb 28, 2026","Feb 28, 2026",Sachets,USD,NM  - SP - 12 Pack - Phrase - MDF - B0DY6K7RQH - Sep 2025,NM  - SP - 12 Pack - Phrase - B0DY6K7RQH - Sep 2025,Amazon,United States,creatine and collagen,PHRASE,electrolyte creatine collagen powder,5,1,20.0000%,1,1,0,,0.00,0,0,0.0000%,0,0,0,0
"Feb 06, 2026","Feb 07, 2026",Jars,USD,NM - SP - Citrus Salt - Exact - MDF - Offense - Harvest - Jars - Oct 2024,NM - Jars - Citrus Salt - Exact - Harvest - Oct 2024,Amazon,United States,electrolytes and creatine powder,EXACT,electrolyte creatine powder,2,2,100.0000%,8,16,0,,0.00,0,0,0.0000%,0,0,0,0
"Feb 18, 2026","Feb 18, 2026",Jars,USD,NM - SP - Citrus Salt - BMM - Offense - Jars - Aug 2024,NM - Jars - Auto - BMM,Amazon,United States,+electrolytes +creatine +powder,BROAD,electrolyte creatine powder,1,1,100.0000%,3,3,0,,0.00,0,0,0.0000%,0,0,0,0
"Mar 13, 2026","Mar 13, 2026",Jars,USD,NM - SP - Citrus Salt - BMM - Offense - Jars - Aug 2024,NM - Jars - Auto - BMM,Amazon,United States,+electrolytes +powder +creatine,BROAD,electrolyte creatine powder,1,1,100.0000%,4,4,0,,0.00,0,0,0.0000%,0,0,0,0
"Feb 21, 2026","Feb 21, 2026",Jars,USD,NM - SP - Auto - HLP  Audience - Multi - Offense - Jars - July 2025,NM - SP - Jars - Auto - HLP  Audience - Multi - Offense - July 2025,Amazon,United States,close-match,-,electrolyte creatine powder,3,1,33.3333%,6,6,0,,0.00,0,0,0.0000%,0,0,0,0
"Mar 04, 2026","Mar 04, 2026",No Portfolio,USD,NM - SP - Phrase - All Products Test w/o Collagen - March 2026,NM - SP - Phrase - All Products Test w/o Collagen - March 2026,Amazon,United States,creatine powder,PHRASE,electrolyte creatine powder,8,1,12.5000%,2,2,0,,0.00,0,0,0.0000%,0,0,0,0
"Feb 18, 2026","Feb 18, 2026",Jars,USD,NM - SP - Citrus Salt - BMM - Offense - Jars - Aug 2024,NM - Jars - Auto - BMM,Amazon,United States,+electrolytes +powder +creatine,BROAD,electrolyte creatine powder organic,1,1,100.0000%,4,4,0,,0.00,0,0,0.0000%,0,0,0,0
"Feb 16, 2026","Feb 16, 2026",Jars,USD,NM - SP - Citrus Salt - BMM - Offense - Jars - Aug 2024,NM - Jars - Auto - BMM,Amazon,United States,+electrolytes +creatine +powder,BROAD,electrolyte creatine powder packets,2,1,50.0000%,7,7,33,21.8513%,4.58,1,1,100.0000%,1,0,33,0
"Feb 03, 2026","Feb 03, 2026",Jars,USD,NM - SP - Citrus Salt - BMM - Offense - Jars - Aug 2024,NM - Jars - Auto - BMM,Amazon,United States,+electrolytes +powder +creatine,BROAD,electrolyte creatine powder packets,1,1,100.0000%,8,8,0,,0.00,0,0,0.0000%,0,0,0,0
"Mar 04, 2026","Mar 09, 2026",No Portfolio,USD,NM - SP - Phrase - All Products Test w/o Collagen - March 2026,NM - SP - Phrase - All Products Test w/o Collagen - March 2026,Amazon,United States,creatine powder,PHRASE,electrolyte creatine powder packets,8,2,25.0000%,2,5,0,,0.00,0,0,0.0000%,0,0,0,0
"Feb 27, 2026","Feb 27, 2026",Jars,USD,NM - SP - Auto - HLP  Audience - Multi - Offense - Jars - July 2025,NM - SP - Jars - Auto - HLP  Audience - Multi - Offense - July 2025,Amazon,United States,close-match,-,electrolyte creatine powder watermelon,1,1,100.0000%,6,6,0,,0.00,0,0,0.0000%,0,0,0,0
"Feb 15, 2026","Feb 15, 2026",Sachets,USD,NM  - SP - GPT - 12 Pack - Phrase - B0DY6K7RQH - Jan 2026,NM  - SP - GPT - 12 Pack - Phrase - B0DY6K7RQH - Jan 2026,Amazon,United States,electrolyte drink mix,PHRASE,electrolyte drink mix,2,1,50.0000%,1,1,0,,0.00,0,0,0.0000%,0,0,0,0
"Mar 04, 2026","Mar 04, 2026",No Portfolio,USD,NM - SP - Phrase - All Products Test w/o Collagen - March 2026,NM - SP - Phrase - All Products Test w/o Collagen - March 2026,Amazon,United States,electrolyte drink mix,PHRASE,electrolyte drink mix,412,1,0.2427%,4,4,0,,0.00,0,0,0.0000%,0,0,0,0
"Mar 16, 2026","Mar 16, 2026",No Portfolio,USD,NM - SP - Phrase - All Products Test w/o Collagen - March 2026,NM - SP - Phrase - All Products Test w/o Collagen - March 2026,Amazon,United States,electrolyte drink mix,PHRASE,electrolyte drink mix sugar free zero calories,10,1,10.0000%,3,3,0,,0.00,0,0,0.0000%,0,0,0,0
"Mar 02, 2026","Mar 02, 2026",No Portfolio,USD,NM - SP - Phrase - All Products Test w/o Collagen - March 2026,NM - SP - Phrase - All Products Test w/o Collagen - March 2026,Amazon,United States,electrolyte drink mix,PHRASE,electrolyte drink mix tubs,15,1,6.6667%,5,5,0,,0.00,0,0,0.0000%,0,0,0,0
"Mar 03, 2026","Mar 05, 2026",No Portfolio,USD,NM - SP - Phrase - All Products Test w/o Collagen - March 2026,NM - SP - Phrase - All Products Test w/o Collagen - March 2026,Amazon,United States,electrolyte drink mix,PHRASE,electrolyte drink mixes,2355,4,0.1699%,4,18,0,,0.00,0,0,0.0000%,0,0,0,0
"Mar 04, 2026","Mar 04, 2026",No Portfolio,USD,NM - SP - Auto - All Products Test w/o Collagen - March 2026,NM - SP - Auto - All Products Test w/o Collagen - March 2026,Amazon,United States,loose-match,-,electrolyte drops,7,1,14.2857%,2,2,0,,0.00,0,0,0.0000%,0,0,0,0
"Feb 03, 2026","Feb 03, 2026",Sachets,USD,NM  - SP - STR - 4 Pack - PT - B0DJ3J2CKX - Jan 2026,NM  - SP - STR - 4 Pack - PT - B0DJ3J2CKX - Jan 2026,Amazon,United States,"asin=""B01IIGQ5KG""",-,electrolyte focus,2,1,50.0000%,1,1,0,,0.00,0,0,0.0000%,0,0,0,0
"Feb 12, 2026","Feb 12, 2026",Multi,USD,NM - SP - MMT - Branded - MDF - Multi - Jars,NM - SP - Jars - MMT - Branded - Up Down,Amazon,United States,+harlo,BROAD,electrolyte harlo,3,1,33.3333%,0,0,33,1.3657%,73.22,1,1,100.0000%,1,0,33,0
"Mar 02, 2026","Mar 02, 2026",No Portfolio,USD,NM - SP - Phrase - All Products Test w/o Collagen - March 2026,NM - SP - Phrase - All Products Test w/o Collagen - March 2026,Amazon,United States,electrolyte drink mix,PHRASE,electrolyte hydration packets - best electrolytes drink mix - sugar free formula,7,4,57.1429%,5,20,0,,0.00,0,0,0.0000%,0,0,0,0
"Mar 12, 2026","Mar 12, 2026",No Portfolio,USD,NM - SP - Auto - All Products Test w/o Collagen - March 2026,NM - SP - Auto - All Products Test w/o Collagen - March 2026,Amazon,United States,close-match,-,electrolyte hydration powder,16,1,6.2500%,2,2,0,,0.00,0,0,0.0000%,0,0,0,0
"Feb 01, 2026","Feb 15, 2026",Sachets,USD,NM  - SP - GPT - 12 Pack - Exact - B0DY6K7RQH - Jan 2026,NM  - SP - GPT - 12 Pack - Exact - B0DY6K7RQH - Jan 2026,Amazon,United States,electrolyte packets,EXACT,electrolyte packets,7994,55,0.6880%,2,105,35,302.0086%,0.33,3,3,5.4545%,3,0,35,0
"Feb 02, 2026","Feb 15, 2026",Sachets,USD,NM  - SP - GPT - 4 Pack - Exact - B0DJ3J2CKX - Jan 2026,NM  - SP - GPT - 4 Pack - Exact - B0DJ3J2CKX - Jan 2026,Amazon,United States,electrolyte packets,EXACT,electrolyte packets,199,11,5.5276%,1,10,0,,0.00,0,0,0.0000%,0,0,0,0
"Mar 02, 2026","Mar 04, 2026",No Portfolio,USD,NM - SP - Auto - All Products Test w/o Collagen - March 2026,NM - SP - Auto - All Products Test w/o Collagen - March 2026,Amazon,United States,loose-match,-,electrolyte packets,322,2,0.6211%,2,4,0,,0.00,0,0,0.0000%,0,0,0,0
"Feb 17, 2026","Feb 23, 2026",Jars,USD,NM - SP - Auto - HLP  Audience - Multi - Offense - Jars - July 2025,NM - SP - Jars - Auto - HLP  Audience - Multi - Offense - July 2025,Amazon,United States,close-match,-,electrolyte powder,158,6,3.7975%,6,36,35,103.8627%,0.96,1,1,16.6667%,1,0,35,0
"Feb 05, 2026","Feb 05, 2026",Jars,USD,NM - SP - Phrase 3 - MDF - Jars - Sep 2025,NM - SP - Jars - Phrase 3 - Sep 2025,Amazon,United States,electrolytes powder with,PHRASE,electrolyte powder 600mg sodium,1,1,100.0000%,6,6,0,,0.00,0,0,0.0000%,0,0,0,0
"Feb 01, 2026","Feb 01, 2026",Jars,USD,NM - SP - Citrus Salt - BMM - Offense - Jars - Aug 2024,NM - Jars - Auto - BMM,Amazon,United States,+electrolytes +powder +creatine,BROAD,electrolyte powder creatine,1,1,100.0000%,5,5,0,,0.00,0,0,0.0000%,0,0,0,0
"Mar 09, 2026","Mar 09, 2026",Jars,USD,NM - SP - Citrus Salt - BMM - Offense - Jars - Aug 2024,NM - Jars - Auto - BMM,Amazon,United States,+electrolytes +creatine +powder,BROAD,electrolyte powder creatine taurine,1,1,100.0000%,3,3,0,,0.00,0,0,0.0000%,0,0,0,0
"Feb 23, 2026","Feb 23, 2026",Jars,USD,NM - SP - Phrase 3 - MDF - Jars - Sep 2025,NM - SP - Jars - Phrase 3 - Sep 2025,Amazon,United States,electrolytes powder with,PHRASE,electrolyte powder no calcium,1,1,100.0000%,4,4,0,,0.00,0,0,0.0000%,0,0,0,0
"Mar 16, 2026","Mar 16, 2026",Jars,USD,NM - SP - Auto - HLP  Audience - Multi - Offense - Jars - July 2025,NM - SP - Jars - Auto - HLP  Audience - Multi - Offense - July 2025,Amazon,United States,loose-match,-,electrolyte powder no stevia,1,1,100.0000%,5,5,0,,0.00,0,0,0.0000%,0,0,0,0
"Feb 26, 2026","Feb 26, 2026",Jars,USD,NM - SP - Auto - HLP  Audience - Multi - Offense - Jars - July 2025,NM - SP - Jars - Auto - HLP  Audience - Multi - Offense - July 2025,Amazon,United States,close-match,-,electrolyte powder nsf,1,1,100.0000%,7,7,0,,0.00,0,0,0.0000%,0,0,0,0
"Feb 06, 2026","Feb 06, 2026",Jars,USD,NM - SP - Phrase 3 - MDF - Jars - Sep 2025,NM - SP - Jars - Phrase 3 - Sep 2025,Amazon,United States,electrolytes powder with,PHRASE,electrolyte powder piña colada,1,1,100.0000%,5,5,0,,0.00,0,0,0.0000%,0,0,0,0
"Mar 12, 2026","Mar 12, 2026",Jars,USD,NM - SP - Auto - HLP  Audience - Multi - Offense - Jars - July 2025,NM - SP - Jars - Auto - HLP  Audience - Multi - Offense - July 2025,Amazon,United States,close-match,-,electrolyte powder with collagen,2,1,50.0000%,5,5,0,,0.00,0,0,0.0000%,0,0,0,0
"Feb 09, 2026","Feb 13, 2026",Jars,USD,NM - SP - Citrus Salt - BMM - Offense - Jars - Aug 2024,NM - Jars - Auto - BMM,Amazon,United States,+electrolytes +creatine +powder,BROAD,electrolyte powder with creatine,7,3,42.8571%,7,20,0,,0.00,0,0,0.0000%,0,0,0,0
"Feb 24, 2026","Mar 10, 2026",Jars,USD,NM - SP - Auto - HLP  Audience - Multi - Offense - Jars - July 2025,NM - SP - Jars - Auto - HLP  Audience - Multi - Offense - July 2025,Amazon,United States,close-match,-,electrolyte powder with creatine,38,4,10.5263%,4,16,0,,0.00,0,0,0.0000%,0,0,0,0
"Feb 24, 2026","Feb 24, 2026",Jars,USD,NM - SP - Auto - HLP  Audience - Multi - Offense - Jars - July 2025,NM - SP - Jars - Auto - HLP  Audience - Multi - Offense - July 2025,Amazon,United States,close-match,-,electrolyte powder zero sugar,98,1,1.0204%,3,3,0,,0.00,0,0,0.0000%,0,0,0,0
"Feb 25, 2026","Feb 25, 2026",Jars,USD,NM - SP - Auto - HLP  Audience - Multi - Offense - Jars - July 2025,NM - SP - Jars - Auto - HLP  Audience - Multi - Offense - July 2025,Amazon,United States,close-match,-,electrolyte powder zero sugar high sodium,1,1,100.0000%,6,6,0,,0.00,0,0,0.0000%,0,0,0,0
"Mar 12, 2026","Mar 12, 2026",Jars,USD,NM - SP - Pineapple Salt - BMM - MDF - Collagen KWs - Offense - Jars - Mar 2025,NM - SP - Jars - Pineapple Salt - BMM - Collagen KWs - Mar 2025,Amazon,United States,+collagen +electrolytes,BROAD,electrolyte protein collagen,1,1,100.0000%,2,2,45,4.4716%,22.36,1,1,100.0000%,0,1,0,45
"Mar 11, 2026","Mar 12, 2026",Jars,USD,NM - SP - Auto - HLP  Audience - Multi - Offense - Jars - July 2025,NM - SP - Jars - Auto - HLP  Audience - Multi - Offense - July 2025,Amazon,United States,loose-match,-,electrolyte protein collagen,8,2,25.0000%,3,6,0,,0.00,0,0,0.0000%,0,0,0,0
"Feb 13, 2026","Feb 13, 2026",Jars,USD,NM - SP - Auto - PBP  Audience - Multi - Offense - Jars - July 2025,NM - SP - Jars - Auto - PBP  Audience - Multi - Offense - July 2025,Amazon,United States,loose-match,-,electrolyte sea salt,1,1,100.0000%,3,3,0,,0.00,0,0,0.0000%,0,0,0,0
"Mar 11, 2026","Mar 11, 2026",No Portfolio,USD,NM - SP - Auto - All Products Test w/o Collagen - March 2026,NM - SP - Auto - All Products Test w/o Collagen - March 2026,Amazon,United States,close-match,-,electrolyte sticks,3,1,33.3333%,2,2,0,,0.00,0,0,0.0000%,0,0,0,0
"Mar 03, 2026","Mar 03, 2026",Sachets,USD,NM  - SP - STR - 4 Pack - PT - B0DJ3J2CKX - Jan 2026,NM  - SP - STR - 4 Pack - PT - B0DJ3J2CKX - Jan 2026,Amazon,United States,"asin=""B01IIGQ5KG""",-,electrolyte sugar free,2,1,50.0000%,1,1,0,,0.00,0,0,0.0000%,0,0,0,0
"Mar 02, 2026","Mar 02, 2026",Jars,USD,NM - SP - Auto - HLP  Audience - Multi - Offense - Jars - July 2025,NM - SP - Jars - Auto - HLP  Audience - Multi - Offense - July 2025,Amazon,United States,loose-match,-,electrolyte sugar free with collagen,2,1,50.0000%,4,4,0,,0.00,0,0,0.0000%,0,0,0,0
"Mar 11, 2026","Mar 11, 2026",Jars,USD,NM - SP - Auto - HLP  Audience - Multi - Offense - Jars - July 2025,NM - SP - Jars - Auto - HLP  Audience - Multi - Offense - July 2025,Amazon,United States,loose-match,-,electrolyte supplement,1,1,100.0000%,5,5,0,,0.00,0,0,0.0000%,0,0,0,0
"Mar 07, 2026","Mar 07, 2026",No Portfolio,USD,NM - SP - Phrase - All Products Test w/o Collagen - March 2026,NM - SP - Phrase - All Products Test w/o Collagen - March 2026,Amazon,United States,electrolyte supplement,PHRASE,electrolyte supplement daily women perimenopause,4,1,25.0000%,3,3,0,,0.00,0,0,0.0000%,0,0,0,0
"Mar 09, 2026","Mar 09, 2026",No Portfolio,USD,NM - SP - Phrase - All Products Test w/o Collagen - March 2026,NM - SP - Phrase - All Products Test w/o Collagen - March 2026,Amazon,United States,electrolyte supplement,PHRASE,electrolyte supplement powder stypjacks,3,1,33.3333%,4,4,0,,0.00,0,0,0.0000%,0,0,0,0
"Feb 22, 2026","Feb 22, 2026",Jars,USD,NM - SP - Auto - HLP  Audience - Multi - Offense - Jars - July 2025,NM - SP - Jars - Auto - HLP  Audience - Multi - Offense - July 2025,Amazon,United States,close-match,-,electrolyte supplements,1,1,100.0000%,6,6,0,,0.00,0,0,0.0000%,0,0,0,0
"Mar 06, 2026","Mar 06, 2026",No Portfolio,USD,NM - SP - Phrase - All Products Test w/o Collagen - March 2026,NM - SP - Phrase - All Products Test w/o Collagen - March 2026,Amazon,United States,electrolyte supplement,PHRASE,electrolyte supplements,35,1,2.8571%,3,3,0,,0.00,0,0,0.0000%,0,0,0,0
"Mar 15, 2026","Mar 15, 2026",Jars,USD,NM - SP - Auto - HLP  Audience - Multi - Offense - Jars - July 2025,NM - SP - Jars - Auto - HLP  Audience - Multi - Offense - July 2025,Amazon,United States,loose-match,-,electrolyte ultima and collagen powder,3,1,33.3333%,0,0,45,0.8676%,115.26,1,1,100.0000%,1,0,45,0
"Feb 10, 2026","Feb 22, 2026",Jars,USD,NM - SP - Auto - CAC  Audience - Multi - Offense - Jars - July 2025,NM - SP - Jars - Auto - CAC  Audience - Multi - Offense - July 2025,Amazon,United States,substitutes,-,electrolyte with collagen,3,2,66.6667%,3,7,33,20.6373%,4.85,1,1,50.0000%,0,1,0,33
"Feb 19, 2026","Feb 19, 2026",Jars,USD,NM - SP - Auto - HLP  Audience - Multi - Offense - Jars - July 2025,NM - SP - Jars - Auto - HLP  Audience - Multi - Offense - July 2025,Amazon,United States,close-match,-,electrolyte with collagen,7,1,14.2857%,4,4,0,,0.00,0,0,0.0000%,0,0,0,0
"Feb 16, 2026","Feb 16, 2026",Sachets,USD,NM  - SP - 4 Pack - Phrase 1 - B0DJ3J2CKX - Sep 2025,NM  - SP - 4 Pack - Phrase 1 - B0DJ3J2CKX - Sep 2025,Amazon,United States,electrolytes with collagen,PHRASE,electrolyte with collagen,1,1,100.0000%,2,2,0,,0.00,0,0,0.0000%,0,0,0,0
"Feb 20, 2026","Feb 20, 2026",Jars,USD,NM - SP - Auto - HLP  Audience - Multi - Offense - Jars - July 2025,NM - SP - Jars - Auto - HLP  Audience - Multi - Offense - July 2025,Amazon,United States,close-match,-,electrolyte with collagen and creatine,2,1,50.0000%,3,3,45,7.3192%,13.66,1,1,100.0000%,1,0,45,0
"Mar 16, 2026","Mar 16, 2026",Jars,USD,NM - SP - Auto - HLP  Audience - Multi - Offense - Jars - July 2025,NM - SP - Jars - Auto - HLP  Audience - Multi - Offense - July 2025,Amazon,United States,loose-match,-,electrolyte with collagen packs,3,1,33.3333%,5,5,0,,0.00,0,0,0.0000%,0,0,0,0
"Feb 26, 2026","Feb 26, 2026",Jars,USD,NM - SP - Auto - HLP  Audience - Multi - Offense - Jars - July 2025,NM - SP - Jars - Auto - HLP  Audience - Multi - Offense - July 2025,Amazon,United States,close-match,-,electrolyte with creatine,335,1,0.2985%,3,3,0,,0.00,0,0,0.0000%,0,0,0,0
"Feb 08, 2026","Feb 08, 2026",Sachets,USD,NM  - SP - GPT - 4 Pack - Exact - B0DJ3J2CKX - Jan 2026,NM  - SP - GPT - 4 Pack - Exact - B0DJ3J2CKX - Jan 2026,Amazon,United States,electrolytes with creatine,EXACT,electrolyte with creatine,174,1,0.5747%,4,4,0,,0.00,0,0,0.0000%,0,0,0,0
"Feb 19, 2026","Feb 19, 2026",Jars,USD,NM - SP - Auto - HLP  Audience - Multi - Offense - Jars - July 2025,NM - SP - Jars - Auto - HLP  Audience - Multi - Offense - July 2025,Amazon,United States,close-match,-,electrolyte with protein,1,1,100.0000%,7,7,0,,0.00,0,0,0.0000%,0,0,0,0
"Mar 16, 2026","Mar 16, 2026",Jars,USD,NM - SP - Auto - HLP  Audience - Multi - Offense - Jars - July 2025,NM - SP - Jars - Auto - HLP  Audience - Multi - Offense - July 2025,Amazon,United States,close-match,-,electrolyte with salt,1,1,100.0000%,5,5,0,,0.00,0,0,0.0000%,0,0,0,0
"Feb 05, 2026","Feb 05, 2026",Sachets,USD,NM  - SP - 12 Pack - BMM - MDF - Offense - May 2025 - B0DY6K7RQH,NM  - SP - 12 Pack - BMM - Offense - Apr 2025 - B0DY6K7RQH,Amazon,United States,+collagen +electrolyte,BROAD,electrolyte zero sugar with collagen and appetite control,5,1,20.0000%,2,2,0,,0.00,0,0,0.0000%,0,0,0,0
"Mar 14, 2026","Mar 14, 2026",Jars,USD,NM - SP - Auto - HLP  Audience - Multi - Offense - Jars - July 2025,NM - SP - Jars - Auto - HLP  Audience - Multi - Offense - July 2025,Amazon,United States,loose-match,-,"electrolyte, protein and collagen",5,1,20.0000%,3,3,0,,0.00,0,0,0.0000%,0,0,0,0
"Mar 09, 2026","Mar 09, 2026",No Portfolio,USD,NM - SP - Phrase - All Products Test w/o Collagen - March 2026,NM - SP - Phrase - All Products Test w/o Collagen - March 2026,Amazon,United States,electrolyte drink mix,PHRASE,electrolyte-drink-mix-stick-packs-electrolytes-powder,1,1,100.0000%,4,4,0,,0.00,0,0,0.0000%,0,0,0,0
"Feb 28, 2026","Feb 28, 2026",Sachets,USD,NM  - SP - STR - 12 Pack - PT - B0DY6K7RQH - Jan 2026,NM  - SP - STR - 12 Pack - PT - B0DY6K7RQH - Jan 2026,Amazon,United States,"asin=""B01IIGQ5KG""",-,electrolytes,1,1,100.0000%,1,1,0,,0.00,0,0,0.0000%,0,0,0,0
"Mar 06, 2026","Mar 18, 2026",No Portfolio,USD,NM - SP - Auto - All Products Test w/o Collagen - March 2026,NM - SP - Auto - All Products Test w/o Collagen - March 2026,Amazon,United States,close-match,-,electrolytes,2685,28,1.0428%,2,58,519,11.1227%,8.99,13,14,46.4286%,6,8,220,300
"Mar 19, 2026","Mar 19, 2026",No Portfolio,USD,PERPETUA TEST - Perpetua - SP - Auto - th07fl47,Ad Group 1,Amazon,United States,close-match,-,electrolytes,3,1,33.3333%,1,1,35,2.0887%,47.88,1,1,100.0000%,1,0,35,0
"Mar 15, 2026","Mar 15, 2026",Jars,USD,NM - SP - Auto - HLP  Audience - Multi - Offense - Jars - July 2025,NM - SP - Jars - Auto - HLP  Audience - Multi - Offense - July 2025,Amazon,United States,close-match,-,electrolytes + collagen,2,1,50.0000%,4,4,0,,0.00,0,0,0.0000%,0,0,0,0
"Feb 05, 2026","Feb 05, 2026",Jars,USD,NM - SP - STR - Phrase - Jars - Jan 2026,NM - SP - STR - Phrase - Jars - Jan 2026,Amazon,United States,electrolytes collagen,PHRASE,electrolytes + collagen,2,1,50.0000%,3,3,0,,0.00,0,0,0.0000%,0,0,0,0
"Feb 09, 2026","Feb 09, 2026",Jars,USD,NM - SP - STR - Phrase - Jars - Jan 2026,NM - SP - STR - Phrase - Jars - Jan 2026,Amazon,United States,electrolyte with creatine,PHRASE,electrolytes + creatine,16,1,6.2500%,3,3,0,,0.00,0,0,0.0000%,0,0,0,0
"Mar 11, 2026","Mar 14, 2026",No Portfolio,USD,NM - SP - Auto - All Products Test w/o Collagen - March 2026,NM - SP - Auto - All Products Test w/o Collagen - March 2026,Amazon,United States,loose-match,-,electrolytes + creatine (30 sticks),7,2,28.5714%,1,3,0,,0.00,0,0,0.0000%,0,0,0,0
"Feb 24, 2026","Feb 24, 2026",Jars,USD,NM - SP - Auto - HLP  Audience - Multi - Offense - Jars - July 2025,NM - SP - Jars - Auto - HLP  Audience - Multi - Offense - July 2025,Amazon,United States,close-match,-,electrolytes 1000mg sodium,2,1,50.0000%,3,3,0,,0.00,0,0,0.0000%,0,0,0,0
"Feb 19, 2026","Feb 19, 2026",Jars,USD,NM - SP - Auto - HLP  Audience - Multi - Offense - Jars - July 2025,NM - SP - Jars - Auto - HLP  Audience - Multi - Offense - July 2025,Amazon,United States,close-match,-,electrolytes and aminos,1,1,100.0000%,6,6,0,,0.00,0,0,0.0000%,0,0,0,0
"Feb 04, 2026","Feb 04, 2026",Jars,USD,NM - SP - Auto - HLP  Audience - Multi - Offense - Jars - July 2025,NM - SP - Jars - Auto - HLP  Audience - Multi - Offense - July 2025,Amazon,United States,close-match,-,electrolytes and caffeine,1,1,100.0000%,7,7,0,,0.00,0,0,0.0000%,0,0,0,0
"Feb 25, 2026","Mar 15, 2026",Jars,USD,NM - SP - Auto - HLP  Audience - Multi - Offense - Jars - July 2025,NM - SP - Jars - Auto - HLP  Audience - Multi - Offense - July 2025,Amazon,United States,close-match,-,electrolytes and collagen,50,5,10.0000%,5,27,45,59.1546%,1.69,1,1,20.0000%,1,0,45,0
"Feb 28, 2026","Feb 28, 2026",Sachets,USD,NM  - SP - STR - 12 Pack - PT 2 - B0DY6K7RQH - Jan 2026,NM  - SP - STR - 12 Pack - PT 2 - B0DY6K7RQH - Jan 2026,Amazon,United States,"asin=""B0DXFVM72V""",-,electrolytes and collagen,1,1,100.0000%,2,2,0,,0.00,0,0,0.0000%,0,0,0,0
"Feb 20, 2026","Feb 20, 2026",Jars,USD,NM - SP - Auto - HLP  Audience - Multi - Offense - Jars - July 2025,NM - SP - Jars - Auto - HLP  Audience - Multi - Offense - July 2025,Amazon,United States,loose-match,-,electrolytes and collagen no sugar protein codeage,1,1,100.0000%,0,0,0,,0.00,0,0,0.0000%,0,0,0,0
"Feb 21, 2026","Feb 21, 2026",Sachets,USD,NM  - SP - 4 Pack - Phrase 1 - B0DJ3J2CKX - Sep 2025,NM  - SP - 4 Pack - Phrase 1 - B0DJ3J2CKX - Sep 2025,Amazon,United States,electrolytes with collagen,PHRASE,electrolytes and collagen packets,5,1,20.0000%,2,2,0,,0.00,0,0,0.0000%,0,0,0,0
"Feb 21, 2026","Feb 21, 2026",Sachets,USD,NM  - SP - STR - 12 Pack - PT 2 - B0DY6K7RQH - Jan 2026,NM  - SP - STR - 12 Pack - PT 2 - B0DY6K7RQH - Jan 2026,Amazon,United States,"asin=""B0DXFVM72V""",-,electrolytes and collagen packets,1,1,100.0000%,2,2,20,8.4712%,11.80,1,1,100.0000%,1,0,20,0
"Feb 21, 2026","Mar 08, 2026",Jars,USD,NM - SP - Auto - HLP  Audience - Multi - Offense - Jars - July 2025,NM - SP - Jars - Auto - HLP  Audience - Multi - Offense - July 2025,Amazon,United States,close-match,-,electrolytes and collagen powder,18,3,16.6667%,5,14,45,30.5228%,3.28,1,1,33.3333%,1,0,45,0
"Mar 15, 2026","Mar 15, 2026",Jars,USD,NM - SP - Auto - HLP  Audience - Multi - Offense - Jars - July 2025,NM - SP - Jars - Auto - HLP  Audience - Multi - Offense - July 2025,Amazon,United States,loose-match,-,electrolytes and collagen powder packets,3,1,33.3333%,5,5,0,,0.00,0,0,0.0000%,0,0,0,0
"Mar 17, 2026","Mar 17, 2026",Jars,USD,NM - SP - STR - Phrase - Jars - Jan 2026,NM - SP - STR - Phrase - Jars - Jan 2026,Amazon,United States,electrolytes with collagen,PHRASE,electrolytes and collagen powder packets,2,1,50.0000%,3,3,0,,0.00,0,0,0.0000%,0,0,0,0
"Feb 08, 2026","Mar 17, 2026",Jars,USD,NM - SP - Citrus Salt - Exact - MDF - Offense - Harvest - Jars - Oct 2024,NM - Jars - Citrus Salt - Exact - Harvest - Oct 2024,Amazon,United States,electrolyte creatine,EXACT,electrolytes and creatine,73,11,15.0685%,6,66,78,84.9807%,1.18,2,2,18.1818%,1,1,45,33
"Mar 12, 2026","Mar 12, 2026",Jars,USD,NM - SP - Auto - HLP  Audience - Multi - Offense - Jars - July 2025,NM - SP - Jars - Auto - HLP  Audience - Multi - Offense - July 2025,Amazon,United States,close-match,-,electrolytes and creatine,2,1,50.0000%,6,6,0,,0.00,0,0,0.0000%,0,0,0,0
"Feb 04, 2026","Feb 15, 2026",Sachets,USD,NM  - SP - GPT - 4 Pack - Exact - B0DJ3J2CKX - Jan 2026,NM  - SP - GPT - 4 Pack - Exact - B0DJ3J2CKX - Jan 2026,Amazon,United States,electrolytes with creatine,EXACT,electrolytes and creatine,12,3,25.0000%,3,10,0,,0.00,0,0,0.0000%,0,0,0,0
"Feb 01, 2026","Feb 01, 2026",Jars,USD,NM - SP - STR - PT 5 - Jars - Jan 2026,NM - SP - STR - PT 5 - Jars - Jan 2026,Amazon,United States,"asin=""B0F257BKKB""",-,electrolytes and creatine,1,1,100.0000%,5,5,0,,0.00,0,0,0.0000%,0,0,0,0
"Mar 13, 2026","Mar 13, 2026",No Portfolio,USD,NM - SP - Auto - All Products Test w/o Collagen - March 2026,NM - SP - Auto - All Products Test w/o Collagen - March 2026,Amazon,United States,close-match,-,electrolytes and creatine,11,1,9.0909%,2,2,35,6.6094%,15.13,1,1,100.0000%,1,0,35,0
"Feb 09, 2026","Feb 09, 2026",Jars,USD,NM - SP - Citrus Salt - BMM - Offense - Jars - Aug 2024,NM - Jars - Auto - BMM,Amazon,United States,+creatine +collagen +electrolytes,BROAD,electrolytes and creatine and collagen,1,1,100.0000%,5,5,0,,0.00,0,0,0.0000%,0,0,0,0
"Feb 07, 2026","Feb 07, 2026",Jars,USD,NM - SP - Citrus Salt - Exact - MDF - Offense - Harvest - Jars - Oct 2024,NM - Jars - Citrus Salt - Exact - Harvest - Oct 2024,Amazon,United States,electrolytes and creatine powder,EXACT,electrolytes and creatine powder,3,1,33.3333%,7,7,0,,0.00,0,0,0.0000%,0,0,0,0
"Feb 09, 2026","Feb 09, 2026",Jars,USD,NM - SP - Citrus Salt - BMM - Offense - Jars - Aug 2024,NM - Jars - Auto - BMM,Amazon,United States,+electrolytes +creatine +powder,BROAD,electrolytes and creatine powder,3,2,66.6667%,7,14,0,,0.00,0,0,0.0000%,0,0,0,0
"Feb 22, 2026","Feb 22, 2026",Jars,USD,NM - SP - Auto - CAC  Audience - Multi - Offense - Jars - July 2025,NM - SP - Jars - Auto - CAC  Audience - Multi - Offense - July 2025,Amazon,United States,substitutes,-,electrolytes and creatine powder,3,1,33.3333%,7,7,0,,0.00,0,0,0.0000%,0,0,0,0
"Feb 16, 2026","Feb 24, 2026",Jars,USD,NM - SP - Auto - HLP  Audience - Multi - Offense - Jars - July 2025,NM - SP - Jars - Auto - HLP  Audience - Multi - Offense - July 2025,Amazon,United States,close-match,-,electrolytes and creatine powder,2,2,100.0000%,6,13,33,38.1791%,2.62,1,1,50.0000%,1,0,33,0
"Mar 01, 2026","Mar 01, 2026",Jars,USD,NM - SP - STR - Exact 3 - Jars - Jan 2026,NM - SP - STR - Exact 3 - Jars - Jan 2026,Amazon,United States,electrolyte and creatine powder,EXACT,electrolytes and creatine powder,6,1,16.6667%,3,3,0,,0.00,0,0,0.0000%,0,0,0,0
"Mar 11, 2026","Mar 11, 2026",No Portfolio,USD,NM - SP - Auto - All Products Test w/o Collagen - March 2026,NM - SP - Auto - All Products Test w/o Collagen - March 2026,Amazon,United States,loose-match,-,electrolytes and protein powder,1,1,100.0000%,1,1,0,,0.00,0,0,0.0000%,0,0,0,0
"Feb 16, 2026","Feb 16, 2026",Jars,USD,NM - SP - Auto - HLP  Audience - Multi - Offense - Jars - July 2025,NM - SP - Jars - Auto - HLP  Audience - Multi - Offense - July 2025,Amazon,United States,close-match,-,electrolytes ceramides,1,1,100.0000%,6,6,0,,0.00,0,0,0.0000%,0,0,0,0
"Mar 11, 2026","Mar 11, 2026",No Portfolio,USD,NM - SP - Auto - All Products Test w/o Collagen - March 2026,NM - SP - Auto - All Products Test w/o Collagen - March 2026,Amazon,United States,close-match,-,electrolytes citrus salt,33,1,3.0303%,2,2,0,,0.00,0,0,0.0000%,0,0,0,0
"Feb 20, 2026","Mar 14, 2026",Jars,USD,NM - SP - Auto - HLP  Audience - Multi - Offense - Jars - July 2025,NM - SP - Jars - Auto - HLP  Audience - Multi - Offense - July 2025,Amazon,United States,close-match,-,electrolytes collagen,34,5,14.7059%,5,23,45,51.8576%,1.93,1,1,20.0000%,0,1,0,45
"Feb 12, 2026","Feb 12, 2026",Jars,USD,NM - SP - Auto - PBP  Audience - Multi - Offense - Jars - July 2025,NM - SP - Jars - Auto - PBP  Audience - Multi - Offense - July 2025,Amazon,United States,loose-match,-,electrolytes collagen,1,1,100.0000%,4,4,0,,0.00,0,0,0.0000%,0,0,0,0
"Mar 15, 2026","Mar 15, 2026",Jars,USD,NM - SP - Auto - HLP  Audience - Multi - Offense - Jars - July 2025,NM - SP - Jars - Auto - HLP  Audience - Multi - Offense - July 2025,Amazon,United States,loose-match,-,electrolytes collagen and protein,1,1,100.0000%,0,0,0,,0.00,0,0,0.0000%,0,0,0,0
"Mar 10, 2026","Mar 10, 2026",Jars,USD,NM - SP - Citrus Salt - Exact - MDF - Offense - Harvest - Jars - Oct 2024,NM - Jars - Citrus Salt - Exact - Harvest - Oct 2024,Amazon,United States,electrolytes collagen creatine,EXACT,electrolytes collagen creatine,2,1,50.0000%,2,2,0,,0.00,0,0,0.0000%,0,0,0,0
"Feb 27, 2026","Mar 14, 2026",Jars,USD,NM - SP - Auto - HLP  Audience - Multi - Offense - Jars - July 2025,NM - SP - Jars - Auto - HLP  Audience - Multi - Offense - July 2025,Amazon,United States,close-match,-,electrolytes collagen creatine,18,3,16.6667%,5,15,0,,0.00,0,0,0.0000%,0,0,0,0
"Feb 06, 2026","Feb 06, 2026",Sachets,USD,NM  - SP - 4 Pack - Phrase 1 - B0DJ3J2CKX - Sep 2025,NM  - SP - 4 Pack - Phrase 1 - B0DJ3J2CKX - Sep 2025,Amazon,United States,electrolytes with collagen,PHRASE,electrolytes collagen creatine,13,1,7.6923%,1,1,35,3.2618%,30.66,1,1,100.0000%,0,1,0,35
"Mar 04, 2026","Mar 04, 2026",Sachets,USD,NM  - SP - 4 Pack - Phrase 2 - MDF - B0DJ3J2CKX - Sep 2025,NM  - SP - 4 Pack - Phrase 2 - B0DJ3J2CKX - Sep 2025,Amazon,United States,collagen and creatine,PHRASE,electrolytes collagen creatine,1,1,100.0000%,1,1,0,,0.00,0,0,0.0000%,0,0,0,0
"Feb 04, 2026","Feb 27, 2026",Sachets,USD,NM  - SP - 12 Pack - Phrase - MDF - B0DY6K7RQH - Sep 2025,NM  - SP - 12 Pack - Phrase - B0DY6K7RQH - Sep 2025,Amazon,United States,electrolytes collagen creatine,PHRASE,electrolytes collagen creatine,49,5,10.2041%,2,10,15,68.4950%,1.46,1,1,20.0000%,1,0,15,0
"Feb 02, 2026","Feb 04, 2026",Jars,USD,NM - SP - STR - Phrase - Jars - Jan 2026,NM - SP - STR - Phrase - Jars - Jan 2026,Amazon,United States,electrolytes collagen creatine,PHRASE,electrolytes collagen creatine,47,3,6.3830%,3,9,45,20.0445%,4.99,1,1,33.3333%,1,0,45,0
"Feb 20, 2026","Feb 20, 2026",Sachets,USD,NM  - SP - 4 Pack - Phrase 1 - B0DJ3J2CKX - Sep 2025,NM  - SP - 4 Pack - Phrase 1 - B0DJ3J2CKX - Sep 2025,Amazon,United States,electrolytes with collagen,PHRASE,electrolytes collagen envelopes,1,1,100.0000%,2,2,10,19.5980%,5.10,1,1,100.0000%,1,0,10,0
"Mar 12, 2026","Mar 12, 2026",Jars,USD,NM - SP - Auto - HLP  Audience - Multi - Offense - Jars - July 2025,NM - SP - Jars - Auto - HLP  Audience - Multi - Offense - July 2025,Amazon,United States,loose-match,-,electrolytes collagen powder made with real sugar,2,1,50.0000%,5,5,0,,0.00,0,0,0.0000%,0,0,0,0
"Mar 16, 2026","Mar 16, 2026",Jars,USD,NM - SP - Auto - HLP  Audience - Multi - Offense - Jars - July 2025,NM - SP - Jars - Auto - HLP  Audience - Multi - Offense - July 2025,Amazon,United States,loose-match,-,electrolytes collagen protein powder packets,6,1,16.6667%,4,4,0,,0.00,0,0,0.0000%,0,0,0,0
"Feb 09, 2026","Mar 09, 2026",Jars,USD,NM - SP - Citrus Salt - Exact - MDF - Offense - Harvest - Jars - Oct 2024,NM - Jars - Citrus Salt - Exact - Harvest - Oct 2024,Amazon,United States,electrolyte creatine,EXACT,electrolytes creatine,67,6,8.9552%,6,34,15,228.3612%,0.44,1,1,16.6667%,0,1,0,15
"Feb 05, 2026","Feb 06, 2026",Jars,USD,NM - SP - Auto - HLP  Audience - Multi - Offense - Jars - July 2025,NM - SP - Jars - Auto - HLP  Audience - Multi - Offense - July 2025,Amazon,United States,close-match,-,electrolytes creatine,30,2,6.6667%,7,13,0,,0.00,0,0,0.0000%,0,0,0,0
"Feb 01, 2026","Feb 01, 2026",Jars,USD,NM - SP - STR - Phrase - Jars - Jan 2026,NM - SP - STR - Phrase - Jars - Jan 2026,Amazon,United States,electrolyte with creatine,PHRASE,electrolytes creatine,5,1,20.0000%,3,3,0,,0.00,0,0,0.0000%,0,0,0,0
"Feb 06, 2026","Feb 06, 2026",Sachets,USD,NM  - SP - GPT - 4 Pack - Exact - B0DJ3J2CKX - Jan 2026,NM  - SP - GPT - 4 Pack - Exact - B0DJ3J2CKX - Jan 2026,Amazon,United States,electrolytes with creatine,EXACT,electrolytes creatine,8,1,12.5000%,2,2,33,5.7967%,17.25,1,1,100.0000%,0,1,0,33
"Mar 13, 2026","Mar 13, 2026",Jars,USD,NM - SP - Auto - HLP  Audience - Multi - Offense - Jars - July 2025,NM - SP - Jars - Auto - HLP  Audience - Multi - Offense - July 2025,Amazon,United States,close-match,-,electrolytes creatine collagen,4,1,25.0000%,5,5,45,11.9911%,8.34,1,1,100.0000%,1,0,45,0
"Feb 02, 2026","Feb 05, 2026",Sachets,USD,NM  - SP - 12 Pack - Phrase - MDF - B0DY6K7RQH - Sep 2025,NM  - SP - 12 Pack - Phrase - B0DY6K7RQH - Sep 2025,Amazon,United States,electrolytes creatine collagen,PHRASE,electrolytes creatine collagen,618,2,0.3236%,2,4,0,,0.00,0,0,0.0000%,0,0,0,0
"Feb 03, 2026","Mar 08, 2026",Multi,USD,NM - SP - MMT - Branded - MDF - Multi - Jars,NM - SP - Jars - MMT - Branded - Up Down,Amazon,United States,+harlo,BROAD,electrolytes harlo,6,2,33.3333%,1,3,0,,0.00,0,0,0.0000%,0,0,0,0
"Mar 17, 2026","Mar 17, 2026",No Portfolio,USD,NM - SP - Auto - All Products Test w/o Collagen - March 2026,NM - SP - Auto - All Products Test w/o Collagen - March 2026,Amazon,United States,close-match,-,electrolytes keto high sodium,3,1,33.3333%,3,3,0,,0.00,0,0,0.0000%,0,0,0,0
"Mar 17, 2026","Mar 17, 2026",No Portfolio,USD,NM - SP - Auto - All Products Test w/o Collagen - March 2026,NM - SP - Auto - All Products Test w/o Collagen - March 2026,Amazon,United States,close-match,-,electrolytes lemon lime,99,1,1.0101%,2,2,0,,0.00,0,0,0.0000%,0,0,0,0
"Mar 01, 2026","Mar 01, 2026",Sachets,USD,NM  - SP - STR - 12 Pack - PT - B0DY6K7RQH - Jan 2026,NM  - SP - STR - 12 Pack - PT - B0DY6K7RQH - Jan 2026,Amazon,United States,"asin=""B01IIGQ5KG""",-,electrolytes no sugar,1,1,100.0000%,1,1,0,,0.00,0,0,0.0000%,0,0,0,0
"Feb 01, 2026","Feb 01, 2026",Sachets,USD,NM  - SP - GPT - 12 Pack - Exact - B0DY6K7RQH - Jan 2026,NM  - SP - GPT - 12 Pack - Exact - B0DY6K7RQH - Jan 2026,Amazon,United States,electrolyte packets,EXACT,electrolytes packets,32,1,3.1250%,2,2,0,,0.00,0,0,0.0000%,0,0,0,0
"Feb 01, 2026","Feb 01, 2026",Jars,USD,NM - SP - Auto - CAC  Audience - Multi - Offense - Jars - July 2025,NM - SP - Jars - Auto - CAC  Audience - Multi - Offense - July 2025,Amazon,United States,loose-match,-,electrolytes plus collagen,2,1,50.0000%,2,2,0,,0.00,0,0,0.0000%,0,0,0,0
"Feb 22, 2026","Mar 11, 2026",Jars,USD,NM - SP - Auto - HLP  Audience - Multi - Offense - Jars - July 2025,NM - SP - Jars - Auto - HLP  Audience - Multi - Offense - July 2025,Amazon,United States,loose-match,-,electrolytes plus collagen,18,6,33.3333%,4,21,0,,0.00,0,0,0.0000%,0,0,0,0
"Mar 03, 2026","Mar 03, 2026",Sachets,USD,NM  - SP - STR - 12 Pack - PT 2 - B0DY6K7RQH - Jan 2026,NM  - SP - STR - 12 Pack - PT 2 - B0DY6K7RQH - Jan 2026,Amazon,United States,"asin=""B0DXFVM72V""",-,electrolytes plus collagen,2,1,50.0000%,2,2,65,3.4361%,29.10,2,2,200.0000%,1,1,20,45
"Mar 11, 2026","Mar 11, 2026",Jars,USD,NM - SP - BMM - MDF - Offense - Electrolytes KWs - Jars,NM - SP - Jars - BMM - Electrolytes KWs,Amazon,United States,+electrolytes,BROAD,electrolytes powder,3,1,33.3333%,1,1,0,,0.00,0,0,0.0000%,0,0,0,0
"Feb 20, 2026","Feb 20, 2026",Jars,USD,NM - SP - Auto - CAC  Audience - Multi - Offense - Jars - July 2025,NM - SP - Jars - Auto - CAC  Audience - Multi - Offense - July 2025,Amazon,United States,substitutes,-,electrolytes powder,10,1,10.0000%,2,2,0,,0.00,0,0,0.0000%,0,0,0,0
"Feb 18, 2026","Mar 03, 2026",Jars,USD,NM - SP - Auto - HLP  Audience - Multi - Offense - Jars - July 2025,NM - SP - Jars - Auto - HLP  Audience - Multi - Offense - July 2025,Amazon,United States,close-match,-,electrolytes powder,1954,10,0.5118%,4,38,0,,0.00,0,0,0.0000%,0,0,0,0
"Feb 04, 2026","Feb 07, 2026",Sachets,USD,NM  - SP - STR - 4 Pack - PT - B0DJ3J2CKX - Jan 2026,NM  - SP - STR - 4 Pack - PT - B0DJ3J2CKX - Jan 2026,Amazon,United States,"asin=""B01IIGQ5KG""",-,electrolytes powder,6,2,33.3333%,1,2,0,,0.00,0,0,0.0000%,0,0,0,0
"Mar 10, 2026","Mar 10, 2026",No Portfolio,USD,NM - SP - Auto - All Products Test w/o Collagen - March 2026,NM - SP - Auto - All Products Test w/o Collagen - March 2026,Amazon,United States,close-match,-,electrolytes powder,96,1,1.0417%,2,2,45,5.2280%,19.13,1,1,100.0000%,1,0,45,0
"Feb 01, 2026","Feb 01, 2026",Sachets,USD,NM  - SP - 12 Pack - BMM - MDF - Offense - May 2025 - B0DY6K7RQH,NM  - SP - 12 Pack - BMM - Offense - Apr 2025 - B0DY6K7RQH,Amazon,United States,+collagen +electrolyte,BROAD,electrolytes powder and collagen,1,1,100.0000%,2,2,0,,0.00,0,0,0.0000%,0,0,0,0
"Feb 13, 2026","Feb 13, 2026",Jars,USD,NM - SP - Citrus Salt - BMM - Offense - Jars - Aug 2024,NM - Jars - Auto - BMM,Amazon,United States,+electrolytes +creatine +powder,BROAD,electrolytes powder creatine,3,1,33.3333%,7,7,0,,0.00,0,0,0.0000%,0,0,0,0
"Feb 17, 2026","Feb 17, 2026",Jars,USD,NM - SP - Citrus Salt - BMM - Offense - Jars - Aug 2024,NM - Jars - Auto - BMM,Amazon,United States,+electrolytes +powder +creatine,BROAD,electrolytes powder creatine,1,1,100.0000%,6,6,0,,0.00,0,0,0.0000%,0,0,0,0
"Mar 03, 2026","Mar 03, 2026",Jars,USD,NM - SP - Auto - HLP  Audience - Multi - Offense - Jars - July 2025,NM - SP - Jars - Auto - HLP  Audience - Multi - Offense - July 2025,Amazon,United States,close-match,-,electrolytes powder lemonade,3,1,33.3333%,3,3,45,7.3860%,13.54,1,1,100.0000%,1,0,45,0
"Feb 01, 2026","Feb 13, 2026",Sachets,USD,NM  - SP - GPT - 12 Pack - Exact - B0DY6K7RQH - Jan 2026,NM  - SP - GPT - 12 Pack - Exact - B0DY6K7RQH - Jan 2026,Amazon,United States,electrolyte powder packets,EXACT,electrolytes powder packets,512,17,3.3203%,1,19,0,,0.00,0,0,0.0000%,0,0,0,0
"Feb 01, 2026","Mar 01, 2026",Sachets,USD,NM  - SP - GPT - 4 Pack - Exact - B0DJ3J2CKX - Jan 2026,NM  - SP - GPT - 4 Pack - Exact - B0DJ3J2CKX - Jan 2026,Amazon,United States,electrolyte powder packets,EXACT,electrolytes powder packets,2009,36,1.7919%,1,36,10,360.7071%,0.28,2,2,5.5556%,2,0,10,0
"Mar 03, 2026","Mar 05, 2026",No Portfolio,USD,NM - SP - Auto - All Products Test w/o Collagen - March 2026,NM - SP - Auto - All Products Test w/o Collagen - March 2026,Amazon,United States,loose-match,-,electrolytes powder packets,1592,7,0.4397%,2,12,10,125.2261%,0.80,1,1,14.2857%,1,0,10,0
"Feb 03, 2026","Feb 03, 2026",Jars,USD,NM - SP - Citrus Salt - BMM - Offense - Jars - Aug 2024,NM - Jars - Auto - BMM,Amazon,United States,+electrolytes +powder +creatine,BROAD,electrolytes powder packets creatine,4,1,25.0000%,8,8,0,,0.00,0,0,0.0000%,0,0,0,0
"Feb 08, 2026","Feb 08, 2026",Sachets,USD,NM  - SP - 4 Pack - Auto - CAC  Audience - Offense - B0DJ3J2CKX - July 2025,NM  - SP - 4 Pack - Auto - CAC  Audience - Offense - B0DJ3J2CKX - July 2025,Amazon,United States,substitutes,-,electrolytes powder packets no sugar,1,1,100.0000%,0,0,0,,0.00,0,0,0.0000%,0,0,0,0
"Mar 16, 2026","Mar 16, 2026",Jars,USD,NM - SP - Auto - HLP  Audience - Multi - Offense - Jars - July 2025,NM - SP - Jars - Auto - HLP  Audience - Multi - Offense - July 2025,Amazon,United States,loose-match,-,electrolytes powder packets with collagen,2,1,50.0000%,5,5,0,,0.00,0,0,0.0000%,0,0,0,0
"Mar 04, 2026","Mar 04, 2026",No Portfolio,USD,NM - SP - Auto - All Products Test w/o Collagen - March 2026,NM - SP - Auto - All Products Test w/o Collagen - March 2026,Amazon,United States,close-match,-,electrolytes powder sample,2,1,50.0000%,2,2,0,,0.00,0,0,0.0000%,0,0,0,0
"Feb 14, 2026","Feb 14, 2026",Jars,USD,NM - SP - Auto - HLP  Audience - Multi - Offense - Jars - July 2025,NM - SP - Jars - Auto - HLP  Audience - Multi - Offense - July 2025,Amazon,United States,close-match,-,electrolytes powder watermelon,1,1,100.0000%,5,5,33,14.6586%,6.82,1,1,100.0000%,1,0,33,0
"Feb 06, 2026","Feb 06, 2026",Jars,USD,NM - SP - Phrase 3 - MDF - Jars - Sep 2025,NM - SP - Jars - Phrase 3 - Sep 2025,Amazon,United States,electrolytes powder with,PHRASE,electrolytes powder watermelon,31,1,3.2258%,2,2,0,,0.00,0,0,0.0000%,0,0,0,0
"Feb 12, 2026","Feb 12, 2026",Jars,USD,NM - SP - Phrase 3 - MDF - Jars - Sep 2025,NM - SP - Jars - Phrase 3 - Sep 2025,Amazon,United States,electrolytes powder with,PHRASE,electrolytes powder with caffeine,1,1,100.0000%,5,5,0,,0.00,0,0,0.0000%,0,0,0,0
"Feb 01, 2026","Feb 18, 2026",Jars,USD,NM - SP - Citrus Salt - BMM - Offense - Jars - Aug 2024,NM - Jars - Auto - BMM,Amazon,United States,+electrolytes +powder +creatine,BROAD,electrolytes powder with creatine,7,2,28.5714%,5,10,0,,0.00,0,0,0.0000%,0,0,0,0
"Feb 09, 2026","Feb 09, 2026",Jars,USD,NM - SP - STR - Phrase - Jars - Jan 2026,NM - SP - STR - Phrase - Jars - Jan 2026,Amazon,United States,electrolytes powder with creatine,PHRASE,electrolytes powder with creatine,5,1,20.0000%,3,3,0,,0.00,0,0,0.0000%,0,0,0,0
"Mar 18, 2026","Mar 18, 2026",No Portfolio,USD,NM - SP - Auto - All Products Test w/o Collagen - March 2026,NM - SP - Auto - All Products Test w/o Collagen - March 2026,Amazon,United States,close-match,-,electrolytes powder with creatine,1,1,100.0000%,3,3,0,,0.00,0,0,0.0000%,0,0,0,0
"Mar 13, 2026","Mar 13, 2026",Jars,USD,NM - SP - Auto - HLP  Audience - Multi - Offense - Jars - July 2025,NM - SP - Jars - Auto - HLP  Audience - Multi - Offense - July 2025,Amazon,United States,loose-match,-,electrolytes protein and collagen,1,1,100.0000%,2,2,0,,0.00,0,0,0.0000%,0,0,0,0
"Mar 04, 2026","Mar 04, 2026",No Portfolio,USD,NM - SP - Auto - All Products Test w/o Collagen - March 2026,NM - SP - Auto - All Products Test w/o Collagen - March 2026,Amazon,United States,close-match,-,electrolytes sachet,1745,1,0.0573%,2,2,0,,0.00,0,0,0.0000%,0,0,0,0
"Feb 27, 2026","Feb 27, 2026",Jars,USD,NM - SP - Auto - HLP  Audience - Multi - Offense - Jars - July 2025,NM - SP - Jars - Auto - HLP  Audience - Multi - Offense - July 2025,Amazon,United States,close-match,-,electrolytes salt,98,1,1.0204%,6,6,0,,0.00,0,0,0.0000%,0,0,0,0
"Mar 10, 2026","Mar 10, 2026",No Portfolio,USD,NM - SP - Auto - All Products Test w/o Collagen - March 2026,NM - SP - Auto - All Products Test w/o Collagen - March 2026,Amazon,United States,close-match,-,electrolytes salt,5,1,20.0000%,2,2,0,,0.00,0,0,0.0000%,0,0,0,0
"Mar 17, 2026","Mar 17, 2026",No Portfolio,USD,NM - SP - Auto - All Products Test w/o Collagen - March 2026,NM - SP - Auto - All Products Test w/o Collagen - March 2026,Amazon,United States,close-match,-,electrolytes salt stick,59,1,1.6949%,2,2,0,,0.00,0,0,0.0000%,0,0,0,0
"Mar 05, 2026","Mar 05, 2026",No Portfolio,USD,NM - SP - Phrase - All Products Test w/o Collagen - March 2026,NM - SP - Phrase - All Products Test w/o Collagen - March 2026,Amazon,United States,electrolyte supplement,PHRASE,electrolytes supplement,30,2,6.6667%,3,6,0,,0.00,0,0,0.0000%,0,0,0,0
"Mar 10, 2026","Mar 10, 2026",No Portfolio,USD,NM - SP - Phrase - All Products Test w/o Collagen - March 2026,NM - SP - Phrase - All Products Test w/o Collagen - March 2026,Amazon,United States,electrolyte supplement,PHRASE,electrolytes supplements for women,5,1,20.0000%,4,4,0,,0.00,0,0,0.0000%,0,0,0,0
"Mar 12, 2026","Mar 12, 2026",No Portfolio,USD,NM - SP - Auto - All Products Test w/o Collagen - March 2026,NM - SP - Auto - All Products Test w/o Collagen - March 2026,Amazon,United States,close-match,-,electrolytes tub,19,2,10.5263%,3,5,0,,0.00,0,0,0.0000%,0,0,0,0
"Feb 18, 2026","Feb 20, 2026",Jars,USD,NM - SP - Auto - CAC  Audience - Multi - Offense - Jars - July 2025,NM - SP - Jars - Auto - CAC  Audience - Multi - Offense - July 2025,Amazon,United States,substitutes,-,electrolytes with collagen,23,3,13.0435%,4,11,0,,0.00,0,0,0.0000%,0,0,0,0
"Feb 16, 2026","Mar 15, 2026",Jars,USD,NM - SP - Auto - HLP  Audience - Multi - Offense - Jars - July 2025,NM - SP - Jars - Auto - HLP  Audience - Multi - Offense - July 2025,Amazon,United States,close-match,-,electrolytes with collagen,180,13,7.2222%,5,64,45,142.5584%,0.70,1,1,7.6923%,1,0,45,0
"Feb 02, 2026","Feb 21, 2026",Sachets,USD,NM  - SP - 4 Pack - Phrase 1 - B0DJ3J2CKX - Sep 2025,NM  - SP - 4 Pack - Phrase 1 - B0DJ3J2CKX - Sep 2025,Amazon,United States,electrolytes with collagen,PHRASE,electrolytes with collagen,117,7,5.9829%,1,10,50,19.5792%,5.11,2,2,28.5714%,1,1,5,45
"Feb 01, 2026","Mar 17, 2026",Jars,USD,NM - SP - STR - Phrase - Jars - Jan 2026,NM - SP - STR - Phrase - Jars - Jan 2026,Amazon,United States,electrolytes with collagen,PHRASE,electrolytes with collagen,56,5,8.9286%,2,10,0,,0.00,0,0,0.0000%,0,0,0,0
"Feb 06, 2026","Mar 14, 2026",Jars,USD,NM - SP - STR - Phrase - Jars - Jan 2026,NM - SP - STR - Phrase - Jars - Jan 2026,Amazon,United States,electrolytes collagen,PHRASE,electrolytes with collagen,78,7,8.9744%,2,17,0,,0.00,0,0,0.0000%,0,0,0,0
"Feb 21, 2026","Mar 13, 2026",Sachets,USD,NM  - SP - STR - 12 Pack - PT 2 - B0DY6K7RQH - Jan 2026,NM  - SP - STR - 12 Pack - PT 2 - B0DY6K7RQH - Jan 2026,Amazon,United States,"asin=""B0DXFVM72V""",-,electrolytes with collagen,2,2,100.0000%,2,4,0,,0.00,0,0,0.0000%,0,0,0,0
"Mar 09, 2026","Mar 09, 2026",Jars,USD,NM - SP - Auto - HLP  Audience - Multi - Offense - Jars - July 2025,NM - SP - Jars - Auto - HLP  Audience - Multi - Offense - July 2025,Amazon,United States,loose-match,-,electrolytes with collagen and l glutamine,1,1,100.0000%,4,4,0,,0.00,0,0,0.0000%,0,0,0,0
"Feb 01, 2026","Feb 01, 2026",Sachets,USD,NM  - SP - 4 Pack - Phrase 1 - B0DJ3J2CKX - Sep 2025,NM  - SP - 4 Pack - Phrase 1 - B0DJ3J2CKX - Sep 2025,Amazon,United States,electrolytes with collagen,PHRASE,electrolytes with collagen packets,3,1,33.3333%,1,1,0,,0.00,0,0,0.0000%,0,0,0,0
"Feb 25, 2026","Feb 25, 2026",Jars,USD,NM - SP - Auto - HLP  Audience - Multi - Offense - Jars - July 2025,NM - SP - Jars - Auto - HLP  Audience - Multi - Offense - July 2025,Amazon,United States,close-match,-,electrolytes with collagen powder,3,2,66.6667%,6,12,0,,0.00,0,0,0.0000%,0,0,0,0
"Feb 05, 2026","Feb 05, 2026",Jars,USD,NM - SP - STR - Phrase - Jars - Jan 2026,NM - SP - STR - Phrase - Jars - Jan 2026,Amazon,United States,electrolytes collagen,PHRASE,electrolytes with collagen powder,3,1,33.3333%,3,3,0,,0.00,0,0,0.0000%,0,0,0,0
"Mar 14, 2026","Mar 14, 2026",Jars,USD,NM - SP - Auto - HLP  Audience - Multi - Offense - Jars - July 2025,NM - SP - Jars - Auto - HLP  Audience - Multi - Offense - July 2025,Amazon,United States,close-match,-,electrolytes with collagen protein,8,1,12.5000%,5,5,0,,0.00,0,0,0.0000%,0,0,0,0
"Mar 14, 2026","Mar 17, 2026",Jars,USD,NM - SP - Auto - HLP  Audience - Multi - Offense - Jars - July 2025,NM - SP - Jars - Auto - HLP  Audience - Multi - Offense - July 2025,Amazon,United States,loose-match,-,electrolytes with collagen protein,44,5,11.3636%,4,22,45,49.0100%,2.04,1,1,20.0000%,1,0,45,0
"Mar 17, 2026","Mar 17, 2026",Jars,USD,NM - SP - STR - Exact 2 - Jars - Jan 2026,NM - SP - STR - Exact 2 - Jars - Jan 2026,Amazon,United States,electrolytes collagen protein,EXACT,electrolytes with collagen protein,13,1,7.6923%,4,4,0,,0.00,0,0,0.0000%,0,0,0,0
"Mar 16, 2026","Mar 16, 2026",Jars,USD,NM - SP - Auto - HLP  Audience - Multi - Offense - Jars - July 2025,NM - SP - Jars - Auto - HLP  Audience - Multi - Offense - July 2025,Amazon,United States,loose-match,-,electrolytes with collagen protein halal,1,1,100.0000%,3,3,0,,0.00,0,0,0.0000%,0,0,0,0
"Feb 18, 2026","Feb 18, 2026",Sachets,USD,NM  - SP - 4 Pack - Phrase 1 - B0DJ3J2CKX - Sep 2025,NM  - SP - 4 Pack - Phrase 1 - B0DJ3J2CKX - Sep 2025,Amazon,United States,electrolytes with collagen,PHRASE,electrolytes with collagen sugar free,1,1,100.0000%,1,1,0,,0.00,0,0,0.0000%,0,0,0,0
"Feb 12, 2026","Mar 10, 2026",Jars,USD,NM - SP - Citrus Salt - Exact - MDF - Offense - Harvest - Jars - Oct 2024,NM - Jars - Citrus Salt - Exact - Harvest - Oct 2024,Amazon,United States,electrolyte creatine,EXACT,electrolytes with creatine,113,10,8.8496%,7,70,33,211.1988%,0.47,1,1,10.0000%,1,0,33,0
"Feb 16, 2026","Feb 16, 2026",Jars,USD,NM - SP - Auto - HLP  Audience - Multi - Offense - Jars - July 2025,NM - SP - Jars - Auto - HLP  Audience - Multi - Offense - July 2025,Amazon,United States,close-match,-,electrolytes with creatine,19,1,5.2632%,6,6,0,,0.00,0,0,0.0000%,0,0,0,0
"Feb 03, 2026","Feb 03, 2026",Sachets,USD,NM  - SP - GPT - 12 Pack - Exact - B0DY6K7RQH - Jan 2026,NM  - SP - GPT - 12 Pack - Exact - B0DY6K7RQH - Jan 2026,Amazon,United States,electrolytes with creatine,EXACT,electrolytes with creatine,24,1,4.1667%,2,2,0,,0.00,0,0,0.0000%,0,0,0,0
"Feb 01, 2026","Feb 18, 2026",Sachets,USD,NM  - SP - GPT - 4 Pack - Exact - B0DJ3J2CKX - Jan 2026,NM  - SP - GPT - 4 Pack - Exact - B0DJ3J2CKX - Jan 2026,Amazon,United States,electrolytes with creatine,EXACT,electrolytes with creatine,1074,11,1.0242%,2,24,15,164.3624%,0.61,2,2,18.1818%,1,1,5,10
"Mar 05, 2026","Mar 17, 2026",No Portfolio,USD,NM - SP - Auto - All Products Test w/o Collagen - March 2026,NM - SP - Auto - All Products Test w/o Collagen - March 2026,Amazon,United States,close-match,-,electrolytes with creatine,78,3,3.8462%,2,6,0,,0.00,0,0,0.0000%,0,0,0,0
"Feb 23, 2026","Feb 23, 2026",Jars,USD,NM - SP - Auto - HLP  Audience - Multi - Offense - Jars - July 2025,NM - SP - Jars - Auto - HLP  Audience - Multi - Offense - July 2025,Amazon,United States,close-match,-,electrolytes with hyaluronic acid,2,1,50.0000%,5,5,0,,0.00,0,0,0.0000%,0,0,0,0
"Feb 19, 2026","Feb 19, 2026",Jars,USD,NM - SP - Auto - PBP  Audience - Multi - Offense - Jars - July 2025,NM - SP - Jars - Auto - PBP  Audience - Multi - Offense - July 2025,Amazon,United States,loose-match,-,electrolytes with marine collagen,1,1,100.0000%,2,2,0,,0.00,0,0,0.0000%,0,0,0,0
"Mar 16, 2026","Mar 16, 2026",Jars,USD,NM - SP - Auto - HLP  Audience - Multi - Offense - Jars - July 2025,NM - SP - Jars - Auto - HLP  Audience - Multi - Offense - July 2025,Amazon,United States,loose-match,-,electrolytes with methylated b12,1,1,100.0000%,5,5,0,,0.00,0,0,0.0000%,0,0,0,0
"Feb 22, 2026","Feb 22, 2026",Jars,USD,NM - SP - Auto - HLP  Audience - Multi - Offense - Jars - July 2025,NM - SP - Jars - Auto - HLP  Audience - Multi - Offense - July 2025,Amazon,United States,close-match,-,electrolytes with protein,1,1,100.0000%,6,6,0,,0.00,0,0,0.0000%,0,0,0,0
"Mar 15, 2026","Mar 15, 2026",Jars,USD,NM - SP - Auto - HLP  Audience - Multi - Offense - Jars - July 2025,NM - SP - Jars - Auto - HLP  Audience - Multi - Offense - July 2025,Amazon,United States,loose-match,-,electrolytes with protein collagen fiber,1,1,100.0000%,5,5,0,,0.00,0,0,0.0000%,0,0,0,0
"Mar 15, 2026","Mar 15, 2026",Jars,USD,NM - SP - Auto - HLP  Audience - Multi - Offense - Jars - July 2025,NM - SP - Jars - Auto - HLP  Audience - Multi - Offense - July 2025,Amazon,United States,loose-match,-,electrolytes with protein fiber collagen,2,1,50.0000%,5,5,0,,0.00,0,0,0.0000%,0,0,0,0
"Mar 09, 2026","Mar 10, 2026",No Portfolio,USD,NM - SP - Auto - All Products Test w/o Collagen - March 2026,NM - SP - Auto - All Products Test w/o Collagen - March 2026,Amazon,United States,close-match,-,electrolytes with salt,1410,18,1.2766%,2,33,0,,0.00,0,0,0.0000%,0,0,0,0
"Feb 19, 2026","Feb 19, 2026",Jars,USD,NM - SP - Auto - HLP  Audience - Multi - Offense - Jars - July 2025,NM - SP - Jars - Auto - HLP  Audience - Multi - Offense - July 2025,Amazon,United States,close-match,-,electrolytes with sodium in. them,7,1,14.2857%,6,6,0,,0.00,0,0,0.0000%,0,0,0,0
"Mar 03, 2026","Mar 03, 2026",Jars,USD,NM - SP - Auto - HLP  Audience - Multi - Offense - Jars - July 2025,NM - SP - Jars - Auto - HLP  Audience - Multi - Offense - July 2025,Amazon,United States,close-match,-,electrolytes zero sugar,13,2,15.3846%,3,7,0,,0.00,0,0,0.0000%,0,0,0,0
"Mar 17, 2026","Mar 17, 2026",No Portfolio,USD,NM - SP - Auto - All Products Test w/o Collagen - March 2026,NM - SP - Auto - All Products Test w/o Collagen - March 2026,Amazon,United States,close-match,-,electrolytes zero sugar,87,1,1.1494%,3,3,0,,0.00,0,0,0.0000%,0,0,0,0
"Feb 15, 2026","Mar 09, 2026",Jars,USD,NM - SP - Citrus Salt - Exact - MDF - Offense - Harvest - Jars - Oct 2024,NM - Jars - Citrus Salt - Exact - Harvest - Oct 2024,Amazon,United States,electrolytes collagen creatine,EXACT,"electrolytes, collagen and creatine",2,2,100.0000%,4,9,0,,0.00,0,0,0.0000%,0,0,0,0
"Feb 20, 2026","Feb 20, 2026",Sachets,USD,NM  - SP - 12 Pack - Phrase - MDF - B0DY6K7RQH - Sep 2025,NM  - SP - 12 Pack - Phrase - B0DY6K7RQH - Sep 2025,Amazon,United States,electrolytes collagen creatine,PHRASE,"electrolytes, collagen and creatine",1,1,100.0000%,2,2,0,,0.00,0,0,0.0000%,0,0,0,0
"Mar 16, 2026","Mar 16, 2026",Jars,USD,NM - SP - Auto - HLP  Audience - Multi - Offense - Jars - July 2025,NM - SP - Jars - Auto - HLP  Audience - Multi - Offense - July 2025,Amazon,United States,loose-match,-,"electrolytes, collagen protein",4,1,25.0000%,3,3,0,,0.00,0,0,0.0000%,0,0,0,0
"Mar 03, 2026","Mar 03, 2026",Sachets,USD,NM - SP - STR - PT - Jars - Jan 2026,NM - SP - STR - PT - Jars - Jan 2026,Amazon,United States,"asin=""B01IIGQ5KG""",-,elmt electrolytes,2,1,50.0000%,2,2,45,4.5161%,22.14,1,1,100.0000%,1,0,45,0
"Feb 09, 2026","Feb 09, 2026",Jars,USD,NM - SP - Auto - HLP  Audience - Multi - Offense - Jars - July 2025,NM - SP - Jars - Auto - HLP  Audience - Multi - Offense - July 2025,Amazon,United States,loose-match,-,enduce metabolism drinks salts,1,1,100.0000%,4,4,33,13.4750%,7.42,1,1,100.0000%,0,1,0,33
"Mar 04, 2026","Mar 04, 2026",No Portfolio,USD,NM - SP - Auto - All Products Test w/o Collagen - March 2026,NM - SP - Auto - All Products Test w/o Collagen - March 2026,Amazon,United States,loose-match,-,energy drink packets,30,1,3.3333%,2,2,0,,0.00,0,0,0.0000%,0,0,0,0
"Mar 02, 2026","Mar 15, 2026",No Portfolio,USD,NM - SP - Phrase - All Products Test w/o Collagen - March 2026,NM - SP - Phrase - All Products Test w/o Collagen - March 2026,Amazon,United States,energy drink powder,PHRASE,energy drink powder,3758,15,0.3991%,4,55,0,,0.00,0,0,0.0000%,0,0,0,0
"Mar 04, 2026","Mar 04, 2026",No Portfolio,USD,NM - SP - Phrase - All Products Test w/o Collagen - March 2026,NM - SP - Phrase - All Products Test w/o Collagen - March 2026,Amazon,United States,energy drink powder,PHRASE,energy drink powder packets,197,1,0.5076%,3,3,0,,0.00,0,0,0.0000%,0,0,0,0
"Mar 15, 2026","Mar 15, 2026",No Portfolio,USD,NM - SP - Phrase - All Products Test w/o Collagen - March 2026,NM - SP - Phrase - All Products Test w/o Collagen - March 2026,Amazon,United States,energy drink powder,PHRASE,energy drink powder sugar free,1,1,100.0000%,2,2,0,,0.00,0,0,0.0000%,0,0,0,0
"Mar 12, 2026","Mar 12, 2026",No Portfolio,USD,NM - SP - Phrase - All Products Test w/o Collagen - March 2026,NM - SP - Phrase - All Products Test w/o Collagen - March 2026,Amazon,United States,energy drink powder,PHRASE,energy drink powders,5,1,20.0000%,3,3,0,,0.00,0,0,0.0000%,0,0,0,0
"Mar 04, 2026","Mar 08, 2026",Jars,USD,NM - SP - Auto - HLP  Audience - Multi - Offense - Jars - July 2025,NM - SP - Jars - Auto - HLP  Audience - Multi - Offense - July 2025,Amazon,United States,loose-match,-,energy drink zero sugar packets collagen,8,2,25.0000%,3,7,0,,0.00,0,0,0.0000%,0,0,0,0
"Mar 17, 2026","Mar 17, 2026",Jars,USD,NM - SP - Auto - HLP  Audience - Multi - Offense - Jars - July 2025,NM - SP - Jars - Auto - HLP  Audience - Multi - Offense - July 2025,Amazon,United States,loose-match,-,energy electrolyte creatine,1,1,100.0000%,4,4,0,,0.00,0,0,0.0000%,0,0,0,0
"Feb 01, 2026","Feb 01, 2026",Sachets,USD,NM  - SP - 4 Pack - Auto - CAC  Audience - Offense - B0DJ3J2CKX - July 2025,NM  - SP - 4 Pack - Auto - CAC  Audience - Offense - B0DJ3J2CKX - July 2025,Amazon,United States,loose-match,-,energy sacha,1,1,100.0000%,0,0,0,,0.00,0,0,0.0000%,0,0,0,0
"Feb 24, 2026","Feb 24, 2026",Jars,USD,NM - SP - Auto - HLP  Audience - Multi - Offense - Jars - July 2025,NM - SP - Jars - Auto - HLP  Audience - Multi - Offense - July 2025,Amazon,United States,loose-match,-,extend bcaa hydration,1,1,100.0000%,4,4,45,9.2770%,10.78,1,1,100.0000%,0,1,0,45
"Mar 12, 2026","Mar 12, 2026",No Portfolio,USD,NM - SP - Auto - All Products Test w/o Collagen - March 2026,NM - SP - Auto - All Products Test w/o Collagen - March 2026,Amazon,United States,loose-match,-,faster gym results,2,1,50.0000%,2,2,0,,0.00,0,0,0.0000%,0,0,0,0
"Mar 05, 2026","Mar 05, 2026",Jars,USD,NM - SP - Auto - HLP  Audience - Multi - Offense - Jars - July 2025,NM - SP - Jars - Auto - HLP  Audience - Multi - Offense - July 2025,Amazon,United States,loose-match,-,fasting elegtos,3,1,33.3333%,2,2,0,,0.00,0,0,0.0000%,0,0,0,0
"Mar 17, 2026","Mar 17, 2026",Jars,USD,NM - SP - Auto - HLP  Audience - Multi - Offense - Jars - July 2025,NM - SP - Jars - Auto - HLP  Audience - Multi - Offense - July 2025,Amazon,United States,loose-match,-,fat burning electrolytes,2,1,50.0000%,5,5,0,,0.00,0,0,0.0000%,0,0,0,0
"Feb 22, 2026","Feb 22, 2026",Jars,USD,NM - SP - Auto - HLP  Audience - Multi - Offense - Jars - July 2025,NM - SP - Jars - Auto - HLP  Audience - Multi - Offense - July 2025,Amazon,United States,loose-match,-,fit and energize and hydrate,1,1,100.0000%,4,4,0,,0.00,0,0,0.0000%,0,0,0,0
"Mar 13, 2026","Mar 13, 2026",No Portfolio,USD,NM - SP - Phrase - All Products Test w/o Collagen - March 2026,NM - SP - Phrase - All Products Test w/o Collagen - March 2026,Amazon,United States,creatine powder,PHRASE,fitaid creatine powder sticks,9,1,11.1111%,2,2,0,,0.00,0,0,0.0000%,0,0,0,0
"Mar 04, 2026","Mar 04, 2026",No Portfolio,USD,NM - SP - Phrase - All Products Test w/o Collagen - March 2026,NM - SP - Phrase - All Products Test w/o Collagen - March 2026,Amazon,United States,electrolyte drink mix,PHRASE,flavcity electrolyte drink mix,192,2,1.0417%,3,6,0,,0.00,0,0,0.0000%,0,0,0,0
"Feb 09, 2026","Feb 09, 2026",Sachets,USD,NM  - SP - 4 Pack - Auto - CAC  Audience - Offense - B0DJ3J2CKX - July 2025,NM  - SP - 4 Pack - Auto - CAC  Audience - Offense - B0DJ3J2CKX - July 2025,Amazon,United States,loose-match,-,flavcity try it kit,1,1,100.0000%,0,0,0,,0.00,0,0,0.0000%,0,0,0,0
"Mar 02, 2026","Mar 02, 2026",No Portfolio,USD,NM - SP - Auto - All Products Test w/o Collagen - March 2026,NM - SP - Auto - All Products Test w/o Collagen - March 2026,Amazon,United States,loose-match,-,flavor water packets,5,1,20.0000%,2,2,0,,0.00,0,0,0.0000%,0,0,0,0
"Feb 17, 2026","Feb 17, 2026",Jars,USD,NM - SP - Auto - HLP  Audience - Multi - Offense - Jars - July 2025,NM - SP - Jars - Auto - HLP  Audience - Multi - Offense - July 2025,Amazon,United States,loose-match,-,flavored 500 mg salt powder,1,1,100.0000%,4,4,0,,0.00,0,0,0.0000%,0,0,0,0
"Feb 28, 2026","Feb 28, 2026",Sachets,USD,NM  - SP - 12 Pack - Phrase - MDF - B0DY6K7RQH - Sep 2025,NM  - SP - 12 Pack - Phrase - B0DY6K7RQH - Sep 2025,Amazon,United States,creatine and collagen,PHRASE,flavored creatine and collagen packets,5,1,20.0000%,1,1,0,,0.00,0,0,0.0000%,0,0,0,0
"Feb 25, 2026","Feb 25, 2026",Sachets,USD,NM  - SP - 4 Pack - Phrase 3 - MDF - B0DJ3J2CKX - Sep 2025,NM  - SP - 4 Pack - Phrase 3 - B0DJ3J2CKX - Sep 2025,Amazon,United States,creatine powder packets,PHRASE,flavored creatine powder packets,1,1,100.0000%,1,1,0,,0.00,0,0,0.0000%,0,0,0,0
"Mar 15, 2026","Mar 15, 2026",Jars,USD,NM - SP - Auto - HLP  Audience - Multi - Offense - Jars - July 2025,NM - SP - Jars - Auto - HLP  Audience - Multi - Offense - July 2025,Amazon,United States,loose-match,-,flavored creatine with real sugar,3,1,33.3333%,4,4,0,,0.00,0,0,0.0000%,0,0,0,0
"Mar 03, 2026","Mar 03, 2026",No Portfolio,USD,NM - SP - Auto - All Products Test w/o Collagen - March 2026,NM - SP - Auto - All Products Test w/o Collagen - March 2026,Amazon,United States,close-match,-,flavored water packs,1,1,100.0000%,2,2,0,,0.00,0,0,0.0000%,0,0,0,0
"Mar 02, 2026","Mar 02, 2026",Jars,USD,NM - SP - Auto - HLP  Audience - Multi - Offense - Jars - July 2025,NM - SP - Jars - Auto - HLP  Audience - Multi - Offense - July 2025,Amazon,United States,loose-match,-,flavored zero sugar powder,1,1,100.0000%,4,4,0,,0.00,0,0,0.0000%,0,0,0,0
"Mar 03, 2026","Mar 04, 2026",No Portfolio,USD,NM - SP - Phrase - All Products Test w/o Collagen - March 2026,NM - SP - Phrase - All Products Test w/o Collagen - March 2026,Amazon,United States,electrolyte drink mix,PHRASE,focus electrolyte drink mix,381,3,0.7874%,4,13,0,,0.00,0,0,0.0000%,0,0,0,0
"Mar 04, 2026","Mar 04, 2026",No Portfolio,USD,NM - SP - Phrase - All Products Test w/o Collagen - March 2026,NM - SP - Phrase - All Products Test w/o Collagen - March 2026,Amazon,United States,energy drink powder,PHRASE,fsa eligible energy drink powder,9,1,11.1111%,3,3,0,,0.00,0,0,0.0000%,0,0,0,0
"Feb 17, 2026","Feb 17, 2026",Jars,USD,NM - SP - Auto - HLP  Audience - Multi - Offense - Jars - July 2025,NM - SP - Jars - Auto - HLP  Audience - Multi - Offense - July 2025,Amazon,United States,close-match,-,fsa eligible hydration,1,1,100.0000%,7,7,0,,0.00,0,0,0.0000%,0,0,0,0
"Mar 04, 2026","Mar 04, 2026",No Portfolio,USD,NM - SP - Auto - All Products Test w/o Collagen - March 2026,NM - SP - Auto - All Products Test w/o Collagen - March 2026,Amazon,United States,loose-match,-,functional water packet,2,1,50.0000%,2,2,0,,0.00,0,0,0.0000%,0,0,0,0
"Feb 17, 2026","Feb 17, 2026",Sachets,USD,NM  - SP - GPT - 12 Pack - Phrase - B0DY6K7RQH - Jan 2026,NM  - SP - GPT - 12 Pack - Phrase - B0DY6K7RQH - Jan 2026,Amazon,United States,hydration packets,PHRASE,gainful hydration packets,1,1,100.0000%,1,1,0,,0.00,0,0,0.0000%,0,0,0,0
"Mar 16, 2026","Mar 16, 2026",Jars,USD,NM - SP - Auto - HLP  Audience - Multi - Offense - Jars - July 2025,NM - SP - Jars - Auto - HLP  Audience - Multi - Offense - July 2025,Amazon,United States,loose-match,-,gatorade alternative powder,1,1,100.0000%,4,4,0,,0.00,0,0,0.0000%,0,0,0,0
"Mar 09, 2026","Mar 09, 2026",Jars,USD,NM - SP - Auto - HLP  Audience - Multi - Offense - Jars - July 2025,NM - SP - Jars - Auto - HLP  Audience - Multi - Offense - July 2025,Amazon,United States,loose-match,-,gatorade lower sugar,3,1,33.3333%,2,2,0,,0.00,0,0,0.0000%,0,0,0,0
"Feb 17, 2026","Feb 17, 2026",Jars,USD,NM - SP - Auto - PBP  Audience - Multi - Offense - Jars - July 2025,NM - SP - Jars - Auto - PBP  Audience - Multi - Offense - July 2025,Amazon,United States,loose-match,-,gatorade powder,1,1,100.0000%,4,4,0,,0.00,0,0,0.0000%,0,0,0,0
"Feb 05, 2026","Feb 05, 2026",Jars,USD,NM - SP - STR - Phrase - Jars - Jan 2026,NM - SP - STR - Phrase - Jars - Jan 2026,Amazon,United States,electrolytes collagen,PHRASE,glp-1 electrolytes with collagen protein,1,1,100.0000%,3,3,0,,0.00,0,0,0.0000%,0,0,0,0
"Feb 07, 2026","Feb 07, 2026",Sachets,USD,NM  - SP - 12 Pack - Auto - PBP  Audience - MDF - Offense - B0DY6K7RQH - July 2025,NM  - SP - 12 Pack - Auto - PBP  Audience - Offense - B0DY6K7RQH - July 2025,Amazon,United States,loose-match,-,gnc creatine monohydrate,1,1,100.0000%,1,1,0,,0.00,0,0,0.0000%,0,0,0,0
"Mar 06, 2026","Mar 06, 2026",No Portfolio,USD,NM - SP - Phrase - All Products Test w/o Collagen - March 2026,NM - SP - Phrase - All Products Test w/o Collagen - March 2026,Amazon,United States,electrolyte drink mix,PHRASE,gohydrate electrolyte drink mix,24,1,4.1667%,4,4,0,,0.00,0,0,0.0000%,0,0,0,0
"Mar 13, 2026","Mar 13, 2026",Jars,USD,NM - SP - Auto - HLP  Audience - Multi - Offense - Jars - July 2025,NM - SP - Jars - Auto - HLP  Audience - Multi - Offense - July 2025,Amazon,United States,close-match,-,gym,39,1,2.5641%,5,5,0,,0.00,0,0,0.0000%,0,0,0,0
"Mar 12, 2026","Mar 14, 2026",Jars,USD,NM - SP - Auto - HLP  Audience - Multi - Offense - Jars - July 2025,NM - SP - Jars - Auto - HLP  Audience - Multi - Offense - July 2025,Amazon,United States,close-match,-,gym accessories,43,2,4.6512%,6,11,0,,0.00,0,0,0.0000%,0,0,0,0
"Feb 17, 2026","Feb 22, 2026",Jars,USD,NM - SP - Auto - CAC  Audience - Multi - Offense - Jars - July 2025,NM - SP - Jars - Auto - CAC  Audience - Multi - Offense - July 2025,Amazon,United States,substitutes,-,gym accessories for women,40,3,7.5000%,2,6,0,,0.00,0,0,0.0000%,0,0,0,0
"Feb 26, 2026","Feb 26, 2026",Jars,USD,NM - SP - Auto - HLP  Audience - Multi - Offense - Jars - July 2025,NM - SP - Jars - Auto - HLP  Audience - Multi - Offense - July 2025,Amazon,United States,close-match,-,gym accessories for women,44,1,2.2727%,3,3,0,,0.00,0,0,0.0000%,0,0,0,0
"Feb 18, 2026","Feb 18, 2026",Jars,USD,NM - SP - Auto - PBP  Audience - Multi - Offense - Jars - July 2025,NM - SP - Jars - Auto - PBP  Audience - Multi - Offense - July 2025,Amazon,United States,loose-match,-,gym accessories for women,1,1,100.0000%,1,1,0,,0.00,0,0,0.0000%,0,0,0,0
"Mar 11, 2026","Mar 17, 2026",Jars,USD,NM - SP - Auto - HLP  Audience - Multi - Offense - Jars - July 2025,NM - SP - Jars - Auto - HLP  Audience - Multi - Offense - July 2025,Amazon,United States,close-match,-,gym essentials,81,3,3.7037%,4,13,0,,0.00,0,0,0.0000%,0,0,0,0
"Feb 19, 2026","Feb 22, 2026",Jars,USD,NM - SP - Auto - PBP  Audience - Multi - Offense - Jars - July 2025,NM - SP - Jars - Auto - PBP  Audience - Multi - Offense - July 2025,Amazon,United States,loose-match,-,gym essentials,32,2,6.2500%,4,7,0,,0.00,0,0,0.0000%,0,0,0,0
"Mar 01, 2026","Mar 02, 2026",Jars,USD,NM - SP - Auto - HLP  Audience - Multi - Offense - Jars - July 2025,NM - SP - Jars - Auto - HLP  Audience - Multi - Offense - July 2025,Amazon,United States,close-match,-,gym essentials women,364,2,0.5495%,5,11,0,,0.00,0,0,0.0000%,0,0,0,0
"Mar 17, 2026","Mar 17, 2026",Jars,USD,NM - SP - Auto - HLP  Audience - Multi - Offense - Jars - July 2025,NM - SP - Jars - Auto - HLP  Audience - Multi - Offense - July 2025,Amazon,United States,loose-match,-,gym essentials women,84,1,1.1905%,4,4,0,,0.00,0,0,0.0000%,0,0,0,0
"Feb 12, 2026","Feb 23, 2026",Jars,USD,NM - SP - Auto - PBP  Audience - Multi - Offense - Jars - July 2025,NM - SP - Jars - Auto - PBP  Audience - Multi - Offense - July 2025,Amazon,United States,loose-match,-,gym essentials women,358,14,3.9106%,3,46,0,,0.00,0,0,0.0000%,0,0,0,0
"Mar 03, 2026","Mar 10, 2026",No Portfolio,USD,NM - SP - Auto - All Products Test w/o Collagen - March 2026,NM - SP - Auto - All Products Test w/o Collagen - March 2026,Amazon,United States,loose-match,-,gym essentials women,406,5,1.2315%,2,9,0,,0.00,0,0,0.0000%,0,0,0,0
"Mar 10, 2026","Mar 10, 2026",No Portfolio,USD,NM - SP - Auto - All Products Test w/o Collagen - March 2026,NM - SP - Auto - All Products Test w/o Collagen - March 2026,Amazon,United States,loose-match,-,gym must haves for woman,17,1,5.8824%,2,2,0,,0.00,0,0,0.0000%,0,0,0,0
"Mar 10, 2026","Mar 14, 2026",Jars,USD,NM - SP - Auto - HLP  Audience - Multi - Offense - Jars - July 2025,NM - SP - Jars - Auto - HLP  Audience - Multi - Offense - July 2025,Amazon,United States,close-match,-,gym necessities for women,28,3,10.7143%,5,16,0,,0.00,0,0,0.0000%,0,0,0,0
"Mar 17, 2026","Mar 17, 2026",No Portfolio,USD,NM - SP - Auto - All Products Test w/o Collagen - March 2026,NM - SP - Auto - All Products Test w/o Collagen - March 2026,Amazon,United States,close-match,-,gym necessities for women,29,1,3.4483%,3,3,0,,0.00,0,0,0.0000%,0,0,0,0
"Mar 18, 2026","Mar 18, 2026",No Portfolio,USD,PERPETUA TEST - Perpetua - SP - Auto - th07fl47,Ad Group 1,Amazon,United States,loose-match,-,hablo 3 in 1 hydration,1,1,100.0000%,1,1,0,,0.00,0,0,0.0000%,0,0,0,0
"Feb 01, 2026","Feb 01, 2026",Jars,USD,NM - SP - Auto - CAC  Audience - Multi - Offense - Jars - July 2025,NM - SP - Jars - Auto - CAC  Audience - Multi - Offense - July 2025,Amazon,United States,loose-match,-,halo collagen creatine,2,2,100.0000%,1,2,45,4.4271%,22.59,1,1,50.0000%,0,1,0,45
"Feb 10, 2026","Feb 10, 2026",Multi,USD,NM - SP - PT - Defence - MDF - Jan 2025 - Multi,NM - SP - PT - Defence - B0D6L2FPYW - Jan 2025,Amazon,United States,"asin=""B0D6L2FPYW""",-,halo creatine,1,1,100.0000%,2,2,0,,0.00,0,0,0.0000%,0,0,0,0
"Feb 22, 2026","Feb 22, 2026",Jars,USD,NM - SP - Auto - CAC  Audience - Multi - Offense - Jars - July 2025,NM - SP - Jars - Auto - CAC  Audience - Multi - Offense - July 2025,Amazon,United States,substitutes,-,halo creatine,4,1,25.0000%,6,6,0,,0.00,0,0,0.0000%,0,0,0,0
"Feb 15, 2026","Feb 15, 2026",Jars,USD,NM - SP - Auto - HLP  Audience - Multi - Offense - Jars - July 2025,NM - SP - Jars - Auto - HLP  Audience - Multi - Offense - July 2025,Amazon,United States,loose-match,-,halo creatine,1,1,100.0000%,1,1,33,3.1563%,31.68,1,1,100.0000%,0,1,0,33
"Feb 06, 2026","Feb 06, 2026",Sachets,USD,NM  - SP - 4 Pack - Auto - CAC  Audience - Offense - B0DJ3J2CKX - July 2025,NM  - SP - 4 Pack - Auto - CAC  Audience - Offense - B0DJ3J2CKX - July 2025,Amazon,United States,substitutes,-,halo creatine,1,1,100.0000%,1,1,0,,0.00,0,0,0.0000%,0,0,0,0
"Mar 01, 2026","Mar 01, 2026",Sachets,USD,NM  - SP - STR - 12 Pack - PT 1 - B0DY6K7RQH - Jan 2026,NM  - SP - STR - 12 Pack - PT 1 - B0DY6K7RQH - Jan 2026,Amazon,United States,"asin=""B002DYIZEE""",-,halo creatine,1,1,100.0000%,1,1,0,,0.00,0,0,0.0000%,0,0,0,0
"Feb 06, 2026","Feb 06, 2026",Jars,USD,NM - SP - Auto - CAC  Audience - Multi - Offense - Jars - July 2025,NM - SP - Jars - Auto - CAC  Audience - Multi - Offense - July 2025,Amazon,United States,loose-match,-,halo electrolyte,3,1,33.3333%,2,2,0,,0.00,0,0,0.0000%,0,0,0,0
"Feb 01, 2026","Feb 16, 2026",Multi,USD,NM - SP - PT - Defence - MDF - Jan 2025 - Multi,NM - SP - PT - Defence - B0D6L2FPYW - Jan 2025,Amazon,United States,"asin=""B0D6L2FPYW""",-,halo electrolytes,10,2,20.0000%,4,8,45,17.7086%,5.65,1,1,50.0000%,1,0,45,0
"Feb 27, 2026","Feb 27, 2026",Sachets,USD,NM  - SP - 12 Pack - Auto - PBP  Audience - MDF - Offense - B0DY6K7RQH - July 2025,NM  - SP - 12 Pack - Auto - PBP  Audience - Offense - B0DY6K7RQH - July 2025,Amazon,United States,loose-match,-,halo electrolytes,2,1,50.0000%,0,0,20,1.5038%,66.50,1,1,100.0000%,1,0,20,0
"Feb 02, 2026","Feb 02, 2026",Jars,USD,NM - SP - Auto - CAC  Audience - Multi - Offense - Jars - July 2025,NM - SP - Jars - Auto - CAC  Audience - Multi - Offense - July 2025,Amazon,United States,loose-match,-,halo hydration,4,1,25.0000%,2,2,0,,0.00,0,0,0.0000%,0,0,0,0
"Feb 03, 2026","Feb 03, 2026",Jars,USD,NM - SP - Auto - PBP  Audience - Multi - Offense - Jars - July 2025,NM - SP - Jars - Auto - PBP  Audience - Multi - Offense - July 2025,Amazon,United States,loose-match,-,halo hydration,3,1,33.3333%,4,4,45,9.1435%,10.94,1,1,100.0000%,1,0,45,0
"Feb 12, 2026","Feb 12, 2026",Jars,USD,NM - SP - Auto - PBP  Audience - Multi - Offense - Jars - July 2025,NM - SP - Jars - Auto - PBP  Audience - Multi - Offense - July 2025,Amazon,United States,loose-match,-,halo hydration packets,2,1,50.0000%,4,4,0,,0.00,0,0,0.0000%,0,0,0,0
"Feb 22, 2026","Feb 22, 2026",Jars,USD,NM - SP - Auto - HLP  Audience - Multi - Offense - Jars - July 2025,NM - SP - Jars - Auto - HLP  Audience - Multi - Offense - July 2025,Amazon,United States,loose-match,-,halo sport drink,1,1,100.0000%,4,4,0,,0.00,0,0,0.0000%,0,0,0,0
"Feb 19, 2026","Feb 19, 2026",Jars,USD,NM - SP - Auto - CAC  Audience - Multi - Offense - Jars - July 2025,NM - SP - Jars - Auto - CAC  Audience - Multi - Offense - July 2025,Amazon,United States,substitutes,-,halo supplement,5,1,20.0000%,3,3,0,,0.00,0,0,0.0000%,0,0,0,0
"Feb 27, 2026","Feb 27, 2026",Jars,USD,NM - SP - Auto - HLP  Audience - Multi - Offense - Jars - July 2025,NM - SP - Jars - Auto - HLP  Audience - Multi - Offense - July 2025,Amazon,United States,loose-match,-,hamelin salt hydration mix,1,1,100.0000%,4,4,0,,0.00,0,0,0.0000%,0,0,0,0
"Feb 24, 2026","Feb 24, 2026",Sachets,USD,NM  - SP - 12 Pack - Phrase - MDF - B0DY6K7RQH - Sep 2025,NM  - SP - 12 Pack - Phrase - B0DY6K7RQH - Sep 2025,Amazon,United States,creatine and collagen,PHRASE,hario creatine and collagen,3,1,33.3333%,0,0,20,2.2556%,44.33,1,1,100.0000%,1,0,20,0
"Feb 01, 2026","Mar 18, 2026",Multi,USD,NM - SP - MMT - Branded - MDF - Multi - Jars,NM - SP - Jars - MMT - Branded - Up Down,Amazon,United States,+harlo,BROAD,harlo,1640,81,4.9390%,1,89,1238,7.2029%,13.88,28,30,34.5679%,19,11,828,410
"Feb 01, 2026","Mar 05, 2026",Sachets,USD,NM  - SP - 12 Pack - MMT - MDF - Branded - May 2025 - B0DY6K7RQH,NM  - SP - 12 Pack - MMT - Branded - Apr 2025 - B0DY6K7RQH,Amazon,United States,+harlo,BROAD,harlo,1459,56,3.8382%,1,64,342,18.8005%,5.32,17,24,30.3571%,21,3,299,43
"Mar 17, 2026","Mar 17, 2026",Multi,USD,NM - SP - Exact - Branded - Multi - Dec2025,NM - SP - Jars - Exact - Branded - Multi - Dec2025,Amazon,United States,harlo,EXACT,harlo,18,2,11.1111%,2,4,45,8.2314%,12.15,1,1,50.0000%,1,0,45,0
"Mar 02, 2026","Mar 13, 2026",Bottel,USD,NM - SP - Exact - Branded - Bottle - B0GKB943TS - Feb 2026,NM - SP - Exact - Branded - Bottel - B0GKB943TS - Feb 2026,Amazon,United States,harlo,EXACT,harlo,21,3,14.2857%,1,3,35,7.8684%,12.71,1,1,33.3333%,0,1,0,35
"Mar 03, 2026","Mar 15, 2026",No Portfolio,USD,MN - SP - Phrase - Branded - Test w/o Collagen - March 2026,MN - SP - Phrase - Branded - Test w/o Collagen - March 2026,Amazon,United States,harlo,PHRASE,harlo,447,8,1.7897%,1,6,160,3.6244%,27.59,3,5,37.5000%,2,3,70,90
"Mar 06, 2026","Mar 17, 2026",No Portfolio,USD,NM - SP - Auto - All Products Test w/o Collagen - March 2026,NM - SP - Auto - All Products Test w/o Collagen - March 2026,Amazon,United States,close-match,-,harlo,404,17,4.2079%,1,9,220,4.0100%,24.94,4,6,23.5294%,1,5,35,185
"Mar 18, 2026","Mar 18, 2026",Stick Packs,USD,AUTO TEST MARCH 17 26,STICK PACKS,Amazon,United States,loose-match,-,harlo,7,2,28.5714%,0,1,0,,0.00,0,0,0.0000%,0,0,0,0
"Mar 18, 2026","Mar 18, 2026",No Portfolio,USD,PERPETUA - STICKS - Perpetua - SP - Branded Manual - tzm4t6x8,Ad Group BROAD Match,Amazon,United States,harlo,BROAD,harlo,16,1,6.2500%,0,0,0,,0.00,0,0,0.0000%,0,0,0,0
"Feb 04, 2026","Mar 12, 2026",Multi,USD,NM - SP - MMT - Branded - MDF - Multi - Jars,NM - SP - Jars - MMT - Branded - Up Down,Amazon,United States,+harlo,BROAD,harlo 3 in 1,12,3,25.0000%,1,2,45,5.0723%,19.71,1,1,33.3333%,1,0,45,0
"Feb 16, 2026","Feb 16, 2026",Sachets,USD,NM  - SP - 12 Pack - MMT - MDF - Branded - May 2025 - B0DY6K7RQH,NM  - SP - 12 Pack - MMT - Branded - Apr 2025 - B0DY6K7RQH,Amazon,United States,+harlo,BROAD,harlo 3 in 1,4,1,25.0000%,0,0,0,,0.00,0,0,0.0000%,0,0,0,0
"Mar 06, 2026","Mar 06, 2026",No Portfolio,USD,MN - SP - Phrase - Branded - Test w/o Collagen - March 2026,MN - SP - Phrase - Branded - Test w/o Collagen - March 2026,Amazon,United States,harlo,PHRASE,harlo 3 in 1 packets,1,1,100.0000%,0,0,0,,0.00,0,0,0.0000%,0,0,0,0
"Feb 26, 2026","Feb 26, 2026",Multi,USD,NM - SP - MMT - Branded - MDF - Multi - Jars,NM - SP - Jars - MMT - Branded - Up Down,Amazon,United States,+harlo,BROAD,harlo 3 in 1 performance mix,5,1,20.0000%,0,0,20,0.7519%,133.00,1,1,100.0000%,0,1,0,20
"Feb 26, 2026","Feb 26, 2026",Sachets,USD,NM  - SP - 12 Pack - MMT - MDF - Branded - May 2025 - B0DY6K7RQH,NM  - SP - 12 Pack - MMT - Branded - Apr 2025 - B0DY6K7RQH,Amazon,United States,+harlo,BROAD,harlo 3 in 1 performance mix,1,1,100.0000%,0,0,0,,0.00,0,0,0.0000%,0,0,0,0
"Mar 16, 2026","Mar 16, 2026",Multi,USD,NM - SP - MMT - Branded - MDF - Multi - Jars,NM - SP - Jars - MMT - Branded - Up Down,Amazon,United States,+harlo,BROAD,harlo 3 in one performance drink,2,1,50.0000%,1,1,45,2.2692%,44.07,1,1,100.0000%,1,0,45,0
"Mar 15, 2026","Mar 15, 2026",No Portfolio,USD,MN - SP - Phrase - Branded - Test w/o Collagen - March 2026,MN - SP - Phrase - Branded - Test w/o Collagen - March 2026,Amazon,United States,harlo,PHRASE,harlo 3-1,1,1,100.0000%,0,0,0,,0.00,0,0,0.0000%,0,0,0,0
"Mar 15, 2026","Mar 15, 2026",No Portfolio,USD,NM - SP - Auto - All Products Test w/o Collagen - March 2026,NM - SP - Auto - All Products Test w/o Collagen - March 2026,Amazon,United States,close-match,-,harlo 3-1,2,1,50.0000%,1,1,0,,0.00,0,0,0.0000%,0,0,0,0
"Mar 16, 2026","Mar 16, 2026",Multi,USD,NM - SP - MMT - Branded - MDF - Multi - Jars,NM - SP - Jars - MMT - Branded - Up Down,Amazon,United States,+harlo,BROAD,"harlo 3-in-1 electrolytes powder with collagen & creatine – hydration, muscle & joint support | zero sugar | raspberry salt | 15 stick packs",6,1,16.6667%,0,0,35,1.2876%,77.67,1,1,100.0000%,0,1,0,35
"Mar 18, 2026","Mar 18, 2026",No Portfolio,USD,PERPETUA TEST - Perpetua - SP - Branded Manual - th07fl47,Ad Group BROAD Match,Amazon,United States,harlo,BROAD,"harlo 3-in-1 electrolytes powder with collagen & creatine – hydration, muscle & joint support | zero sugar | raspberry salt | 15 stick packs",1,1,100.0000%,0,0,0,,0.00,0,0,0.0000%,0,0,0,0
"Feb 07, 2026","Mar 16, 2026",Multi,USD,NM - SP - MMT - Branded - MDF - Multi - Jars,NM - SP - Jars - MMT - Branded - Up Down,Amazon,United States,+harlo,BROAD,harlo 3-in-1 performance drink mix,117,4,3.4188%,2,9,0,,0.00,0,0,0.0000%,0,0,0,0
"Feb 06, 2026","Feb 25, 2026",Sachets,USD,NM  - SP - 12 Pack - MMT - MDF - Branded - May 2025 - B0DY6K7RQH,NM  - SP - 12 Pack - MMT - Branded - Apr 2025 - B0DY6K7RQH,Amazon,United States,+harlo,BROAD,harlo 3-in-1 performance drink mix,159,7,4.4025%,2,12,15,79.3939%,1.26,1,3,14.2857%,0,3,0,15
"Mar 02, 2026","Mar 02, 2026",Sachets,USD,NM  - SP - 12 Pack - MMT - MDF - Branded - May 2025 - B0DY6K7RQH,NM  - SP - 12 Pack - MMT - Branded - Apr 2025 - B0DY6K7RQH,Amazon,United States,+harlo,BROAD,harlo 3-in1,1,1,100.0000%,1,1,20,5.7143%,17.50,1,1,100.0000%,1,0,20,0
"Feb 02, 2026","Mar 16, 2026",Multi,USD,NM - SP - MMT - Branded - MDF - Multi - Jars,NM - SP - Jars - MMT - Branded - Up Down,Amazon,United States,+harlo,BROAD,harlo creatine,14,7,50.0000%,1,6,78,8.0103%,12.48,2,2,28.5714%,2,0,78,0
"Mar 02, 2026","Mar 02, 2026",Sachets,USD,NM  - SP - 12 Pack - MMT - MDF - Branded - May 2025 - B0DY6K7RQH,NM  - SP - 12 Pack - MMT - Branded - Apr 2025 - B0DY6K7RQH,Amazon,United States,+harlo,BROAD,harlo creatine,2,1,50.0000%,1,1,0,,0.00,0,0,0.0000%,0,0,0,0
"Feb 01, 2026","Feb 01, 2026",Multi,USD,NM - SP - MMT - Branded - MDF - Multi - Jars,NM - SP - Jars - MMT - Branded - Up Down,Amazon,United States,+harlo,BROAD,harlo creatine and electrolytes,14,1,7.1429%,6,6,0,,0.00,0,0,0.0000%,0,0,0,0
"Feb 05, 2026","Mar 17, 2026",Multi,USD,NM - SP - MMT - Branded - MDF - Multi - Jars,NM - SP - Jars - MMT - Branded - Up Down,Amazon,United States,+harlo,BROAD,harlo creatine electrolyte packets,120,4,3.3333%,5,19,90,21.1568%,4.73,2,2,50.0000%,0,2,0,90
"Feb 21, 2026","Feb 21, 2026",Sachets,USD,NM  - SP - 4 Pack - Phrase 3 - MDF - B0DJ3J2CKX - Sep 2025,NM  - SP - 4 Pack - Phrase 3 - B0DJ3J2CKX - Sep 2025,Amazon,United States,creatine and electrolytes,PHRASE,harlo creatine electrolyte packets,43,1,2.3256%,1,1,10,10.7538%,9.30,1,1,100.0000%,1,0,10,0
"Feb 24, 2026","Feb 24, 2026",Multi,USD,NM - SP - MMT - Branded - MDF - Multi - Jars,NM - SP - Jars - MMT - Branded - Up Down,Amazon,United States,+harlo,BROAD,harlo creatine hydration,5,1,20.0000%,0,0,0,,0.00,0,0,0.0000%,0,0,0,0
"Feb 18, 2026","Feb 18, 2026",Sachets,USD,NM  - SP - 12 Pack - MMT - MDF - Branded - May 2025 - B0DY6K7RQH,NM  - SP - 12 Pack - MMT - Branded - Apr 2025 - B0DY6K7RQH,Amazon,United States,+harlo,BROAD,harlo creatine packets,1,1,100.0000%,1,1,15,6.8227%,14.66,1,1,100.0000%,1,0,15,0
"Mar 15, 2026","Mar 15, 2026",No Portfolio,USD,NM - SP - Auto - All Products Test w/o Collagen - March 2026,NM - SP - Auto - All Products Test w/o Collagen - March 2026,Amazon,United States,close-match,-,harlo creatine with electrolytes,3,1,33.3333%,2,2,0,,0.00,0,0,0.0000%,0,0,0,0
"Feb 15, 2026","Mar 09, 2026",Multi,USD,NM - SP - MMT - Branded - MDF - Multi - Jars,NM - SP - Jars - MMT - Branded - Up Down,Amazon,United States,harlo drink mix,EXACT,harlo drink mix,32,2,6.2500%,2,4,0,,0.00,0,0,0.0000%,0,0,0,0
"Feb 06, 2026","Feb 27, 2026",Sachets,USD,NM  - SP - 12 Pack - MMT - MDF - Branded - May 2025 - B0DY6K7RQH,NM  - SP - 12 Pack - MMT - Branded - Apr 2025 - B0DY6K7RQH,Amazon,United States,+harlo,BROAD,harlo drink mix,10,2,20.0000%,0,1,0,,0.00,0,0,0.0000%,0,0,0,0
"Mar 16, 2026","Mar 16, 2026",No Portfolio,USD,MN - SP - Phrase - Branded - Test w/o Collagen - March 2026,MN - SP - Phrase - Branded - Test w/o Collagen - March 2026,Amazon,United States,harlo,PHRASE,harlo drink mix,5,1,20.0000%,2,2,140,1.5880%,62.97,3,4,300.0000%,1,3,35,105
"Feb 27, 2026","Feb 27, 2026",Sachets,USD,NM  - SP - 12 Pack - MMT - MDF - Branded - May 2025 - B0DY6K7RQH,NM  - SP - 12 Pack - MMT - Branded - Apr 2025 - B0DY6K7RQH,Amazon,United States,+harlo,BROAD,harlo electrolyte,2,1,50.0000%,1,1,20,6.5664%,15.23,1,1,100.0000%,1,0,20,0
"Feb 08, 2026","Mar 17, 2026",Multi,USD,NM - SP - MMT - Branded - MDF - Multi - Jars,NM - SP - Jars - MMT - Branded - Up Down,Amazon,United States,harlo electrolytes,EXACT,harlo electrolytes,9679,265,2.7379%,2,617,3829,16.1203%,6.20,92,96,34.7170%,56,40,2353,1476
"Feb 01, 2026","Mar 19, 2026",Multi,USD,NM - SP - MMT - Branded - MDF - Multi - Jars,NM - SP - Jars - MMT - Branded - Up Down,Amazon,United States,+harlo,BROAD,harlo electrolytes,1256,36,2.8662%,2,89,704,12.6417%,7.91,17,18,47.2222%,10,8,450,255
"Feb 01, 2026","Mar 13, 2026",Sachets,USD,NM  - SP - 12 Pack - MMT - MDF - Branded - May 2025 - B0DY6K7RQH,NM  - SP - 12 Pack - MMT - Branded - Apr 2025 - B0DY6K7RQH,Amazon,United States,+harlo,BROAD,harlo electrolytes,5236,174,3.3231%,2,297,1527,19.4381%,5.14,72,79,41.3793%,65,14,1102,425
"Feb 01, 2026","Mar 15, 2026",Jars,USD,NM - SP - STR - Phrase - Jars - Jan 2026,NM - SP - STR - Phrase - Jars - Jan 2026,Amazon,United States,harlo electrolytes,PHRASE,harlo electrolytes,330,9,2.7273%,3,29,55,53.6505%,1.86,2,7,22.2222%,0,7,0,55
"Mar 10, 2026","Mar 10, 2026",Bottel,USD,NM - SP - Phrase - Branded - Bottle - B0GKB943TS - Feb 2026,NM - SP - Phrase - Branded - Bottel - B0GKB943TS - Feb 2026,Amazon,United States,harlo electrolytes,PHRASE,harlo electrolytes,10,1,10.0000%,3,3,0,,0.00,0,0,0.0000%,0,0,0,0
"Mar 02, 2026","Mar 15, 2026",No Portfolio,USD,MN - SP - Phrase - Branded - Test w/o Collagen - March 2026,MN - SP - Phrase - Branded - Test w/o Collagen - March 2026,Amazon,United States,harlo,PHRASE,harlo electrolytes,1197,29,2.4227%,1,34,589,5.8038%,17.23,10,18,34.4828%,9,9,290,300
"Mar 06, 2026","Mar 18, 2026",No Portfolio,USD,NM - SP - Auto - All Products Test w/o Collagen - March 2026,NM - SP - Auto - All Products Test w/o Collagen - March 2026,Amazon,United States,close-match,-,harlo electrolytes,598,16,2.6756%,2,33,290,11.4710%,8.72,7,8,43.7500%,6,2,210,80
"Mar 18, 2026","Mar 18, 2026",No Portfolio,USD,PERPETUA - STICKS - Perpetua - SP - Branded Manual - tzm4t6x8,Ad Group BROAD Match,Amazon,United States,harlo,BROAD,harlo electrolytes,56,4,7.1429%,1,3,0,,0.00,0,0,0.0000%,0,0,0,0
"Mar 18, 2026","Mar 18, 2026",No Portfolio,USD,PERPETUA - STICKS - Perpetua - SP - Branded Manual - tzm4t6x8,Ad Group PHRASE Match,Amazon,United States,harlo,PHRASE,harlo electrolytes,6,1,16.6667%,1,1,0,,0.00,0,0,0.0000%,0,0,0,0
"Mar 18, 2026","Mar 18, 2026",No Portfolio,USD,PERPETUA TEST - Perpetua - SP - Branded Manual - th07fl47,Ad Group PHRASE Match,Amazon,United States,harlo,PHRASE,harlo electrolytes,24,1,4.1667%,0,0,35,1.3162%,75.98,1,1,100.0000%,0,1,0,35
"Feb 23, 2026","Feb 23, 2026",Jars,USD,NM - SP - STR - Phrase - Jars - Jan 2026,NM - SP - STR - Phrase - Jars - Jan 2026,Amazon,United States,harlo electrolytes,PHRASE,harlo electrolytes collagen,4,1,25.0000%,3,3,45,6.6963%,14.93,1,1,100.0000%,1,0,45,0
"Feb 01, 2026","Mar 18, 2026",Multi,USD,NM - SP - MMT - Branded - MDF - Multi - Jars,NM - SP - Jars - MMT - Branded - Up Down,Amazon,United States,+harlo,BROAD,harlo electrolytes collagen creatine,441,35,7.9365%,1,44,582,7.5236%,13.29,15,17,42.8571%,10,7,401,181
"Feb 01, 2026","Mar 13, 2026",Sachets,USD,NM  - SP - 12 Pack - MMT - MDF - Branded - May 2025 - B0DY6K7RQH,NM  - SP - 12 Pack - MMT - Branded - Apr 2025 - B0DY6K7RQH,Amazon,United States,+harlo,BROAD,harlo electrolytes collagen creatine,2142,41,1.9141%,2,63,402,15.6084%,6.41,13,22,31.7073%,20,2,324,78
"Feb 18, 2026","Feb 19, 2026",Sachets,USD,NM  - SP - 4 Pack - Phrase 1 - B0DJ3J2CKX - Sep 2025,NM  - SP - 4 Pack - Phrase 1 - B0DJ3J2CKX - Sep 2025,Amazon,United States,electrolytes with collagen,PHRASE,harlo electrolytes collagen creatine,63,2,3.1746%,1,3,0,,0.00,0,0,0.0000%,0,0,0,0
"Feb 05, 2026","Mar 04, 2026",Sachets,USD,NM  - SP - 4 Pack - Phrase 2 - MDF - B0DJ3J2CKX - Sep 2025,NM  - SP - 4 Pack - Phrase 2 - B0DJ3J2CKX - Sep 2025,Amazon,United States,harlo electrolytes collagen,PHRASE,harlo electrolytes collagen creatine,2323,27,1.1623%,2,49,174,27.9552%,3.58,12,18,44.4444%,14,4,94,80
"Feb 17, 2026","Feb 17, 2026",Sachets,USD,NM  - SP - 12 Pack - Phrase - MDF - B0DY6K7RQH - Sep 2025,NM  - SP - 12 Pack - Phrase - B0DY6K7RQH - Sep 2025,Amazon,United States,electrolytes collagen creatine,PHRASE,harlo electrolytes collagen creatine,13,1,7.6923%,2,2,0,,0.00,0,0,0.0000%,0,0,0,0
"Feb 11, 2026","Feb 11, 2026",Sachets,USD,NM  - SP - 12 Pack - Phrase - MDF - B0DY6K7RQH - Sep 2025,NM  - SP - 12 Pack - Phrase - B0DY6K7RQH - Sep 2025,Amazon,United States,harlo electrolytes collagen,PHRASE,harlo electrolytes collagen creatine,3,1,33.3333%,2,2,0,,0.00,0,0,0.0000%,0,0,0,0
"Feb 02, 2026","Feb 06, 2026",Jars,USD,NM - SP - STR - Phrase - Jars - Jan 2026,NM - SP - STR - Phrase - Jars - Jan 2026,Amazon,United States,electrolytes collagen creatine,PHRASE,harlo electrolytes collagen creatine,439,4,0.9112%,4,15,0,,0.00,0,0,0.0000%,0,0,0,0
"Feb 09, 2026","Mar 16, 2026",Jars,USD,NM - SP - STR - Phrase - Jars - Jan 2026,NM - SP - STR - Phrase - Jars - Jan 2026,Amazon,United States,harlo electrolytes,PHRASE,harlo electrolytes collagen creatine,403,10,2.4814%,2,21,110,18.7796%,5.32,3,4,30.0000%,1,3,45,65
"Mar 18, 2026","Mar 18, 2026",No Portfolio,USD,PERPETUA - STICKS - Perpetua - SP - Branded Manual - tzm4t6x8,Ad Group BROAD Match,Amazon,United States,harlo,BROAD,harlo electrolytes collagen creatine,8,3,37.5000%,0,1,0,,0.00,0,0,0.0000%,0,0,0,0
"Mar 18, 2026","Mar 18, 2026",No Portfolio,USD,PERPETUA TEST - Perpetua - SP - Branded Manual - th07fl47,Ad Group PHRASE Match,Amazon,United States,harlo,PHRASE,harlo electrolytes collagen creatine,22,3,13.6364%,1,2,0,,0.00,0,0,0.0000%,0,0,0,0
"Feb 20, 2026","Feb 20, 2026",Sachets,USD,NM  - SP - 12 Pack - MMT - MDF - Branded - May 2025 - B0DY6K7RQH,NM  - SP - 12 Pack - MMT - Branded - Apr 2025 - B0DY6K7RQH,Amazon,United States,+harlo,BROAD,harlo electrolytes collagen creatine grapefruit,40,1,2.5000%,2,2,0,,0.00,0,0,0.0000%,0,0,0,0
"Feb 14, 2026","Feb 20, 2026",Multi,USD,NM - SP - MMT - Branded - MDF - Multi - Jars,NM - SP - Jars - MMT - Branded - Up Down,Amazon,United States,harlo electrolytes creatine,PHRASE,harlo electrolytes creatine,34,4,11.7647%,4,16,0,,0.00,0,0,0.0000%,0,0,0,0
"Feb 14, 2026","Feb 14, 2026",Sachets,USD,NM  - SP - 12 Pack - MMT - MDF - Branded - May 2025 - B0DY6K7RQH,NM  - SP - 12 Pack - MMT - Branded - Apr 2025 - B0DY6K7RQH,Amazon,United States,+harlo,BROAD,harlo electrolytes creatine,6,1,16.6667%,3,3,15,22.2742%,4.49,1,1,100.0000%,1,0,15,0
"Feb 22, 2026","Feb 22, 2026",Multi,USD,NM - SP - MMT - Branded - MDF - Multi - Jars,NM - SP - Jars - MMT - Branded - Up Down,Amazon,United States,+harlo,BROAD,harlo electrolytes grapefruit,1,1,100.0000%,2,2,0,,0.00,0,0,0.0000%,0,0,0,0
"Mar 17, 2026","Mar 17, 2026",Multi,USD,NM - SP - MMT - Branded - MDF - Multi - Jars,NM - SP - Jars - MMT - Branded - Up Down,Amazon,United States,+harlo,BROAD,harlo electrolytes powder packets,20,1,5.0000%,3,3,0,,0.00,0,0,0.0000%,0,0,0,0
"Feb 12, 2026","Feb 12, 2026",Sachets,USD,NM  - SP - 12 Pack - MMT - MDF - Branded - May 2025 - B0DY6K7RQH,NM  - SP - 12 Pack - MMT - Branded - Apr 2025 - B0DY6K7RQH,Amazon,United States,+harlo,BROAD,harlo electrolytes powder packets,5,1,20.0000%,2,2,0,,0.00,0,0,0.0000%,0,0,0,0
"Feb 01, 2026","Mar 11, 2026",Stick Packs,USD,NM - SP - Phrase - Branded - Stick Packs - Multi - Jan 2026,NM - SP - Phrase - Branded - Stick Packs - Multi - Jan 2026,Amazon,United States,harlo electrolytes powder packets,PHRASE,harlo electrolytes powder packets,355,12,3.3803%,2,24,323,7.4512%,13.42,8,10,66.6667%,3,7,100,223
"Mar 18, 2026","Mar 18, 2026",No Portfolio,USD,PERPETUA - STICKS - Perpetua - SP - Branded Manual - tzm4t6x8,Ad Group BROAD Match,Amazon,United States,harlo,BROAD,harlo electrolytes powder packets,2,1,50.0000%,1,1,0,,0.00,0,0,0.0000%,0,0,0,0
"Mar 09, 2026","Mar 09, 2026",Jars,USD,NM - SP - STR - Phrase - Jars - Jan 2026,NM - SP - STR - Phrase - Jars - Jan 2026,Amazon,United States,harlo electrolytes,PHRASE,harlo electrolytes powder with creatine,1,1,100.0000%,3,3,0,,0.00,0,0,0.0000%,0,0,0,0
"Mar 08, 2026","Mar 08, 2026",Multi,USD,NM - SP - MMT - Branded - MDF - Multi - Jars,NM - SP - Jars - MMT - Branded - Up Down,Amazon,United States,+harlo,BROAD,harlo electrolytes powder – 3-in-1,9,1,11.1111%,1,1,0,,0.00,0,0,0.0000%,0,0,0,0
"Mar 05, 2026","Mar 05, 2026",Multi,USD,NM - SP - MMT - Branded - MDF - Multi - Jars,NM - SP - Jars - MMT - Branded - Up Down,Amazon,United States,+harlo,BROAD,harlo electrolytes sample pack,4,1,25.0000%,4,4,0,,0.00,0,0,0.0000%,0,0,0,0
"Mar 05, 2026","Mar 05, 2026",No Portfolio,USD,MN - SP - Phrase - Branded - Test w/o Collagen - March 2026,MN - SP - Phrase - Branded - Test w/o Collagen - March 2026,Amazon,United States,harlo,PHRASE,harlo electrolytes sample pack,4,1,25.0000%,2,2,0,,0.00,0,0,0.0000%,0,0,0,0
"Mar 14, 2026","Mar 14, 2026",Multi,USD,NM - SP - MMT - Branded - MDF - Multi - Jars,NM - SP - Jars - MMT - Branded - Up Down,Amazon,United States,+harlo,BROAD,harlo electrolytes variety,4,1,25.0000%,4,4,0,,0.00,0,0,0.0000%,0,0,0,0
"Feb 05, 2026","Mar 02, 2026",Multi,USD,NM - SP - MMT - Branded - MDF - Multi - Jars,NM - SP - Jars - MMT - Branded - Up Down,Amazon,United States,+harlo,BROAD,harlo hydration,19,2,10.5263%,3,7,0,,0.00,0,0,0.0000%,0,0,0,0
"Feb 07, 2026","Feb 07, 2026",Sachets,USD,NM  - SP - 12 Pack - MMT - MDF - Branded - May 2025 - B0DY6K7RQH,NM  - SP - 12 Pack - MMT - Branded - Apr 2025 - B0DY6K7RQH,Amazon,United States,+harlo,BROAD,harlo hydration,23,1,4.3478%,3,3,0,,0.00,0,0,0.0000%,0,0,0,0
"Feb 14, 2026","Feb 14, 2026",Sachets,USD,NM  - SP - 12 Pack - MMT - MDF - Branded - May 2025 - B0DY6K7RQH,NM  - SP - 12 Pack - MMT - Branded - Apr 2025 - B0DY6K7RQH,Amazon,United States,+harlo,BROAD,harlo packet,2,1,50.0000%,0,0,15,3.0100%,33.22,1,1,100.0000%,1,0,15,0
"Feb 18, 2026","Feb 18, 2026",Sachets,USD,NM  - SP - 12 Pack - MMT - MDF - Branded - May 2025 - B0DY6K7RQH,NM  - SP - 12 Pack - MMT - Branded - Apr 2025 - B0DY6K7RQH,Amazon,United States,+harlo,BROAD,harlo packets,2,1,50.0000%,2,2,40,3.9599%,25.25,1,2,100.0000%,2,0,40,0
"Feb 06, 2026","Mar 06, 2026",Multi,USD,NM - SP - MMT - Branded - MDF - Multi - Jars,NM - SP - Jars - MMT - Branded - Up Down,Amazon,United States,+harlo,BROAD,harlo pineapple,9,3,33.3333%,2,5,90,6.0845%,16.44,2,2,66.6667%,2,0,90,0
"Feb 06, 2026","Feb 21, 2026",Multi,USD,NM - SP - MMT - Branded - MDF - Multi - Jars,NM - SP - Jars - MMT - Branded - Up Down,Amazon,United States,+harlo,BROAD,harlo pineapple salt,70,3,4.2857%,4,12,0,,0.00,0,0,0.0000%,0,0,0,0
"Feb 22, 2026","Feb 22, 2026",Sachets,USD,NM  - SP - 12 Pack - MMT - MDF - Branded - May 2025 - B0DY6K7RQH,NM  - SP - 12 Pack - MMT - Branded - Apr 2025 - B0DY6K7RQH,Amazon,United States,+harlo,BROAD,harlo powder,3,1,33.3333%,0,0,0,,0.00,0,0,0.0000%,0,0,0,0
"Mar 06, 2026","Mar 17, 2026",Multi,USD,NM - SP - MMT - Branded - MDF - Multi - Jars,NM - SP - Jars - MMT - Branded - Up Down,Amazon,United States,harlo raspberry,PHRASE,harlo raspberry,92,4,4.3478%,4,16,0,,0.00,0,0,0.0000%,0,0,0,0
"Mar 16, 2026","Mar 16, 2026",No Portfolio,USD,MN - SP - Phrase - Branded - Test w/o Collagen - March 2026,MN - SP - Phrase - Branded - Test w/o Collagen - March 2026,Amazon,United States,harlo,PHRASE,harlo raspberry,1,1,100.0000%,0,0,0,,0.00,0,0,0.0000%,0,0,0,0
"Mar 16, 2026","Mar 16, 2026",No Portfolio,USD,NM - SP - Auto - All Products Test w/o Collagen - March 2026,NM - SP - Auto - All Products Test w/o Collagen - March 2026,Amazon,United States,close-match,-,harlo raspberry,4,1,25.0000%,2,2,0,,0.00,0,0,0.0000%,0,0,0,0
"Mar 06, 2026","Mar 06, 2026",No Portfolio,USD,MN - SP - Phrase - Branded - Test w/o Collagen - March 2026,MN - SP - Phrase - Branded - Test w/o Collagen - March 2026,Amazon,United States,harlo,PHRASE,harlo singles,1,1,100.0000%,1,1,0,,0.00,0,0,0.0000%,0,0,0,0
"Mar 07, 2026","Mar 07, 2026",No Portfolio,USD,NM - SP - Auto - All Products Test w/o Collagen - March 2026,NM - SP - Auto - All Products Test w/o Collagen - March 2026,Amazon,United States,close-match,-,harlo stick packs,3,1,33.3333%,1,1,140,0.7010%,142.65,1,4,100.0000%,4,0,140,0
"Mar 06, 2026","Mar 06, 2026",No Portfolio,USD,MN - SP - Phrase - Branded - Test w/o Collagen - March 2026,MN - SP - Phrase - Branded - Test w/o Collagen - March 2026,Amazon,United States,harlo,PHRASE,harlo sticks,1,1,100.0000%,0,0,70,0.6438%,155.33,2,2,200.0000%,1,1,35,35
"Feb 13, 2026","Feb 13, 2026",Multi,USD,NM - SP - MMT - Branded - MDF - Multi - Jars,NM - SP - Jars - MMT - Branded - Up Down,Amazon,United States,harlo supplement,PHRASE,harlo supplements,2,1,50.0000%,0,0,0,,0.00,0,0,0.0000%,0,0,0,0
"Mar 16, 2026","Mar 16, 2026",Bottel,USD,NM - SP - Phrase - Branded - Bottle - B0GKB943TS - Feb 2026,NM - SP - Phrase - Branded - Bottel - B0GKB943TS - Feb 2026,Amazon,United States,harlo,PHRASE,harlo water bottle,1,1,100.0000%,0,0,40,1.1278%,88.67,1,2,100.0000%,2,0,40,0
"Mar 02, 2026","Mar 07, 2026",No Portfolio,USD,MN - SP - Phrase - Branded - Test w/o Collagen - March 2026,MN - SP - Phrase - Branded - Test w/o Collagen - March 2026,Amazon,United States,harlo,PHRASE,harlo watermelon,48,4,8.3333%,2,8,0,,0.00,0,0,0.0000%,0,0,0,0
"Mar 07, 2026","Mar 07, 2026",No Portfolio,USD,NM - SP - Auto - All Products Test w/o Collagen - March 2026,NM - SP - Auto - All Products Test w/o Collagen - March 2026,Amazon,United States,close-match,-,harlo watermelon,28,2,7.1429%,2,4,0,,0.00,0,0,0.0000%,0,0,0,0
"Feb 28, 2026","Feb 28, 2026",Multi,USD,NM - SP - MMT - Branded - MDF - Multi - Jars,NM - SP - Jars - MMT - Branded - Up Down,Amazon,United States,+harlo,BROAD,harlo watermelon pouches,4,1,25.0000%,3,3,0,,0.00,0,0,0.0000%,0,0,0,0
"Feb 25, 2026","Feb 25, 2026",Sachets,USD,NM  - SP - 12 Pack - MMT - MDF - Branded - May 2025 - B0DY6K7RQH,NM  - SP - 12 Pack - MMT - Branded - Apr 2025 - B0DY6K7RQH,Amazon,United States,+harlo,BROAD,harlo+creatine,2,1,50.0000%,0,0,0,,0.00,0,0,0.0000%,0,0,0,0
"Mar 05, 2026","Mar 05, 2026",Jars,USD,NM - SP - Auto - HLP  Audience - Multi - Offense - Jars - July 2025,NM - SP - Jars - Auto - HLP  Audience - Multi - Offense - July 2025,Amazon,United States,loose-match,-,harlow,10,1,10.0000%,1,1,0,,0.00,0,0,0.0000%,0,0,0,0
"Feb 18, 2026","Feb 18, 2026",Jars,USD,NM - SP - Auto - PBP  Audience - Multi - Offense - Jars - July 2025,NM - SP - Jars - Auto - PBP  Audience - Multi - Offense - July 2025,Amazon,United States,loose-match,-,harlow,7,1,14.2857%,0,0,0,,0.00,0,0,0.0000%,0,0,0,0
"Feb 12, 2026","Feb 12, 2026",Jars,USD,NM - SP - Auto - CAC  Audience - Multi - Offense - Jars - July 2025,NM - SP - Jars - Auto - CAC  Audience - Multi - Offense - July 2025,Amazon,United States,substitutes,-,harlow creatine,1,1,100.0000%,1,1,33,1.5175%,65.90,1,1,100.0000%,0,1,0,33
"Feb 19, 2026","Feb 19, 2026",Jars,USD,NM - SP - Auto - PBP  Audience - Multi - Offense - Jars - July 2025,NM - SP - Jars - Auto - PBP  Audience - Multi - Offense - July 2025,Amazon,United States,loose-match,-,harlow drink,3,2,66.6667%,2,4,0,,0.00,0,0,0.0000%,0,0,0,0
"Mar 08, 2026","Mar 08, 2026",Jars,USD,NM - SP - Auto - HLP  Audience - Multi - Offense - Jars - July 2025,NM - SP - Jars - Auto - HLP  Audience - Multi - Offense - July 2025,Amazon,United States,loose-match,-,harlow electrolytes,1,1,100.0000%,2,2,0,,0.00,0,0,0.0000%,0,0,0,0
"Feb 02, 2026","Feb 02, 2026",Jars,USD,NM - SP - Auto - CAC  Audience - Multi - Offense - Jars - July 2025,NM - SP - Jars - Auto - CAC  Audience - Multi - Offense - July 2025,Amazon,United States,loose-match,-,harlow powder,2,1,50.0000%,2,2,45,4.9166%,20.34,1,1,100.0000%,1,0,45,0
"Mar 01, 2026","Mar 01, 2026",Multi,USD,NM - SP - MMT - Branded - MDF - Multi - Jars,NM - SP - Jars - MMT - Branded - Up Down,Amazon,United States,+harlo,BROAD,harlo’s electrolyte mix,6,1,16.6667%,0,0,0,,0.00,0,0,0.0000%,0,0,0,0
"Mar 01, 2026","Mar 01, 2026",Sachets,USD,NM  - SP - 12 Pack - MMT - MDF - Branded - May 2025 - B0DY6K7RQH,NM  - SP - 12 Pack - MMT - Branded - Apr 2025 - B0DY6K7RQH,Amazon,United States,+harlo,BROAD,harlo’s electrolyte mix,3,1,33.3333%,2,2,20,9.0226%,11.08,1,1,100.0000%,1,0,20,0
"Feb 14, 2026","Feb 14, 2026",Jars,USD,NM - SP - Auto - PBP  Audience - Multi - Offense - Jars - July 2025,NM - SP - Jars - Auto - PBP  Audience - Multi - Offense - July 2025,Amazon,United States,loose-match,-,haro electrolytes,1,1,100.0000%,3,3,33,10.2883%,9.72,1,1,100.0000%,1,0,33,0
"Mar 04, 2026","Mar 04, 2026",No Portfolio,USD,NM - SP - Phrase - All Products Test w/o Collagen - March 2026,NM - SP - Phrase - All Products Test w/o Collagen - March 2026,Amazon,United States,energy drink powder,PHRASE,health energy drink powder ebt approved,9,1,11.1111%,3,3,0,,0.00,0,0,0.0000%,0,0,0,0
"Mar 05, 2026","Mar 05, 2026",No Portfolio,USD,NM - SP - Phrase - All Products Test w/o Collagen - March 2026,NM - SP - Phrase - All Products Test w/o Collagen - March 2026,Amazon,United States,energy drink powder,PHRASE,healthy energy drink powder,13,1,7.6923%,4,4,0,,0.00,0,0,0.0000%,0,0,0,0
"Mar 17, 2026","Mar 17, 2026",Jars,USD,NM - SP - Auto - HLP  Audience - Multi - Offense - Jars - July 2025,NM - SP - Jars - Auto - HLP  Audience - Multi - Offense - July 2025,Amazon,United States,loose-match,-,healthy hydration for physical activity,3,1,33.3333%,3,3,0,,0.00,0,0,0.0000%,0,0,0,0
"Mar 16, 2026","Mar 16, 2026",Jars,USD,NM - SP - Auto - HLP  Audience - Multi - Offense - Jars - July 2025,NM - SP - Jars - Auto - HLP  Audience - Multi - Offense - July 2025,Amazon,United States,loose-match,-,healthy powder to put in water made in usa without bad chemiclas,2,1,50.0000%,5,5,0,,0.00,0,0,0.0000%,0,0,0,0
"Mar 04, 2026","Mar 04, 2026",No Portfolio,USD,NM - SP - Auto - All Products Test w/o Collagen - March 2026,NM - SP - Auto - All Products Test w/o Collagen - March 2026,Amazon,United States,loose-match,-,healthy pre workout women packets,1,1,100.0000%,2,2,0,,0.00,0,0,0.0000%,0,0,0,0
"Feb 10, 2026","Feb 10, 2026",Sachets,USD,NM  - SP - 4 Pack - Auto - CAC  Audience - Offense - B0DJ3J2CKX - July 2025,NM  - SP - 4 Pack - Auto - CAC  Audience - Offense - B0DJ3J2CKX - July 2025,Amazon,United States,loose-match,-,herbalife 24 liftoff,2,1,50.0000%,0,0,0,,0.00,0,0,0.0000%,0,0,0,0
"Mar 15, 2026","Mar 15, 2026",Jars,USD,NM - SP - Auto - HLP  Audience - Multi - Offense - Jars - July 2025,NM - SP - Jars - Auto - HLP  Audience - Multi - Offense - July 2025,Amazon,United States,loose-match,-,hidratante en polvo,4,1,25.0000%,5,5,45,10.5673%,9.46,1,1,100.0000%,0,1,0,45
"Mar 15, 2026","Mar 15, 2026",No Portfolio,USD,NM - SP - Auto - All Products Test w/o Collagen - March 2026,NM - SP - Auto - All Products Test w/o Collagen - March 2026,Amazon,United States,loose-match,-,hidratante en polvo,6,1,16.6667%,1,1,0,,0.00,0,0,0.0000%,0,0,0,0
"Mar 15, 2026","Mar 15, 2026",Jars,USD,NM - SP - Auto - HLP  Audience - Multi - Offense - Jars - July 2025,NM - SP - Jars - Auto - HLP  Audience - Multi - Offense - July 2025,Amazon,United States,loose-match,-,high calorie supplement for elderly,2,1,50.0000%,2,2,0,,0.00,0,0,0.0000%,0,0,0,0
"Feb 19, 2026","Feb 19, 2026",Jars,USD,NM - SP - Auto - HLP  Audience - Multi - Offense - Jars - July 2025,NM - SP - Jars - Auto - HLP  Audience - Multi - Offense - July 2025,Amazon,United States,close-match,-,high dose creatine electrolyte,2,1,50.0000%,2,2,0,,0.00,0,0,0.0000%,0,0,0,0
"Mar 01, 2026","Mar 01, 2026",Jars,USD,NM - SP - Auto - HLP  Audience - Multi - Offense - Jars - July 2025,NM - SP - Jars - Auto - HLP  Audience - Multi - Offense - July 2025,Amazon,United States,close-match,-,high sodium electrolyte powder,5,1,20.0000%,3,3,0,,0.00,0,0,0.0000%,0,0,0,0
"Feb 28, 2026","Feb 28, 2026",Jars,USD,NM - SP - Auto - HLP  Audience - Multi - Offense - Jars - July 2025,NM - SP - Jars - Auto - HLP  Audience - Multi - Offense - July 2025,Amazon,United States,close-match,-,high sodium electrolytes,16,1,6.2500%,3,3,0,,0.00,0,0,0.0000%,0,0,0,0
"Mar 03, 2026","Mar 03, 2026",Jars,USD,NM - SP - Auto - HLP  Audience - Multi - Offense - Jars - July 2025,NM - SP - Jars - Auto - HLP  Audience - Multi - Offense - July 2025,Amazon,United States,close-match,-,high sodium electrolytes powder,1,1,100.0000%,6,6,0,,0.00,0,0,0.0000%,0,0,0,0
"Mar 09, 2026","Mar 09, 2026",No Portfolio,USD,NM - SP - Auto - All Products Test w/o Collagen - March 2026,NM - SP - Auto - All Products Test w/o Collagen - March 2026,Amazon,United States,loose-match,-,horchata hydration packets,2,1,50.0000%,2,2,0,,0.00,0,0,0.0000%,0,0,0,0
"Mar 12, 2026","Mar 12, 2026",No Portfolio,USD,NM - SP - Phrase - All Products Test w/o Collagen - March 2026,NM - SP - Phrase - All Products Test w/o Collagen - March 2026,Amazon,United States,electrolyte supplement,PHRASE,horse electrolyte supplements,2,1,50.0000%,3,3,0,,0.00,0,0,0.0000%,0,0,0,0
"Feb 07, 2026","Feb 07, 2026",Jars,USD,NM - SP - Auto - CAC  Audience - Multi - Offense - Jars - July 2025,NM - SP - Jars - Auto - CAC  Audience - Multi - Offense - July 2025,Amazon,United States,loose-match,-,hospital grade hydration,1,1,100.0000%,5,5,0,,0.00,0,0,0.0000%,0,0,0,0
"Feb 19, 2026","Feb 19, 2026",Jars,USD,NM - SP - Auto - HLP  Audience - Multi - Offense - Jars - July 2025,NM - SP - Jars - Auto - HLP  Audience - Multi - Offense - July 2025,Amazon,United States,loose-match,-,hyaluronic acid drink mix,1,1,100.0000%,4,4,0,,0.00,0,0,0.0000%,0,0,0,0
"Feb 14, 2026","Feb 14, 2026",Jars,USD,NM - SP - Auto - HLP  Audience - Multi - Offense - Jars - July 2025,NM - SP - Jars - Auto - HLP  Audience - Multi - Offense - July 2025,Amazon,United States,loose-match,-,hydrate and performance,1,1,100.0000%,4,4,0,,0.00,0,0,0.0000%,0,0,0,0
"Mar 11, 2026","Mar 11, 2026",Jars,USD,NM - SP - Auto - HLP  Audience - Multi - Offense - Jars - July 2025,NM - SP - Jars - Auto - HLP  Audience - Multi - Offense - July 2025,Amazon,United States,loose-match,-,hydrate peptides,1,1,100.0000%,5,5,0,,0.00,0,0,0.0000%,0,0,0,0
"Feb 20, 2026","Feb 20, 2026",Jars,USD,NM - SP - Auto - HLP  Audience - Multi - Offense - Jars - July 2025,NM - SP - Jars - Auto - HLP  Audience - Multi - Offense - July 2025,Amazon,United States,loose-match,-,hydrate pro lime,1,1,100.0000%,4,4,0,,0.00,0,0,0.0000%,0,0,0,0
"Feb 05, 2026","Feb 05, 2026",Sachets,USD,NM  - SP - 4 Pack - Auto - CAC  Audience - Offense - B0DJ3J2CKX - July 2025,NM  - SP - 4 Pack - Auto - CAC  Audience - Offense - B0DJ3J2CKX - July 2025,Amazon,United States,loose-match,-,hydrated after training,1,1,100.0000%,0,0,0,,0.00,0,0,0.0000%,0,0,0,0
"Mar 13, 2026","Mar 17, 2026",No Portfolio,USD,NM - SP - Auto - All Products Test w/o Collagen - March 2026,NM - SP - Auto - All Products Test w/o Collagen - March 2026,Amazon,United States,close-match,-,hydration,140,2,1.4286%,3,5,0,,0.00,0,0,0.0000%,0,0,0,0
"Mar 06, 2026","Mar 19, 2026",Jars,USD,NM - SP - Auto - HLP  Audience - Multi - Offense - Jars - July 2025,NM - SP - Jars - Auto - HLP  Audience - Multi - Offense - July 2025,Amazon,United States,loose-match,-,hydration and collagen packets,5,3,60.0000%,4,13,0,,0.00,0,0,0.0000%,0,0,0,0
"Feb 11, 2026","Feb 11, 2026",Jars,USD,NM - SP - Auto - CAC  Audience - Multi - Offense - Jars - July 2025,NM - SP - Jars - Auto - CAC  Audience - Multi - Offense - July 2025,Amazon,United States,loose-match,-,hydration and creatine packets,1,1,100.0000%,3,3,0,,0.00,0,0,0.0000%,0,0,0,0
"Mar 03, 2026","Mar 03, 2026",No Portfolio,USD,NM - SP - Auto - All Products Test w/o Collagen - March 2026,NM - SP - Auto - All Products Test w/o Collagen - March 2026,Amazon,United States,loose-match,-,hydration and creatine to go,3,1,33.3333%,2,2,0,,0.00,0,0,0.0000%,0,0,0,0
"Feb 21, 2026","Feb 21, 2026",Sachets,USD,NM  - SP - STR - 12 Pack - PT 2 - B0DY6K7RQH - Jan 2026,NM  - SP - STR - 12 Pack - PT 2 - B0DY6K7RQH - Jan 2026,Amazon,United States,"asin=""B0DXFVM72V""",-,hydration collagen packets,1,1,100.0000%,2,2,0,,0.00,0,0,0.0000%,0,0,0,0
"Mar 18, 2026","Mar 18, 2026",Stick Packs,USD,AUTO TEST MARCH 17 26,STICK PACKS,Amazon,United States,loose-match,-,hydration collagen packets,1,1,100.0000%,4,4,0,,0.00,0,0,0.0000%,0,0,0,0
"Mar 03, 2026","Mar 03, 2026",Sachets,USD,NM  - SP - 12 Pack - Phrase - MDF - B0DY6K7RQH - Sep 2025,NM  - SP - 12 Pack - Phrase - B0DY6K7RQH - Sep 2025,Amazon,United States,creatine and collagen,PHRASE,hydration creatine collagen,1,1,100.0000%,3,3,0,,0.00,0,0,0.0000%,0,0,0,0
"Mar 11, 2026","Mar 11, 2026",No Portfolio,USD,NM - SP - Auto - All Products Test w/o Collagen - March 2026,NM - SP - Auto - All Products Test w/o Collagen - March 2026,Amazon,United States,close-match,-,hydration creatine powder,3,1,33.3333%,2,2,0,,0.00,0,0,0.0000%,0,0,0,0
"Feb 22, 2026","Feb 22, 2026",Jars,USD,NM - SP - Auto - HLP  Audience - Multi - Offense - Jars - July 2025,NM - SP - Jars - Auto - HLP  Audience - Multi - Offense - July 2025,Amazon,United States,loose-match,-,hydration creatine sticks,1,1,100.0000%,4,4,0,,0.00,0,0,0.0000%,0,0,0,0
"Feb 25, 2026","Feb 25, 2026",Jars,USD,NM - SP - Auto - HLP  Audience - Multi - Offense - Jars - July 2025,NM - SP - Jars - Auto - HLP  Audience - Multi - Offense - July 2025,Amazon,United States,loose-match,-,hydration drink mixed with creatine,1,1,100.0000%,4,4,0,,0.00,0,0,0.0000%,0,0,0,0
"Feb 20, 2026","Feb 20, 2026",Jars,USD,NM - SP - Auto - HLP  Audience - Multi - Offense - Jars - July 2025,NM - SP - Jars - Auto - HLP  Audience - Multi - Offense - July 2025,Amazon,United States,close-match,-,hydration drinks with protein,1,1,100.0000%,6,6,0,,0.00,0,0,0.0000%,0,0,0,0
"Mar 14, 2026","Mar 14, 2026",Jars,USD,NM - SP - Auto - HLP  Audience - Multi - Offense - Jars - July 2025,NM - SP - Jars - Auto - HLP  Audience - Multi - Offense - July 2025,Amazon,United States,loose-match,-,hydration electrolyte powder with no vitamins for seniors,1,1,100.0000%,5,5,0,,0.00,0,0,0.0000%,0,0,0,0
"Mar 15, 2026","Mar 15, 2026",No Portfolio,USD,NM - SP - Auto - All Products Test w/o Collagen - March 2026,NM - SP - Auto - All Products Test w/o Collagen - March 2026,Amazon,United States,close-match,-,hydration electrolytes,74,1,1.3514%,2,2,0,,0.00,0,0,0.0000%,0,0,0,0
"Feb 19, 2026","Feb 19, 2026",Jars,USD,NM - SP - Auto - HLP  Audience - Multi - Offense - Jars - July 2025,NM - SP - Jars - Auto - HLP  Audience - Multi - Offense - July 2025,Amazon,United States,close-match,-,hydration energy powder,1,1,100.0000%,7,7,0,,0.00,0,0,0.0000%,0,0,0,0
"Feb 24, 2026","Feb 24, 2026",Jars,USD,NM - SP - Auto - HLP  Audience - Multi - Offense - Jars - July 2025,NM - SP - Jars - Auto - HLP  Audience - Multi - Offense - July 2025,Amazon,United States,close-match,-,hydration jelly,3,1,33.3333%,3,3,0,,0.00,0,0,0.0000%,0,0,0,0
"Mar 17, 2026","Mar 17, 2026",Stick Packs,USD,NM - SP - PT 1 - Stick Packs - Multi - Jan 2026,NM - SP - PT 1 - Stick Packs - Multi - Jan 2026,Amazon,United States,"asin=""B08VPVM3RR""",-,hydration pack with collagen,1,1,100.0000%,2,2,0,,0.00,0,0,0.0000%,0,0,0,0
"Feb 07, 2026","Feb 07, 2026",Sachets,USD,NM  - SP - 4 Pack - Auto - PBP  Audience - Offense - B0DJ3J2CKX - July 2025,NM  - SP - 4 Pack - Auto - PBP  Audience - Offense - B0DJ3J2CKX - July 2025,Amazon,United States,close-match,-,hydration packet,1,1,100.0000%,0,0,0,,0.00,0,0,0.0000%,0,0,0,0
"Mar 11, 2026","Mar 11, 2026",Jars,USD,NM - SP - Auto - HLP  Audience - Multi - Offense - Jars - July 2025,NM - SP - Jars - Auto - HLP  Audience - Multi - Offense - July 2025,Amazon,United States,loose-match,-,hydration packet variety pack,1,1,100.0000%,2,2,0,,0.00,0,0,0.0000%,0,0,0,0
"Feb 05, 2026","Feb 27, 2026",Sachets,USD,NM  - SP - GPT - 12 Pack - Phrase - B0DY6K7RQH - Jan 2026,NM  - SP - GPT - 12 Pack - Phrase - B0DY6K7RQH - Jan 2026,Amazon,United States,hydration packets,PHRASE,hydration packets,103,6,5.8252%,1,6,0,,0.00,0,0,0.0000%,0,0,0,0
"Feb 01, 2026","Feb 07, 2026",Sachets,USD,NM  - SP - GPT - 4 Pack - Phrase - B0DJ3J2CKX - Jan 2026,NM  - SP - GPT - 4 Pack - Phrase - B0DJ3J2CKX - Jan 2026,Amazon,United States,hydration packets,PHRASE,hydration packets,152,9,5.9211%,1,9,0,,0.00,0,0,0.0000%,0,0,0,0
"Mar 02, 2026","Mar 05, 2026",No Portfolio,USD,NM - SP - Auto - All Products Test w/o Collagen - March 2026,NM - SP - Auto - All Products Test w/o Collagen - March 2026,Amazon,United States,loose-match,-,hydration packets,7645,6,0.0785%,2,10,0,,0.00,0,0,0.0000%,0,0,0,0
"Feb 03, 2026","Feb 03, 2026",Sachets,USD,NM  - SP - GPT - 4 Pack - Phrase - B0DJ3J2CKX - Jan 2026,NM  - SP - GPT - 4 Pack - Phrase - B0DJ3J2CKX - Jan 2026,Amazon,United States,hydration packets,PHRASE,hydration packets fsa,1,1,100.0000%,1,1,0,,0.00,0,0,0.0000%,0,0,0,0
"Feb 08, 2026","Feb 08, 2026",Sachets,USD,NM  - SP - GPT - 4 Pack - Phrase - B0DJ3J2CKX - Jan 2026,NM  - SP - GPT - 4 Pack - Phrase - B0DJ3J2CKX - Jan 2026,Amazon,United States,hydration packets,PHRASE,hydration packets gym,1,1,100.0000%,1,1,0,,0.00,0,0,0.0000%,0,0,0,0
"Mar 08, 2026","Mar 08, 2026",Jars,USD,NM - SP - Auto - HLP  Audience - Multi - Offense - Jars - July 2025,NM - SP - Jars - Auto - HLP  Audience - Multi - Offense - July 2025,Amazon,United States,loose-match,-,hydration packets with collagen,1,1,100.0000%,3,3,45,7.7419%,12.92,1,1,100.0000%,1,0,45,0
"Mar 13, 2026","Mar 13, 2026",Sachets,USD,NM  - SP - STR - 12 Pack - PT 2 - B0DY6K7RQH - Jan 2026,NM  - SP - STR - 12 Pack - PT 2 - B0DY6K7RQH - Jan 2026,Amazon,United States,"asin=""B0DXFVM72V""",-,hydration packs with collagen,1,1,100.0000%,2,2,0,,0.00,0,0,0.0000%,0,0,0,0
"Mar 10, 2026","Mar 10, 2026",Jars,USD,NM - SP - Auto - HLP  Audience - Multi - Offense - Jars - July 2025,NM - SP - Jars - Auto - HLP  Audience - Multi - Offense - July 2025,Amazon,United States,loose-match,-,hydration plus collagen,3,1,33.3333%,4,4,0,,0.00,0,0,0.0000%,0,0,0,0
"Feb 20, 2026","Feb 20, 2026",Jars,USD,NM - SP - Auto - HLP  Audience - Multi - Offense - Jars - July 2025,NM - SP - Jars - Auto - HLP  Audience - Multi - Offense - July 2025,Amazon,United States,loose-match,-,hydration plus creatine,4,1,25.0000%,1,1,0,,0.00,0,0,0.0000%,0,0,0,0
"Feb 01, 2026","Feb 01, 2026",Jars,USD,NM - SP - Auto - CAC  Audience - Multi - Offense - Jars - July 2025,NM - SP - Jars - Auto - CAC  Audience - Multi - Offense - July 2025,Amazon,United States,loose-match,-,hydration powder,1,1,100.0000%,0,0,0,,0.00,0,0,0.0000%,0,0,0,0
"Feb 27, 2026","Mar 10, 2026",Jars,USD,NM - SP - Auto - HLP  Audience - Multi - Offense - Jars - July 2025,NM - SP - Jars - Auto - HLP  Audience - Multi - Offense - July 2025,Amazon,United States,close-match,-,hydration powder,47,2,4.2553%,3,5,0,,0.00,0,0,0.0000%,0,0,0,0
"Mar 05, 2026","Mar 05, 2026",No Portfolio,USD,NM - SP - Auto - All Products Test w/o Collagen - March 2026,NM - SP - Auto - All Products Test w/o Collagen - March 2026,Amazon,United States,close-match,-,hydration powder,4,1,25.0000%,2,2,10,17.7889%,5.62,1,1,100.0000%,1,0,10,0
"Mar 12, 2026","Mar 12, 2026",Jars,USD,NM - SP - Auto - HLP  Audience - Multi - Offense - Jars - July 2025,NM - SP - Jars - Auto - HLP  Audience - Multi - Offense - July 2025,Amazon,United States,loose-match,-,hydration powder for coffee,1,1,100.0000%,5,5,0,,0.00,0,0,0.0000%,0,0,0,0
"Feb 24, 2026","Feb 24, 2026",Jars,USD,NM - SP - Auto - HLP  Audience - Multi - Offense - Jars - July 2025,NM - SP - Jars - Auto - HLP  Audience - Multi - Offense - July 2025,Amazon,United States,close-match,-,hydration powder with creatine,3,1,33.3333%,6,6,0,,0.00,0,0,0.0000%,0,0,0,0
"Mar 17, 2026","Mar 17, 2026",Stick Packs,USD,AUTO TEST MARCH 17 26,STICK PACKS,Amazon,United States,loose-match,-,hydration protein packets,3,1,33.3333%,3,3,0,,0.00,0,0,0.0000%,0,0,0,0
"Feb 18, 2026","Feb 18, 2026",Jars,USD,NM - SP - Auto - HLP  Audience - Multi - Offense - Jars - July 2025,NM - SP - Jars - Auto - HLP  Audience - Multi - Offense - July 2025,Amazon,United States,close-match,-,hydration salts,549,5,0.9107%,3,15,0,,0.00,0,0,0.0000%,0,0,0,0
"Mar 03, 2026","Mar 03, 2026",No Portfolio,USD,NM - SP - Auto - All Products Test w/o Collagen - March 2026,NM - SP - Auto - All Products Test w/o Collagen - March 2026,Amazon,United States,loose-match,-,hydration sample pack,2,1,50.0000%,2,2,0,,0.00,0,0,0.0000%,0,0,0,0
"Mar 13, 2026","Mar 13, 2026",No Portfolio,USD,NM - SP - Auto - All Products Test w/o Collagen - March 2026,NM - SP - Auto - All Products Test w/o Collagen - March 2026,Amazon,United States,close-match,-,hydration watermelon,70,1,1.4286%,2,2,0,,0.00,0,0,0.0000%,0,0,0,0
"Feb 17, 2026","Feb 17, 2026",Jars,USD,NM - SP - Auto - HLP  Audience - Multi - Offense - Jars - July 2025,NM - SP - Jars - Auto - HLP  Audience - Multi - Offense - July 2025,Amazon,United States,close-match,-,hydration with caffeine,1,1,100.0000%,7,7,0,,0.00,0,0,0.0000%,0,0,0,0
"Mar 06, 2026","Mar 06, 2026",Jars,USD,NM - SP - Auto - HLP  Audience - Multi - Offense - Jars - July 2025,NM - SP - Jars - Auto - HLP  Audience - Multi - Offense - July 2025,Amazon,United States,close-match,-,hydration with collagen,4,1,25.0000%,4,4,0,,0.00,0,0,0.0000%,0,0,0,0
"Mar 07, 2026","Mar 07, 2026",No Portfolio,USD,NM - SP - Auto - All Products Test w/o Collagen - March 2026,NM - SP - Auto - All Products Test w/o Collagen - March 2026,Amazon,United States,close-match,-,hydration with creatine,1,1,100.0000%,2,2,0,,0.00,0,0,0.0000%,0,0,0,0
"Mar 04, 2026","Mar 04, 2026",No Portfolio,USD,NM - SP - Auto - All Products Test w/o Collagen - March 2026,NM - SP - Auto - All Products Test w/o Collagen - March 2026,Amazon,United States,loose-match,-,hydration with d3 and k2 creatine,2,1,50.0000%,2,2,0,,0.00,0,0,0.0000%,0,0,0,0
"Feb 16, 2026","Feb 16, 2026",Jars,USD,NM - SP - Auto - PBP  Audience - Multi - Offense - Jars - July 2025,NM - SP - Jars - Auto - PBP  Audience - Multi - Offense - July 2025,Amazon,United States,loose-match,-,hydration with sodium and chloride,1,1,100.0000%,3,3,33,9.3171%,10.73,1,1,100.0000%,0,1,0,33
"Mar 15, 2026","Mar 15, 2026",No Portfolio,USD,NM - SP - Auto - All Products Test w/o Collagen - March 2026,NM - SP - Auto - All Products Test w/o Collagen - March 2026,Amazon,United States,close-match,-,hydration without potassium,1,1,100.0000%,2,2,0,,0.00,0,0,0.0000%,0,0,0,0
"Mar 11, 2026","Mar 11, 2026",No Portfolio,USD,NM - SP - Auto - All Products Test w/o Collagen - March 2026,NM - SP - Auto - All Products Test w/o Collagen - March 2026,Amazon,United States,close-match,-,hydration zero sugar,336,1,0.2976%,2,2,35,6.0086%,16.64,1,1,100.0000%,1,0,35,0
"Feb 01, 2026","Feb 01, 2026",Jars,USD,NM - SP - Auto - HLP  Audience - Multi - Offense - Jars - July 2025,NM - SP - Jars - Auto - HLP  Audience - Multi - Offense - July 2025,Amazon,United States,close-match,-,hydration zero sugar watermelon,2,1,50.0000%,7,7,0,,0.00,0,0,0.0000%,0,0,0,0
"Mar 06, 2026","Mar 06, 2026",No Portfolio,USD,NM - SP - Phrase - All Products Test w/o Collagen - March 2026,NM - SP - Phrase - All Products Test w/o Collagen - March 2026,Amazon,United States,electrolyte drink mix,PHRASE,hydrocele electrolyte drink mix,2,1,50.0000%,4,4,0,,0.00,0,0,0.0000%,0,0,0,0
"Feb 26, 2026","Feb 26, 2026",Jars,USD,NM - SP - Auto - HLP  Audience - Multi - Offense - Jars - July 2025,NM - SP - Jars - Auto - HLP  Audience - Multi - Offense - July 2025,Amazon,United States,close-match,-,im8,37,1,2.7027%,2,2,0,,0.00,0,0,0.0000%,0,0,0,0
"Mar 04, 2026","Mar 04, 2026",No Portfolio,USD,NM - SP - Auto - All Products Test w/o Collagen - March 2026,NM - SP - Auto - All Products Test w/o Collagen - March 2026,Amazon,United States,loose-match,-,individual creatine packets travel,14,1,7.1429%,2,2,0,,0.00,0,0,0.0000%,0,0,0,0
"Mar 04, 2026","Mar 04, 2026",No Portfolio,USD,NM - SP - Auto - All Products Test w/o Collagen - March 2026,NM - SP - Auto - All Products Test w/o Collagen - March 2026,Amazon,United States,loose-match,-,instant hydration,6,1,16.6667%,2,2,0,,0.00,0,0,0.0000%,0,0,0,0
"Feb 24, 2026","Feb 24, 2026",Jars,USD,NM - SP - Auto - HLP  Audience - Multi - Offense - Jars - July 2025,NM - SP - Jars - Auto - HLP  Audience - Multi - Offense - July 2025,Amazon,United States,close-match,-,instant hydration vitamin,3,1,33.3333%,3,3,0,,0.00,0,0,0.0000%,0,0,0,0
"Feb 07, 2026","Feb 07, 2026",Sachets,USD,NM  - SP - STR - 4 Pack - PT 1 - B0DJ3J2CKX - Jan 2026,NM  - SP - STR - 4 Pack - PT 1 - B0DJ3J2CKX - Jan 2026,Amazon,United States,"asin=""B00SCO8AA8""",-,isopure,1,1,100.0000%,1,1,0,,0.00,0,0,0.0000%,0,0,0,0
"Mar 16, 2026","Mar 16, 2026",Jars,USD,NM - SP - Auto - HLP  Audience - Multi - Offense - Jars - July 2025,NM - SP - Jars - Auto - HLP  Audience - Multi - Offense - July 2025,Amazon,United States,loose-match,-,jive protein hydrator,3,1,33.3333%,2,2,0,,0.00,0,0,0.0000%,0,0,0,0
"Mar 15, 2026","Mar 15, 2026",No Portfolio,USD,NM - SP - Auto - All Products Test w/o Collagen - March 2026,NM - SP - Auto - All Products Test w/o Collagen - March 2026,Amazon,United States,close-match,-,jive protein hydrator,12,1,8.3333%,2,2,0,,0.00,0,0,0.0000%,0,0,0,0
"Mar 17, 2026","Mar 17, 2026",No Portfolio,USD,NM - SP - Auto - All Products Test w/o Collagen - March 2026,NM - SP - Auto - All Products Test w/o Collagen - March 2026,Amazon,United States,close-match,-,just ingredients electrolyte,6,1,16.6667%,3,3,0,,0.00,0,0,0.0000%,0,0,0,0
"Feb 06, 2026","Feb 06, 2026",Jars,USD,NM - SP - Auto - HLP  Audience - Multi - Offense - Jars - July 2025,NM - SP - Jars - Auto - HLP  Audience - Multi - Offense - July 2025,Amazon,United States,loose-match,-,kemar rasa drinking powder,1,1,100.0000%,3,3,0,,0.00,0,0,0.0000%,0,0,0,0
"Feb 20, 2026","Feb 20, 2026",Jars,USD,NM - SP - Auto - PBP  Audience - Multi - Offense - Jars - July 2025,NM - SP - Jars - Auto - PBP  Audience - Multi - Offense - July 2025,Amazon,United States,loose-match,-,keratin for drinking liquids,1,1,100.0000%,3,3,0,,0.00,0,0,0.0000%,0,0,0,0
"Mar 11, 2026","Mar 11, 2026",No Portfolio,USD,NM - SP - Auto - All Products Test w/o Collagen - March 2026,NM - SP - Auto - All Products Test w/o Collagen - March 2026,Amazon,United States,loose-match,-,ketones,6,1,16.6667%,2,2,0,,0.00,0,0,0.0000%,0,0,0,0
"Feb 02, 2026","Feb 02, 2026",Jars,USD,NM - SP - Phrase 3 - MDF - Jars - Sep 2025,NM - SP - Jars - Phrase 3 - Sep 2025,Amazon,United States,electrolytes powder with,PHRASE,key nutrient electrolytes powder,4,1,25.0000%,6,6,0,,0.00,0,0,0.0000%,0,0,0,0
"Feb 16, 2026","Feb 16, 2026",Jars,USD,NM - SP - Auto - PBP  Audience - Multi - Offense - Jars - July 2025,NM - SP - Jars - Auto - PBP  Audience - Multi - Offense - July 2025,Amazon,United States,loose-match,-,key nutrients electrolyte powder,1,1,100.0000%,4,4,0,,0.00,0,0,0.0000%,0,0,0,0
"Mar 04, 2026","Mar 04, 2026",No Portfolio,USD,NM - SP - Phrase - All Products Test w/o Collagen - March 2026,NM - SP - Phrase - All Products Test w/o Collagen - March 2026,Amazon,United States,electrolyte drink mix,PHRASE,klass electrolyte ￼drink mix packets,18,1,5.5556%,5,5,0,,0.00,0,0,0.0000%,0,0,0,0
"Feb 22, 2026","Feb 22, 2026",Jars,USD,NM - SP - Auto - HLP  Audience - Multi - Offense - Jars - July 2025,NM - SP - Jars - Auto - HLP  Audience - Multi - Offense - July 2025,Amazon,United States,loose-match,-,kokos hydration,2,1,50.0000%,4,4,0,,0.00,0,0,0.0000%,0,0,0,0
"Feb 19, 2026","Feb 19, 2026",Jars,USD,NM - SP - Auto - HLP  Audience - Multi - Offense - Jars - July 2025,NM - SP - Jars - Auto - HLP  Audience - Multi - Offense - July 2025,Amazon,United States,loose-match,-,lactic acid drinks,1,1,100.0000%,4,4,0,,0.00,0,0,0.0000%,0,0,0,0
"Feb 14, 2026","Feb 14, 2026",Jars,USD,NM - SP - Auto - PBP  Audience - Multi - Offense - Jars - July 2025,NM - SP - Jars - Auto - PBP  Audience - Multi - Offense - July 2025,Amazon,United States,loose-match,-,"lean electrolytes, with 18 low sodium amino acids",1,1,100.0000%,3,3,0,,0.00,0,0,0.0000%,0,0,0,0
"Mar 10, 2026","Mar 10, 2026",No Portfolio,USD,NM - SP - Phrase - All Products Test w/o Collagen - March 2026,NM - SP - Phrase - All Products Test w/o Collagen - March 2026,Amazon,United States,electrolyte drink mix,PHRASE,lean hydration daily electrolyte drink mix,1,1,100.0000%,4,4,0,,0.00,0,0,0.0000%,0,0,0,0
"Mar 10, 2026","Mar 10, 2026",No Portfolio,USD,NM - SP - Auto - All Products Test w/o Collagen - March 2026,NM - SP - Auto - All Products Test w/o Collagen - March 2026,Amazon,United States,loose-match,-,lemon electrolyte drink,27,1,3.7037%,2,2,0,,0.00,0,0,0.0000%,0,0,0,0
"Mar 11, 2026","Mar 11, 2026",No Portfolio,USD,NM - SP - Auto - All Products Test w/o Collagen - March 2026,NM - SP - Auto - All Products Test w/o Collagen - March 2026,Amazon,United States,close-match,-,lemon electrolyte powder,8,1,12.5000%,2,2,0,,0.00,0,0,0.0000%,0,0,0,0
"Mar 13, 2026","Mar 16, 2026",No Portfolio,USD,NM - SP - Phrase - All Products Test w/o Collagen - March 2026,NM - SP - Phrase - All Products Test w/o Collagen - March 2026,Amazon,United States,electrolyte drink mix,PHRASE,lemon lime electrolyte drink mix,189,2,1.0582%,3,6,0,,0.00,0,0,0.0000%,0,0,0,0
"Mar 13, 2026","Mar 13, 2026",No Portfolio,USD,NM - SP - Auto - All Products Test w/o Collagen - March 2026,NM - SP - Auto - All Products Test w/o Collagen - March 2026,Amazon,United States,close-match,-,lemon lime electrolytes,40,1,2.5000%,2,2,0,,0.00,0,0,0.0000%,0,0,0,0
"Mar 17, 2026","Mar 17, 2026",Stick Packs,USD,AUTO TEST MARCH 17 26,STICK PACKS,Amazon,United States,loose-match,-,lemon powder electrolytes,1,1,100.0000%,6,6,35,18.1974%,5.50,1,1,100.0000%,1,0,35,0
"Feb 13, 2026","Feb 13, 2026",Jars,USD,NM - SP - Auto - PBP  Audience - Multi - Offense - Jars - July 2025,NM - SP - Jars - Auto - PBP  Audience - Multi - Offense - July 2025,Amazon,United States,loose-match,-,life extension,8,1,12.5000%,2,2,0,,0.00,0,0,0.0000%,0,0,0,0
"Feb 19, 2026","Feb 19, 2026",Jars,USD,NM - SP - Auto - HLP  Audience - Multi - Offense - Jars - July 2025,NM - SP - Jars - Auto - HLP  Audience - Multi - Offense - July 2025,Amazon,United States,loose-match,-,life longinity powder drinks,1,1,100.0000%,4,4,0,,0.00,0,0,0.0000%,0,0,0,0
"Mar 05, 2026","Mar 05, 2026",No Portfolio,USD,NM - SP - Auto - All Products Test w/o Collagen - March 2026,NM - SP - Auto - All Products Test w/o Collagen - March 2026,Amazon,United States,loose-match,-,lift off packets,1,1,100.0000%,2,2,0,,0.00,0,0,0.0000%,0,0,0,0
"Mar 15, 2026","Mar 15, 2026",No Portfolio,USD,NM - SP - Auto - All Products Test w/o Collagen - March 2026,NM - SP - Auto - All Products Test w/o Collagen - March 2026,Amazon,United States,close-match,-,lime salt,49,1,2.0408%,2,2,35,6.6094%,15.13,1,1,100.0000%,1,0,35,0
"Feb 10, 2026","Feb 10, 2026",Sachets,USD,NM  - SP - 12 Pack - Phrase - MDF - B0DY6K7RQH - Sep 2025,NM  - SP - 12 Pack - Phrase - B0DY6K7RQH - Sep 2025,Amazon,United States,collagen for women,PHRASE,liquid collagen for women,43,1,2.3256%,1,1,0,,0.00,0,0,0.0000%,0,0,0,0
"Mar 05, 2026","Mar 05, 2026",No Portfolio,USD,NM - SP - Phrase - All Products Test w/o Collagen - March 2026,NM - SP - Phrase - All Products Test w/o Collagen - March 2026,Amazon,United States,electrolyte drink mix,PHRASE,liquid i.v. sugar free electrolyte drink mix deals,21,1,4.7619%,3,3,0,,0.00,0,0,0.0000%,0,0,0,0
"Mar 12, 2026","Mar 12, 2026",No Portfolio,USD,NM - SP - Auto - All Products Test w/o Collagen - March 2026,NM - SP - Auto - All Products Test w/o Collagen - March 2026,Amazon,United States,close-match,-,liquid iv,92,1,1.0870%,3,3,0,,0.00,0,0,0.0000%,0,0,0,0
"Feb 18, 2026","Feb 18, 2026",Jars,USD,NM - SP - Auto - HLP  Audience - Multi - Offense - Jars - July 2025,NM - SP - Jars - Auto - HLP  Audience - Multi - Offense - July 2025,Amazon,United States,loose-match,-,liquid iv creatine,1,1,100.0000%,1,1,0,,0.00,0,0,0.0000%,0,0,0,0
"Mar 17, 2026","Mar 17, 2026",Jars,USD,NM - SP - Auto - HLP  Audience - Multi - Offense - Jars - July 2025,NM - SP - Jars - Auto - HLP  Audience - Multi - Offense - July 2025,Amazon,United States,loose-match,-,lmnt,2,1,50.0000%,4,4,0,,0.00,0,0,0.0000%,0,0,0,0
"Feb 19, 2026","Feb 19, 2026",Sachets,USD,NM  - SP - 12 Pack - Phrase - MDF - B0DY6K7RQH - Sep 2025,NM  - SP - 12 Pack - Phrase - B0DY6K7RQH - Sep 2025,Amazon,United States,lmnt electrolyte powder packets,PHRASE,lmnt electrolyte powder packets,2,1,50.0000%,1,1,0,,0.00,0,0,0.0000%,0,0,0,0
"Feb 17, 2026","Feb 17, 2026",Sachets,USD,NM  - SP - 4 Pack - Phrase 1 - B0DJ3J2CKX - Sep 2025,NM  - SP - 4 Pack - Phrase 1 - B0DJ3J2CKX - Sep 2025,Amazon,United States,lmnt electrolyte powder packets,PHRASE,lmnt electrolyte powder packets,5,1,20.0000%,1,1,0,,0.00,0,0,0.0000%,0,0,0,0
"Feb 12, 2026","Feb 12, 2026",Sachets,USD,NM  - SP - 4 Pack - Phrase 2 - MDF - B0DJ3J2CKX - Sep 2025,NM  - SP - 4 Pack - Phrase 2 - B0DJ3J2CKX - Sep 2025,Amazon,United States,lmnt electrolyte powder packets,PHRASE,lmnt electrolyte powder packets,18,1,5.5556%,1,1,0,,0.00,0,0,0.0000%,0,0,0,0
"Mar 04, 2026","Mar 04, 2026",No Portfolio,USD,NM - SP - Auto - All Products Test w/o Collagen - March 2026,NM - SP - Auto - All Products Test w/o Collagen - March 2026,Amazon,United States,loose-match,-,lmnt electrolytes,1,1,100.0000%,2,2,10,17.4874%,5.72,1,1,100.0000%,1,0,10,0
"Mar 02, 2026","Mar 12, 2026",Jars,USD,NM - SP - Auto - HLP  Audience - Multi - Offense - Jars - July 2025,NM - SP - Jars - Auto - HLP  Audience - Multi - Offense - July 2025,Amazon,United States,loose-match,-,lmnt raspberry salt,78,2,2.5641%,3,6,0,,0.00,0,0,0.0000%,0,0,0,0
"Feb 09, 2026","Feb 09, 2026",Jars,USD,NM - SP - Auto - PBP  Audience - Multi - Offense - Jars - July 2025,NM - SP - Jars - Auto - PBP  Audience - Multi - Offense - July 2025,Amazon,United States,loose-match,-,lmnt raspberry salt,17,1,5.8824%,1,1,33,2.8225%,35.43,1,1,100.0000%,1,0,33,0
"Feb 11, 2026","Feb 11, 2026",Jars,USD,NM - SP - Auto - PBP  Audience - Multi - Offense - Jars - July 2025,NM - SP - Jars - Auto - PBP  Audience - Multi - Offense - July 2025,Amazon,United States,loose-match,-,lmnt watermelon salt,11,1,9.0909%,1,1,0,,0.00,0,0,0.0000%,0,0,0,0
"Feb 04, 2026","Feb 04, 2026",Sachets,USD,NM  - SP - 12 Pack - Auto - PBP  Audience - MDF - Offense - B0DY6K7RQH - July 2025,NM  - SP - 12 Pack - Auto - PBP  Audience - Offense - B0DY6K7RQH - July 2025,Amazon,United States,loose-match,-,loaded water packets with collagen,1,1,100.0000%,1,1,0,,0.00,0,0,0.0000%,0,0,0,0
"Mar 04, 2026","Mar 04, 2026",Sachets,USD,NM  - SP - STR - 12 Pack - PT 6 - B0DY6K7RQH - Jan 2026,NM  - SP - STR - 12 Pack - PT 6 - B0DY6K7RQH - Jan 2026,Amazon,United States,"asin=""B0D2R7RP9Q""",-,loaded water packets with collagen,2,1,50.0000%,1,1,0,,0.00,0,0,0.0000%,0,0,0,0
"Mar 13, 2026","Mar 13, 2026",No Portfolio,USD,NM - SP - Auto - All Products Test w/o Collagen - March 2026,NM - SP - Auto - All Products Test w/o Collagen - March 2026,Amazon,United States,loose-match,-,long-life products,1,1,100.0000%,1,1,0,,0.00,0,0,0.0000%,0,0,0,0
"Feb 19, 2026","Feb 19, 2026",Jars,USD,NM - SP - Auto - HLP  Audience - Multi - Offense - Jars - July 2025,NM - SP - Jars - Auto - HLP  Audience - Multi - Offense - July 2025,Amazon,United States,loose-match,-,low calorie dextrose hydration mix,1,1,100.0000%,4,4,0,,0.00,0,0,0.0000%,0,0,0,0
"Feb 25, 2026","Feb 25, 2026",Jars,USD,NM - SP - Auto - HLP  Audience - Multi - Offense - Jars - July 2025,NM - SP - Jars - Auto - HLP  Audience - Multi - Offense - July 2025,Amazon,United States,close-match,-,low carb hydration,2,1,50.0000%,3,3,0,,0.00,0,0,0.0000%,0,0,0,0
"Feb 07, 2026","Feb 07, 2026",Sachets,USD,NM  - SP - 12 Pack - Phrase - MDF - B0DY6K7RQH - Sep 2025,NM  - SP - 12 Pack - Phrase - B0DY6K7RQH - Sep 2025,Amazon,United States,creatine for women,PHRASE,low dose creatine for women collagen,1,1,100.0000%,2,2,10,24.7236%,4.04,1,1,100.0000%,1,0,10,0
"Mar 13, 2026","Mar 13, 2026",Jars,USD,NM - SP - Auto - HLP  Audience - Multi - Offense - Jars - July 2025,NM - SP - Jars - Auto - HLP  Audience - Multi - Offense - July 2025,Amazon,United States,loose-match,-,lyte shed advanced hydration,1,1,100.0000%,5,5,0,,0.00,0,0,0.0000%,0,0,0,0
"Mar 04, 2026","Mar 04, 2026",No Portfolio,USD,NM - SP - Phrase - All Products Test w/o Collagen - March 2026,NM - SP - Phrase - All Products Test w/o Collagen - March 2026,Amazon,United States,electrolyte drink mix,PHRASE,magnesium electrolyte drink mix,18,1,5.5556%,4,4,0,,0.00,0,0,0.0000%,0,0,0,0
"Mar 14, 2026","Mar 14, 2026",Jars,USD,NM - SP - Auto - HLP  Audience - Multi - Offense - Jars - July 2025,NM - SP - Jars - Auto - HLP  Audience - Multi - Offense - July 2025,Amazon,United States,loose-match,-,mango pineapple guava hydration,1,1,100.0000%,5,5,0,,0.00,0,0,0.0000%,0,0,0,0
"Feb 12, 2026","Feb 12, 2026",Jars,USD,NM - SP - Auto - PBP  Audience - Multi - Offense - Jars - July 2025,NM - SP - Jars - Auto - PBP  Audience - Multi - Offense - July 2025,Amazon,United States,loose-match,-,marlo electrolyte powder,1,1,100.0000%,0,0,0,,0.00,0,0,0.0000%,0,0,0,0
"Mar 03, 2026","Mar 03, 2026",Jars,USD,NM - SP - Auto - HLP  Audience - Multi - Offense - Jars - July 2025,NM - SP - Jars - Auto - HLP  Audience - Multi - Offense - July 2025,Amazon,United States,loose-match,-,medication hydration powder,1,1,100.0000%,4,4,0,,0.00,0,0,0.0000%,0,0,0,0
"Mar 17, 2026","Mar 17, 2026",Stick Packs,USD,AUTO TEST MARCH 17 26,STICK PACKS,Amazon,United States,loose-match,-,milklendiary hydration,1,1,100.0000%,6,6,0,,0.00,0,0,0.0000%,0,0,0,0
"Mar 02, 2026","Mar 02, 2026",No Portfolio,USD,NM - SP - Phrase - All Products Test w/o Collagen - March 2026,NM - SP - Phrase - All Products Test w/o Collagen - March 2026,Amazon,United States,creatine women,PHRASE,mind body green creatine for women packets,5,1,20.0000%,3,3,0,,0.00,0,0,0.0000%,0,0,0,0
"Feb 09, 2026","Feb 09, 2026",Jars,USD,NM - SP - Auto - HLP  Audience - Multi - Offense - Jars - July 2025,NM - SP - Jars - Auto - HLP  Audience - Multi - Offense - July 2025,Amazon,United States,close-match,-,mineral salt for hydration,1,1,100.0000%,6,6,0,,0.00,0,0,0.0000%,0,0,0,0
"Feb 16, 2026","Feb 16, 2026",Jars,USD,NM - SP - Auto - PBP  Audience - Multi - Offense - Jars - July 2025,NM - SP - Jars - Auto - PBP  Audience - Multi - Offense - July 2025,Amazon,United States,loose-match,-,minerals and collagen electrolytes,1,1,100.0000%,3,3,0,,0.00,0,0,0.0000%,0,0,0,0
"Feb 04, 2026","Feb 04, 2026",Sachets,USD,NM  - SP - 12 Pack - MMT - MDF - Branded - May 2025 - B0DY6K7RQH,NM  - SP - 12 Pack - MMT - Branded - Apr 2025 - B0DY6K7RQH,Amazon,United States,+harlo,BROAD,mix drink go harlo mix,1,1,100.0000%,0,0,0,,0.00,0,0,0.0000%,0,0,0,0
"Feb 04, 2026","Feb 04, 2026",Sachets,USD,NM  - SP - 12 Pack - MMT - MDF - Branded - May 2025 - B0DY6K7RQH,NM  - SP - 12 Pack - MMT - Branded - Apr 2025 - B0DY6K7RQH,Amazon,United States,+harlo,BROAD,mix drink go harlo mix flavors,1,1,100.0000%,1,1,10,5.4271%,18.43,1,1,100.0000%,1,0,10,0
"Mar 16, 2026","Mar 16, 2026",Stick Packs,USD,AUTO TEST MARCH 17 26,STICK PACKS,Amazon,United States,loose-match,-,mizulab asian flavored electrolytes lychee,1,1,100.0000%,3,3,0,,0.00,0,0,0.0000%,0,0,0,0
"Feb 10, 2026","Feb 10, 2026",Jars,USD,NM - SP - Auto - CAC  Audience - Multi - Offense - Jars - July 2025,NM - SP - Jars - Auto - CAC  Audience - Multi - Offense - July 2025,Amazon,United States,loose-match,-,moisturizing powder for water gym,1,1,100.0000%,3,3,0,,0.00,0,0,0.0000%,0,0,0,0
"Feb 18, 2026","Feb 18, 2026",Jars,USD,NM - SP - Auto - HLP  Audience - Multi - Offense - Jars - July 2025,NM - SP - Jars - Auto - HLP  Audience - Multi - Offense - July 2025,Amazon,United States,loose-match,-,morning collagen with electrolytes,1,1,100.0000%,4,4,0,,0.00,0,0,0.0000%,0,0,0,0
"Mar 11, 2026","Mar 11, 2026",No Portfolio,USD,NM - SP - Auto - All Products Test w/o Collagen - March 2026,NM - SP - Auto - All Products Test w/o Collagen - March 2026,Amazon,United States,close-match,-,morning electrolytes and caffeine no sugar,12,1,8.3333%,2,2,0,,0.00,0,0,0.0000%,0,0,0,0
"Feb 01, 2026","Feb 01, 2026",Jars,USD,NM - SP - STR - Phrase - Jars - Jan 2026,NM - SP - STR - Phrase - Jars - Jan 2026,Amazon,United States,electrolyte with creatine,PHRASE,morning electrolytes with creatine,5,1,20.0000%,3,3,0,,0.00,0,0,0.0000%,0,0,0,0
"Mar 05, 2026","Mar 05, 2026",No Portfolio,USD,NM - SP - Auto - All Products Test w/o Collagen - March 2026,NM - SP - Auto - All Products Test w/o Collagen - March 2026,Amazon,United States,loose-match,-,mud water,12,1,8.3333%,2,2,0,,0.00,0,0,0.0000%,0,0,0,0
"Feb 23, 2026","Feb 23, 2026",Jars,USD,NM - SP - Auto - HLP  Audience - Multi - Offense - Jars - July 2025,NM - SP - Jars - Auto - HLP  Audience - Multi - Offense - July 2025,Amazon,United States,loose-match,-,muscle building hydration,2,1,50.0000%,4,4,0,,0.00,0,0,0.0000%,0,0,0,0
"Mar 01, 2026","Mar 17, 2026",Jars,USD,NM - SP - Auto - HLP  Audience - Multi - Offense - Jars - July 2025,NM - SP - Jars - Auto - HLP  Audience - Multi - Offense - July 2025,Amazon,United States,close-match,-,must haves for women,32,3,9.3750%,2,7,0,,0.00,0,0,0.0000%,0,0,0,0
"Feb 05, 2026","Feb 05, 2026",Jars,USD,NM - SP - Phrase 2 - MDF - Jars - Sep 2025,NM - SP - Jars - Phrase 2 - Sep 2025,Amazon,United States,electrolytes and collagen,PHRASE,natural electrolytes collagen,2,1,50.0000%,4,4,0,,0.00,0,0,0.0000%,0,0,0,0
"Mar 10, 2026","Mar 10, 2026",Jars,USD,NM - SP - Auto - HLP  Audience - Multi - Offense - Jars - July 2025,NM - SP - Jars - Auto - HLP  Audience - Multi - Offense - July 2025,Amazon,United States,loose-match,-,needed electrolyte powder,1,1,100.0000%,2,2,0,,0.00,0,0,0.0000%,0,0,0,0
"Mar 05, 2026","Mar 05, 2026",No Portfolio,USD,NM - SP - Auto - All Products Test w/o Collagen - March 2026,NM - SP - Auto - All Products Test w/o Collagen - March 2026,Amazon,United States,close-match,-,no artificial sugar electrolyte powder,3,1,33.3333%,2,2,0,,0.00,0,0,0.0000%,0,0,0,0
"Feb 08, 2026","Feb 08, 2026",Sachets,USD,NM  - SP - 4 Pack - Phrase 2 - MDF - B0DJ3J2CKX - Sep 2025,NM  - SP - 4 Pack - Phrase 2 - B0DJ3J2CKX - Sep 2025,Amazon,United States,creatine for women,PHRASE,non bloating creatine for women,7,1,14.2857%,1,1,0,,0.00,0,0,0.0000%,0,0,0,0
"Mar 02, 2026","Mar 14, 2026",Jars,USD,NM - SP - Auto - HLP  Audience - Multi - Offense - Jars - July 2025,NM - SP - Jars - Auto - HLP  Audience - Multi - Offense - July 2025,Amazon,United States,close-match,-,nsf certified creatine and collagen,2,2,100.0000%,0,1,0,,0.00,0,0,0.0000%,0,0,0,0
"Feb 05, 2026","Feb 05, 2026",Jars,USD,NM - SP - Auto - CAC  Audience - Multi - Offense - Jars - July 2025,NM - SP - Jars - Auto - CAC  Audience - Multi - Offense - July 2025,Amazon,United States,loose-match,-,nutricost electrolyte powder,6,1,16.6667%,1,1,0,,0.00,0,0,0.0000%,0,0,0,0
"Mar 16, 2026","Mar 16, 2026",Jars,USD,NM - SP - Auto - HLP  Audience - Multi - Offense - Jars - July 2025,NM - SP - Jars - Auto - HLP  Audience - Multi - Offense - July 2025,Amazon,United States,loose-match,-,nutrilite for men,1,1,100.0000%,4,4,0,,0.00,0,0,0.0000%,0,0,0,0
"Mar 05, 2026","Mar 05, 2026",No Portfolio,USD,NM - SP - Auto - All Products Test w/o Collagen - March 2026,NM - SP - Auto - All Products Test w/o Collagen - March 2026,Amazon,United States,loose-match,-,nutrilite products,1,1,100.0000%,2,2,0,,0.00,0,0,0.0000%,0,0,0,0
"Mar 16, 2026","Mar 16, 2026",No Portfolio,USD,NM - SP - Phrase - All Products Test w/o Collagen - March 2026,NM - SP - Phrase - All Products Test w/o Collagen - March 2026,Amazon,United States,creatine powder,PHRASE,on creatine powder,2,1,50.0000%,2,2,0,,0.00,0,0,0.0000%,0,0,0,0
"Mar 04, 2026","Mar 04, 2026",No Portfolio,USD,NM - SP - Auto - All Products Test w/o Collagen - March 2026,NM - SP - Auto - All Products Test w/o Collagen - March 2026,Amazon,United States,loose-match,-,organic electrolytes,2,1,50.0000%,2,2,0,,0.00,0,0,0.0000%,0,0,0,0
"Mar 02, 2026","Mar 02, 2026",No Portfolio,USD,NM - SP - Phrase - All Products Test w/o Collagen - March 2026,NM - SP - Phrase - All Products Test w/o Collagen - March 2026,Amazon,United States,energy drink powder,PHRASE,organic energy drink powder,18,1,5.5556%,4,4,0,,0.00,0,0,0.0000%,0,0,0,0
"Mar 16, 2026","Mar 16, 2026",Jars,USD,NM - SP - Auto - HLP  Audience - Multi - Offense - Jars - July 2025,NM - SP - Jars - Auto - HLP  Audience - Multi - Offense - July 2025,Amazon,United States,close-match,-,overnight delivery items,28,1,3.5714%,6,6,0,,0.00,0,0,0.0000%,0,0,0,0
"Mar 12, 2026","Mar 12, 2026",Jars,USD,NM - SP - Auto - HLP  Audience - Multi - Offense - Jars - July 2025,NM - SP - Jars - Auto - HLP  Audience - Multi - Offense - July 2025,Amazon,United States,loose-match,-,"packet with protein, electrolytes, & collagen",2,1,50.0000%,5,5,0,,0.00,0,0,0.0000%,0,0,0,0
"Feb 23, 2026","Feb 23, 2026",Jars,USD,NM - Pineapple Salt - Auto - Close - MDF - Jars - Aug 2024,NM - Jars - Auto - Close,Amazon,United States,close-match,-,pineapple collagen,1,1,100.0000%,2,2,0,,0.00,0,0,0.0000%,0,0,0,0
"Mar 13, 2026","Mar 16, 2026",Jars,USD,NM - Pineapple Salt - Auto - Close - MDF - Jars - Aug 2024,NM - Jars - Auto - Close,Amazon,United States,close-match,-,pineapple collagen powder,4,3,75.0000%,1,2,0,,0.00,0,0,0.0000%,0,0,0,0
"Mar 17, 2026","Mar 17, 2026",No Portfolio,USD,NM - SP - Auto - All Products Test w/o Collagen - March 2026,NM - SP - Auto - All Products Test w/o Collagen - March 2026,Amazon,United States,close-match,-,pineapple electrolytes,10,1,10.0000%,3,3,0,,0.00,0,0,0.0000%,0,0,0,0
"Mar 11, 2026","Mar 11, 2026",Jars,USD,NM - SP - Auto - HLP  Audience - Multi - Offense - Jars - July 2025,NM - SP - Jars - Auto - HLP  Audience - Multi - Offense - July 2025,Amazon,United States,loose-match,-,pineapple mango hydration,1,1,100.0000%,5,5,0,,0.00,0,0,0.0000%,0,0,0,0
"Feb 09, 2026","Feb 20, 2026",Jars,USD,NM - Pineapple Salt - Auto - Close - MDF - Jars - Aug 2024,NM - Jars - Auto - Close,Amazon,United States,close-match,-,pineapple salt,5,2,40.0000%,2,5,0,,0.00,0,0,0.0000%,0,0,0,0
"Mar 14, 2026","Mar 14, 2026",No Portfolio,USD,NM - SP - Auto - All Products Test w/o Collagen - March 2026,NM - SP - Auto - All Products Test w/o Collagen - March 2026,Amazon,United States,close-match,-,pink salt packets hydration,2,1,50.0000%,2,2,0,,0.00,0,0,0.0000%,0,0,0,0
"Mar 10, 2026","Mar 10, 2026",Jars,USD,NM - SP - Auto - HLP  Audience - Multi - Offense - Jars - July 2025,NM - SP - Jars - Auto - HLP  Audience - Multi - Offense - July 2025,Amazon,United States,loose-match,-,post exercise hydration,1,1,100.0000%,4,4,0,,0.00,0,0,0.0000%,0,0,0,0
"Feb 22, 2026","Feb 22, 2026",Jars,USD,NM - SP - Auto - HLP  Audience - Multi - Offense - Jars - July 2025,NM - SP - Jars - Auto - HLP  Audience - Multi - Offense - July 2025,Amazon,United States,loose-match,-,post workout drink mix,1,1,100.0000%,4,4,0,,0.00,0,0,0.0000%,0,0,0,0
"Feb 25, 2026","Feb 25, 2026",Sachets,USD,NM  - SP - STR - 12 Pack - PT - B0DY6K7RQH - Jan 2026,NM  - SP - STR - 12 Pack - PT - B0DY6K7RQH - Jan 2026,Amazon,United States,"asin=""B0DQWLCR5J""",-,post workout packets,2,1,50.0000%,1,1,0,,0.00,0,0,0.0000%,0,0,0,0
"Feb 02, 2026","Feb 05, 2026",Jars,USD,NM - SP - STR - Exact 1 - Jars - Jan 2026,NM - SP - STR - Exact 1 - Jars - Jan 2026,Amazon,United States,post workout recovery powder,EXACT,post workout recovery powder,240,2,0.8333%,4,8,0,,0.00,0,0,0.0000%,0,0,0,0
"Mar 07, 2026","Mar 07, 2026",No Portfolio,USD,NM - SP - Auto - All Products Test w/o Collagen - March 2026,NM - SP - Auto - All Products Test w/o Collagen - March 2026,Amazon,United States,loose-match,-,potassium electrolyte powder,31,1,3.2258%,2,2,0,,0.00,0,0,0.0000%,0,0,0,0
"Mar 07, 2026","Mar 07, 2026",No Portfolio,USD,NM - SP - Phrase - All Products Test w/o Collagen - March 2026,NM - SP - Phrase - All Products Test w/o Collagen - March 2026,Amazon,United States,electrolyte supplement,PHRASE,potassium electrolytes supplement,2,1,50.0000%,4,4,0,,0.00,0,0,0.0000%,0,0,0,0
"Mar 05, 2026","Mar 05, 2026",No Portfolio,USD,NM - SP - Phrase - All Products Test w/o Collagen - March 2026,NM - SP - Phrase - All Products Test w/o Collagen - March 2026,Amazon,United States,electrolyte drink mix,PHRASE,pots electrolyte drink mix,20,2,10.0000%,4,8,0,,0.00,0,0,0.0000%,0,0,0,0
"Mar 06, 2026","Mar 06, 2026",No Portfolio,USD,NM - SP - Auto - All Products Test w/o Collagen - March 2026,NM - SP - Auto - All Products Test w/o Collagen - March 2026,Amazon,United States,loose-match,-,pots electrolytes,4,1,25.0000%,2,2,0,,0.00,0,0,0.0000%,0,0,0,0
"Feb 12, 2026","Feb 12, 2026",Jars,USD,NM - SP - Auto - PBP  Audience - Multi - Offense - Jars - July 2025,NM - SP - Jars - Auto - PBP  Audience - Multi - Offense - July 2025,Amazon,United States,loose-match,-,powder for running,1,1,100.0000%,3,3,0,,0.00,0,0,0.0000%,0,0,0,0
"Mar 02, 2026","Mar 02, 2026",Jars,USD,NM - SP - Auto - HLP  Audience - Multi - Offense - Jars - July 2025,NM - SP - Jars - Auto - HLP  Audience - Multi - Offense - July 2025,Amazon,United States,loose-match,-,powder to moisturize skin drink,1,1,100.0000%,4,4,0,,0.00,0,0,0.0000%,0,0,0,0
"Mar 01, 2026","Mar 01, 2026",Jars,USD,NM - SP - Auto - HLP  Audience - Multi - Offense - Jars - July 2025,NM - SP - Jars - Auto - HLP  Audience - Multi - Offense - July 2025,Amazon,United States,loose-match,-,powder travel packets,3,1,33.3333%,4,4,0,,0.00,0,0,0.0000%,0,0,0,0
"Mar 15, 2026","Mar 15, 2026",Jars,USD,NM - SP - Auto - HLP  Audience - Multi - Offense - Jars - July 2025,NM - SP - Jars - Auto - HLP  Audience - Multi - Offense - July 2025,Amazon,United States,close-match,-,powdered collagen and creatine,3,1,33.3333%,5,5,0,,0.00,0,0,0.0000%,0,0,0,0
"Feb 01, 2026","Feb 01, 2026",Sachets,USD,NM  - SP - 4 Pack - Auto - PBP  Audience - Offense - B0DJ3J2CKX - July 2025,NM  - SP - 4 Pack - Auto - PBP  Audience - Offense - B0DJ3J2CKX - July 2025,Amazon,United States,close-match,-,powdered drink mix singles,1,1,100.0000%,0,0,0,,0.00,0,0,0.0000%,0,0,0,0
"Mar 18, 2026","Mar 18, 2026",No Portfolio,USD,NM - SP - Phrase - All Products Test w/o Collagen - March 2026,NM - SP - Phrase - All Products Test w/o Collagen - March 2026,Amazon,United States,electrolyte supplement,PHRASE,powdered electrolyte supplement,1,1,100.0000%,2,2,0,,0.00,0,0,0.0000%,0,0,0,0
"Feb 11, 2026","Feb 19, 2026",Jars,USD,NM - SP - Auto - PBP  Audience - Multi - Offense - Jars - July 2025,NM - SP - Jars - Auto - PBP  Audience - Multi - Offense - July 2025,Amazon,United States,loose-match,-,powdered gatorade,17,3,17.6471%,2,5,0,,0.00,0,0,0.0000%,0,0,0,0
"Mar 12, 2026","Mar 12, 2026",Jars,USD,NM - SP - Auto - HLP  Audience - Multi - Offense - Jars - July 2025,NM - SP - Jars - Auto - HLP  Audience - Multi - Offense - July 2025,Amazon,United States,loose-match,-,pre workout hydration women,1,1,100.0000%,2,2,0,,0.00,0,0,0.0000%,0,0,0,0
"Feb 28, 2026","Feb 28, 2026",Sachets,USD,NM  - SP - STR - 4 Pack - PT 7 - B0DJ3J2CKX - Jan 2026,NM  - SP - STR - 4 Pack - PT 7 - B0DJ3J2CKX - Jan 2026,Amazon,United States,"asin=""B08JN8TSHH""",-,pre workout packets,1,1,100.0000%,1,1,0,,0.00,0,0,0.0000%,0,0,0,0
"Feb 25, 2026","Feb 25, 2026",Sachets,USD,NM  - SP - STR - 4 Pack - PT 7 - B0DJ3J2CKX - Jan 2026,NM  - SP - STR - 4 Pack - PT 7 - B0DJ3J2CKX - Jan 2026,Amazon,United States,"asin=""B08JN8TSHH""",-,pre workout portable,1,1,100.0000%,1,1,0,,0.00,0,0,0.0000%,0,0,0,0
"Feb 17, 2026","Feb 17, 2026",Jars,USD,NM - SP - Auto - PBP  Audience - Multi - Offense - Jars - July 2025,NM - SP - Jars - Auto - PBP  Audience - Multi - Offense - July 2025,Amazon,United States,loose-match,-,pre workout powder for men,76,2,2.6316%,2,4,0,,0.00,0,0,0.0000%,0,0,0,0
"Mar 04, 2026","Mar 04, 2026",No Portfolio,USD,NM - SP - Phrase - All Products Test w/o Collagen - March 2026,NM - SP - Phrase - All Products Test w/o Collagen - March 2026,Amazon,United States,pre workout powder,PHRASE,pre workout powder for men nut free,3,1,33.3333%,3,3,0,,0.00,0,0,0.0000%,0,0,0,0
"Mar 02, 2026","Mar 12, 2026",No Portfolio,USD,NM - SP - Phrase - All Products Test w/o Collagen - March 2026,NM - SP - Phrase - All Products Test w/o Collagen - March 2026,Amazon,United States,pre workout powder,PHRASE,pre workout powder for women,1653,9,0.5445%,3,26,0,,0.00,0,0,0.0000%,0,0,0,0
"Feb 16, 2026","Feb 16, 2026",Sachets,USD,NM  - SP - STR - 4 Pack - PT 3 - B0DJ3J2CKX - Jan 2026,NM  - SP - STR - 4 Pack - PT 3 - B0DJ3J2CKX - Jan 2026,Amazon,United States,"asin=""B0DPKFB3NP""",-,pre workout powder for women samples,1,1,100.0000%,2,2,0,,0.00,0,0,0.0000%,0,0,0,0
"Mar 03, 2026","Mar 03, 2026",No Portfolio,USD,NM - SP - Phrase - All Products Test w/o Collagen - March 2026,NM - SP - Phrase - All Products Test w/o Collagen - March 2026,Amazon,United States,pre workout powder,PHRASE,pre workout powder sample packs,4,1,25.0000%,3,3,0,,0.00,0,0,0.0000%,0,0,0,0
"Feb 24, 2026","Feb 24, 2026",Sachets,USD,NM  - SP - STR - 4 Pack - PT 3 - B0DJ3J2CKX - Jan 2026,NM  - SP - STR - 4 Pack - PT 3 - B0DJ3J2CKX - Jan 2026,Amazon,United States,"asin=""B0DPKFB3NP""",-,pre workout powder samples,1,1,100.0000%,2,2,0,,0.00,0,0,0.0000%,0,0,0,0
"Feb 07, 2026","Feb 07, 2026",Sachets,USD,NM  - SP - STR - 4 Pack - PT 7 - B0DJ3J2CKX - Jan 2026,NM  - SP - STR - 4 Pack - PT 7 - B0DJ3J2CKX - Jan 2026,Amazon,United States,"asin=""B08JN8TSHH""",-,pre workout sample,1,1,100.0000%,1,1,0,,0.00,0,0,0.0000%,0,0,0,0
"Feb 04, 2026","Feb 04, 2026",Sachets,USD,NM  - SP - 4 Pack - Auto - CAC  Audience - Offense - B0DJ3J2CKX - July 2025,NM  - SP - 4 Pack - Auto - CAC  Audience - Offense - B0DJ3J2CKX - July 2025,Amazon,United States,loose-match,-,pre workout sample packs with creatine￼,1,1,100.0000%,0,0,0,,0.00,0,0,0.0000%,0,0,0,0
"Feb 07, 2026","Feb 07, 2026",Sachets,USD,NM  - SP - STR - 4 Pack - PT 7 - B0DJ3J2CKX - Jan 2026,NM  - SP - STR - 4 Pack - PT 7 - B0DJ3J2CKX - Jan 2026,Amazon,United States,"asin=""B08JN8TSHH""",-,pre workout sampler,1,1,100.0000%,0,0,0,,0.00,0,0,0.0000%,0,0,0,0
"Feb 07, 2026","Mar 03, 2026",Sachets,USD,NM  - SP - STR - 4 Pack - PT 7 - B0DJ3J2CKX - Jan 2026,NM  - SP - STR - 4 Pack - PT 7 - B0DJ3J2CKX - Jan 2026,Amazon,United States,"asin=""B08JN8TSHH""",-,pre workout samples,7,3,42.8571%,1,4,0,,0.00,0,0,0.0000%,0,0,0,0
"Feb 24, 2026","Feb 24, 2026",Sachets,USD,NM  - SP - 4 Pack - Phrase 2 - MDF - B0DJ3J2CKX - Sep 2025,NM  - SP - 4 Pack - Phrase 2 - B0DJ3J2CKX - Sep 2025,Amazon,United States,creatine for women,PHRASE,pre workout with creatine for women,1,1,100.0000%,1,1,0,,0.00,0,0,0.0000%,0,0,0,0
"Feb 04, 2026","Feb 04, 2026",Sachets,USD,NM  - SP - STR - 12 Pack - PT 3 - B0DY6K7RQH - Jan 2026,NM  - SP - STR - 12 Pack - PT 3 - B0DY6K7RQH - Jan 2026,Amazon,United States,"asin=""B0DPKFB3NP""",-,pre-workout packets,3,1,33.3333%,2,2,0,,0.00,0,0,0.0000%,0,0,0,0
"Mar 02, 2026","Mar 02, 2026",No Portfolio,USD,NM - SP - Auto - All Products Test w/o Collagen - March 2026,NM - SP - Auto - All Products Test w/o Collagen - March 2026,Amazon,United States,loose-match,-,preworkout packets,14,1,7.1429%,2,2,0,,0.00,0,0,0.0000%,0,0,0,0
"Feb 09, 2026","Feb 09, 2026",Sachets,USD,NM  - SP - STR - 4 Pack - PT 7 - B0DJ3J2CKX - Jan 2026,NM  - SP - STR - 4 Pack - PT 7 - B0DJ3J2CKX - Jan 2026,Amazon,United States,"asin=""B08JN8TSHH""",-,preworkout sample pack,1,1,100.0000%,2,2,0,,0.00,0,0,0.0000%,0,0,0,0
"Feb 03, 2026","Feb 03, 2026",Sachets,USD,NM  - SP - STR - 4 Pack - PT 7 - B0DJ3J2CKX - Jan 2026,NM  - SP - STR - 4 Pack - PT 7 - B0DJ3J2CKX - Jan 2026,Amazon,United States,"asin=""B08JN8TSHH""",-,preworkout sampler,1,1,100.0000%,2,2,0,,0.00,0,0,0.0000%,0,0,0,0
"Mar 12, 2026","Mar 12, 2026",Jars,USD,NM - SP - Auto - HLP  Audience - Multi - Offense - Jars - July 2025,NM - SP - Jars - Auto - HLP  Audience - Multi - Offense - July 2025,Amazon,United States,loose-match,-,protein and collagen powder citrus,1,1,100.0000%,3,3,0,,0.00,0,0,0.0000%,0,0,0,0
"Mar 16, 2026","Mar 16, 2026",Jars,USD,NM - SP - Auto - HLP  Audience - Multi - Offense - Jars - July 2025,NM - SP - Jars - Auto - HLP  Audience - Multi - Offense - July 2025,Amazon,United States,loose-match,-,protein and electrolyte with collagen,2,1,50.0000%,5,5,0,,0.00,0,0,0.0000%,0,0,0,0
"Mar 02, 2026","Mar 16, 2026",No Portfolio,USD,NM - SP - Phrase - All Products Test w/o Collagen - March 2026,NM - SP - Phrase - All Products Test w/o Collagen - March 2026,Amazon,United States,electrolyte drink mix,PHRASE,protein and electrolytes drink mix,119,5,4.2017%,4,20,35,58.4263%,1.71,1,1,20.0000%,0,1,0,35
"Feb 03, 2026","Feb 03, 2026",Sachets,USD,NM  - SP - STR - 12 Pack - PT 4 - B0DY6K7RQH - Jan 2026,NM  - SP - STR - 12 Pack - PT 4 - B0DY6K7RQH - Jan 2026,Amazon,United States,"asin=""B0CH1RQXQ1""",-,protein cold foam creamer,0,0,,,0,10,0.0000%,,1,1,,1,0,10,0
"Mar 13, 2026","Mar 14, 2026",Jars,USD,NM - SP - Auto - HLP  Audience - Multi - Offense - Jars - July 2025,NM - SP - Jars - Auto - HLP  Audience - Multi - Offense - July 2025,Amazon,United States,loose-match,-,protein collagen and electrolytes drink mix,17,2,11.7647%,5,10,0,,0.00,0,0,0.0000%,0,0,0,0
"Mar 12, 2026","Mar 12, 2026",Jars,USD,NM - SP - Auto - HLP  Audience - Multi - Offense - Jars - July 2025,NM - SP - Jars - Auto - HLP  Audience - Multi - Offense - July 2025,Amazon,United States,loose-match,-,protein collagen and electrolytes powder,1,1,100.0000%,5,5,0,,0.00,0,0,0.0000%,0,0,0,0
"Mar 12, 2026","Mar 12, 2026",Jars,USD,NM - SP - Auto - HLP  Audience - Multi - Offense - Jars - July 2025,NM - SP - Jars - Auto - HLP  Audience - Multi - Offense - July 2025,Amazon,United States,loose-match,-,protein collagen electrolyte powder,3,1,33.3333%,5,5,0,,0.00,0,0,0.0000%,0,0,0,0
"Mar 12, 2026","Mar 12, 2026",Jars,USD,NM - SP - Auto - HLP  Audience - Multi - Offense - Jars - July 2025,NM - SP - Jars - Auto - HLP  Audience - Multi - Offense - July 2025,Amazon,United States,loose-match,-,protein collagen electrolyte water,2,1,50.0000%,4,4,0,,0.00,0,0,0.0000%,0,0,0,0
"Mar 12, 2026","Mar 12, 2026",Jars,USD,NM - SP - Auto - HLP  Audience - Multi - Offense - Jars - July 2025,NM - SP - Jars - Auto - HLP  Audience - Multi - Offense - July 2025,Amazon,United States,loose-match,-,protein collagen electrolytes,18,1,5.5556%,4,4,0,,0.00,0,0,0.0000%,0,0,0,0
"Mar 17, 2026","Mar 17, 2026",Jars,USD,NM - SP - Auto - HLP  Audience - Multi - Offense - Jars - July 2025,NM - SP - Jars - Auto - HLP  Audience - Multi - Offense - July 2025,Amazon,United States,loose-match,-,protein collagen electrolytes fiber,2,1,50.0000%,5,5,0,,0.00,0,0,0.0000%,0,0,0,0
"Mar 14, 2026","Mar 14, 2026",Jars,USD,NM - SP - Auto - HLP  Audience - Multi - Offense - Jars - July 2025,NM - SP - Jars - Auto - HLP  Audience - Multi - Offense - July 2025,Amazon,United States,loose-match,-,protein collagen electrolytes packets,4,1,25.0000%,5,5,0,,0.00,0,0,0.0000%,0,0,0,0
"Mar 14, 2026","Mar 14, 2026",Jars,USD,NM - SP - Auto - HLP  Audience - Multi - Offense - Jars - July 2025,NM - SP - Jars - Auto - HLP  Audience - Multi - Offense - July 2025,Amazon,United States,loose-match,-,protein collagen hydration,2,2,100.0000%,5,10,0,,0.00,0,0,0.0000%,0,0,0,0
"Mar 15, 2026","Mar 15, 2026",Jars,USD,NM - SP - Auto - HLP  Audience - Multi - Offense - Jars - July 2025,NM - SP - Jars - Auto - HLP  Audience - Multi - Offense - July 2025,Amazon,United States,loose-match,-,protein collagen powder for women,2,1,50.0000%,2,2,0,,0.00,0,0,0.0000%,0,0,0,0
"Mar 01, 2026","Mar 01, 2026",Sachets,USD,NM  - SP - STR - 12 Pack - PT 7 - B0DY6K7RQH - Jan 2026,NM  - SP - STR - 12 Pack - PT 7 - B0DY6K7RQH - Jan 2026,Amazon,United States,"asin=""B08BYYSVH7""",-,protein drink powder packets,3,1,33.3333%,1,1,0,,0.00,0,0,0.0000%,0,0,0,0
"Mar 04, 2026","Mar 04, 2026",No Portfolio,USD,NM - SP - Auto - All Products Test w/o Collagen - March 2026,NM - SP - Auto - All Products Test w/o Collagen - March 2026,Amazon,United States,loose-match,-,protein drinks packets,1,1,100.0000%,2,2,0,,0.00,0,0,0.0000%,0,0,0,0
"Mar 02, 2026","Mar 02, 2026",No Portfolio,USD,NM - SP - Auto - All Products Test w/o Collagen - March 2026,NM - SP - Auto - All Products Test w/o Collagen - March 2026,Amazon,United States,loose-match,-,protein drinks powdered,6,1,16.6667%,2,2,0,,0.00,0,0,0.0000%,0,0,0,0
"Mar 16, 2026","Mar 17, 2026",Jars,USD,NM - SP - Auto - HLP  Audience - Multi - Offense - Jars - July 2025,NM - SP - Jars - Auto - HLP  Audience - Multi - Offense - July 2025,Amazon,United States,loose-match,-,protein electrolyte collagen,3,2,66.6667%,5,10,0,,0.00,0,0,0.0000%,0,0,0,0
"Mar 12, 2026","Mar 12, 2026",Jars,USD,NM - SP - STR - Phrase - Jars - Jan 2026,NM - SP - STR - Phrase - Jars - Jan 2026,Amazon,United States,electrolytes collagen,PHRASE,protein electrolyte collagen drink packet,1,1,100.0000%,4,4,0,,0.00,0,0,0.0000%,0,0,0,0
"Mar 12, 2026","Mar 12, 2026",Jars,USD,NM - SP - STR - Phrase - Jars - Jan 2026,NM - SP - STR - Phrase - Jars - Jan 2026,Amazon,United States,electrolytes collagen,PHRASE,protein electrolyte collagen powder,1,1,100.0000%,4,4,0,,0.00,0,0,0.0000%,0,0,0,0
"Feb 21, 2026","Feb 21, 2026",Jars,USD,NM - SP - Auto - HLP  Audience - Multi - Offense - Jars - July 2025,NM - SP - Jars - Auto - HLP  Audience - Multi - Offense - July 2025,Amazon,United States,close-match,-,protein electrolyte powder,1,1,100.0000%,6,6,0,,0.00,0,0,0.0000%,0,0,0,0
"Mar 05, 2026","Mar 10, 2026",No Portfolio,USD,NM - SP - Auto - All Products Test w/o Collagen - March 2026,NM - SP - Auto - All Products Test w/o Collagen - March 2026,Amazon,United States,loose-match,-,protein electrolyte powder,19,3,15.7895%,2,5,0,,0.00,0,0,0.0000%,0,0,0,0
"Mar 14, 2026","Mar 14, 2026",Jars,USD,NM - SP - Auto - HLP  Audience - Multi - Offense - Jars - July 2025,NM - SP - Jars - Auto - HLP  Audience - Multi - Offense - July 2025,Amazon,United States,close-match,-,protein electrolytes collagen,4,1,25.0000%,5,5,0,,0.00,0,0,0.0000%,0,0,0,0
"Mar 12, 2026","Mar 13, 2026",Jars,USD,NM - SP - Auto - HLP  Audience - Multi - Offense - Jars - July 2025,NM - SP - Jars - Auto - HLP  Audience - Multi - Offense - July 2025,Amazon,United States,loose-match,-,protein electrolytes collagen,8,2,25.0000%,5,10,0,,0.00,0,0,0.0000%,0,0,0,0
"Mar 16, 2026","Mar 16, 2026",Jars,USD,NM - SP - STR - Phrase - Jars - Jan 2026,NM - SP - STR - Phrase - Jars - Jan 2026,Amazon,United States,electrolytes collagen,PHRASE,protein electrolytes collagen,2,1,50.0000%,3,3,0,,0.00,0,0,0.0000%,0,0,0,0
"Feb 23, 2026","Feb 23, 2026",Sachets,USD,NM  - SP - STR - 4 Pack - PT 4 - B0DJ3J2CKX - Jan 2026,NM  - SP - STR - 4 Pack - PT 4 - B0DJ3J2CKX - Jan 2026,Amazon,United States,"asin=""B0CH1RQXQ1""",-,protein funnel to go,5,1,20.0000%,2,2,0,,0.00,0,0,0.0000%,0,0,0,0
"Mar 12, 2026","Mar 12, 2026",Jars,USD,NM - SP - Auto - HLP  Audience - Multi - Offense - Jars - July 2025,NM - SP - Jars - Auto - HLP  Audience - Multi - Offense - July 2025,Amazon,United States,loose-match,-,protein hydration,2,1,50.0000%,5,5,0,,0.00,0,0,0.0000%,0,0,0,0
"Feb 16, 2026","Feb 16, 2026",Jars,USD,NM - SP - Auto - HLP  Audience - Multi - Offense - Jars - July 2025,NM - SP - Jars - Auto - HLP  Audience - Multi - Offense - July 2025,Amazon,United States,substitutes,-,protein hydration,1,1,100.0000%,4,4,0,,0.00,0,0,0.0000%,0,0,0,0
"Mar 15, 2026","Mar 15, 2026",Jars,USD,NM - SP - Auto - HLP  Audience - Multi - Offense - Jars - July 2025,NM - SP - Jars - Auto - HLP  Audience - Multi - Offense - July 2025,Amazon,United States,loose-match,-,protein hydration and collagen,1,1,100.0000%,5,5,0,,0.00,0,0,0.0000%,0,0,0,0
"Mar 16, 2026","Mar 16, 2026",Jars,USD,NM - SP - Auto - HLP  Audience - Multi - Offense - Jars - July 2025,NM - SP - Jars - Auto - HLP  Audience - Multi - Offense - July 2025,Amazon,United States,loose-match,-,protein plus electrolytes collagen powder,1,1,100.0000%,4,4,0,,0.00,0,0,0.0000%,0,0,0,0
"Mar 03, 2026","Mar 03, 2026",No Portfolio,USD,NM - SP - Auto - All Products Test w/o Collagen - March 2026,NM - SP - Auto - All Products Test w/o Collagen - March 2026,Amazon,United States,loose-match,-,protein powder individual packets for water,4,1,25.0000%,2,2,0,,0.00,0,0,0.0000%,0,0,0,0
"Mar 03, 2026","Mar 03, 2026",No Portfolio,USD,NM - SP - Auto - All Products Test w/o Collagen - March 2026,NM - SP - Auto - All Products Test w/o Collagen - March 2026,Amazon,United States,loose-match,-,protein powder packets,180,1,0.5556%,2,2,0,,0.00,0,0,0.0000%,0,0,0,0
"Mar 04, 2026","Mar 04, 2026",No Portfolio,USD,NM - SP - Auto - All Products Test w/o Collagen - March 2026,NM - SP - Auto - All Products Test w/o Collagen - March 2026,Amazon,United States,loose-match,-,protein powder packets to go,3,1,33.3333%,2,2,0,,0.00,0,0,0.0000%,0,0,0,0
"Mar 13, 2026","Mar 13, 2026",No Portfolio,USD,NM - SP - Auto - All Products Test w/o Collagen - March 2026,NM - SP - Auto - All Products Test w/o Collagen - March 2026,Amazon,United States,close-match,-,protein powder packets to go travel,1,1,100.0000%,2,2,0,,0.00,0,0,0.0000%,0,0,0,0
"Mar 05, 2026","Mar 05, 2026",No Portfolio,USD,NM - SP - Auto - All Products Test w/o Collagen - March 2026,NM - SP - Auto - All Products Test w/o Collagen - March 2026,Amazon,United States,loose-match,-,protein powder sample packets variety,10,1,10.0000%,2,2,0,,0.00,0,0,0.0000%,0,0,0,0
"Mar 04, 2026","Mar 04, 2026",No Portfolio,USD,NM - SP - Auto - All Products Test w/o Collagen - March 2026,NM - SP - Auto - All Products Test w/o Collagen - March 2026,Amazon,United States,loose-match,-,protein powder samples,31,1,3.2258%,2,2,0,,0.00,0,0,0.0000%,0,0,0,0
"Mar 06, 2026","Mar 09, 2026",No Portfolio,USD,NM - SP - Auto - All Products Test w/o Collagen - March 2026,NM - SP - Auto - All Products Test w/o Collagen - March 2026,Amazon,United States,loose-match,-,protein powder to go container,16,2,12.5000%,2,4,0,,0.00,0,0,0.0000%,0,0,0,0
"Feb 18, 2026","Feb 18, 2026",Sachets,USD,NM  - SP - STR - 12 Pack - PT - B0DY6K7RQH - Jan 2026,NM  - SP - STR - 12 Pack - PT - B0DY6K7RQH - Jan 2026,Amazon,United States,"asin=""B0C6793K5M""",-,protein powder viking sample,1,1,100.0000%,1,1,0,,0.00,0,0,0.0000%,0,0,0,0
"Mar 16, 2026","Mar 16, 2026",Jars,USD,NM - SP - Auto - HLP  Audience - Multi - Offense - Jars - July 2025,NM - SP - Jars - Auto - HLP  Audience - Multi - Offense - July 2025,Amazon,United States,loose-match,-,protein powder with electrolytes and collagen,6,2,33.3333%,4,7,45,16.3293%,6.12,1,1,50.0000%,1,0,45,0
"Mar 02, 2026","Mar 02, 2026",No Portfolio,USD,NM - SP - Auto - All Products Test w/o Collagen - March 2026,NM - SP - Auto - All Products Test w/o Collagen - March 2026,Amazon,United States,loose-match,-,protein shake variety pack,4,1,25.0000%,2,2,0,,0.00,0,0,0.0000%,0,0,0,0
"Feb 04, 2026","Feb 04, 2026",Sachets,USD,NM  - SP - 4 Pack - Phrase 1 - B0DJ3J2CKX - Sep 2025,NM  - SP - 4 Pack - Phrase 1 - B0DJ3J2CKX - Sep 2025,Amazon,United States,single serve packets,PHRASE,protein single serve packets,4,1,25.0000%,1,1,0,,0.00,0,0,0.0000%,0,0,0,0
"Feb 18, 2026","Feb 18, 2026",Jars,USD,NM - SP - Auto - PBP  Audience - Multi - Offense - Jars - July 2025,NM - SP - Jars - Auto - PBP  Audience - Multi - Offense - July 2025,Amazon,United States,loose-match,-,protein water,268,1,0.3731%,2,2,0,,0.00,0,0,0.0000%,0,0,0,0
"Mar 04, 2026","Mar 04, 2026",No Portfolio,USD,NM - SP - Auto - All Products Test w/o Collagen - March 2026,NM - SP - Auto - All Products Test w/o Collagen - March 2026,Amazon,United States,loose-match,-,protein water,816,3,0.3676%,1,4,0,,0.00,0,0,0.0000%,0,0,0,0
"Feb 02, 2026","Feb 02, 2026",Sachets,USD,NM  - SP - STR - 12 Pack - PT 4 - B0DY6K7RQH - Jan 2026,NM  - SP - STR - 12 Pack - PT 4 - B0DY6K7RQH - Jan 2026,Amazon,United States,"asin=""B0BQZ2S4R3""",-,protein water mix packets,2,1,50.0000%,2,2,0,,0.00,0,0,0.0000%,0,0,0,0
"Feb 02, 2026","Feb 02, 2026",Jars,USD,NM - SP - STR - Phrase - Jars - Jan 2026,NM - SP - STR - Phrase - Jars - Jan 2026,Amazon,United States,protein collagen and creatine,PHRASE,protein with collagen and creatine,2,1,50.0000%,3,3,0,,0.00,0,0,0.0000%,0,0,0,0
"Mar 04, 2026","Mar 04, 2026",No Portfolio,USD,NM - SP - Phrase - All Products Test w/o Collagen - March 2026,NM - SP - Phrase - All Products Test w/o Collagen - March 2026,Amazon,United States,creatine women,PHRASE,protein with creatine for women,9,1,11.1111%,2,2,0,,0.00,0,0,0.0000%,0,0,0,0
"Mar 10, 2026","Mar 10, 2026",No Portfolio,USD,NM - SP - Phrase - All Products Test w/o Collagen - March 2026,NM - SP - Phrase - All Products Test w/o Collagen - March 2026,Amazon,United States,electrolyte drink mix,PHRASE,protein with electrolytes drink mix,16,1,6.2500%,4,4,0,,0.00,0,0,0.0000%,0,0,0,0
"Mar 15, 2026","Mar 15, 2026",Jars,USD,NM - SP - Auto - HLP  Audience - Multi - Offense - Jars - July 2025,NM - SP - Jars - Auto - HLP  Audience - Multi - Offense - July 2025,Amazon,United States,loose-match,-,"protein, collagen and electrolyte powder",1,1,100.0000%,5,5,0,,0.00,0,0,0.0000%,0,0,0,0
"Mar 16, 2026","Mar 16, 2026",Jars,USD,NM - SP - Auto - HLP  Audience - Multi - Offense - Jars - July 2025,NM - SP - Jars - Auto - HLP  Audience - Multi - Offense - July 2025,Amazon,United States,loose-match,-,"protein, electrolytes, collagen powder",2,1,50.0000%,5,5,0,,0.00,0,0,0.0000%,0,0,0,0
"Mar 02, 2026","Mar 02, 2026",No Portfolio,USD,NM - SP - Auto - All Products Test w/o Collagen - March 2026,NM - SP - Auto - All Products Test w/o Collagen - March 2026,Amazon,United States,loose-match,-,protein. water,14,1,7.1429%,2,2,0,,0.00,0,0,0.0000%,0,0,0,0
"Mar 05, 2026","Mar 05, 2026",No Portfolio,USD,NM - SP - Phrase - All Products Test w/o Collagen - March 2026,NM - SP - Phrase - All Products Test w/o Collagen - March 2026,Amazon,United States,creatine women,PHRASE,pump it up creatine for women,58,1,1.7241%,3,3,0,,0.00,0,0,0.0000%,0,0,0,0
"Feb 08, 2026","Feb 08, 2026",Jars,USD,NM - SP - STR - PT 5 - Jars - Jan 2026,NM - SP - STR - PT 5 - Jars - Jan 2026,Amazon,United States,"asin=""B0F257BKKB""",-,pure creatine powder strawberry,1,1,100.0000%,6,6,0,,0.00,0,0,0.0000%,0,0,0,0
"Mar 03, 2026","Mar 03, 2026",No Portfolio,USD,NM - SP - Auto - All Products Test w/o Collagen - March 2026,NM - SP - Auto - All Products Test w/o Collagen - March 2026,Amazon,United States,loose-match,-,pure kick hydration drink mix,5,1,20.0000%,2,2,0,,0.00,0,0,0.0000%,0,0,0,0
"Mar 17, 2026","Mar 17, 2026",Jars,USD,NM - SP - Auto - HLP  Audience - Multi - Offense - Jars - July 2025,NM - SP - Jars - Auto - HLP  Audience - Multi - Offense - July 2025,Amazon,United States,loose-match,-,raised hydration unflavored,1,1,100.0000%,5,5,0,,0.00,0,0,0.0000%,0,0,0,0
"Mar 07, 2026","Mar 07, 2026",Jars,USD,NM - SP - Auto - HLP  Audience - Multi - Offense - Jars - July 2025,NM - SP - Jars - Auto - HLP  Audience - Multi - Offense - July 2025,Amazon,United States,loose-match,-,rally bear hydration,1,1,100.0000%,3,3,0,,0.00,0,0,0.0000%,0,0,0,0
"Mar 15, 2026","Mar 15, 2026",Jars,USD,NM - SP - Auto - HLP  Audience - Multi - Offense - Jars - July 2025,NM - SP - Jars - Auto - HLP  Audience - Multi - Offense - July 2025,Amazon,United States,loose-match,-,rapid hydration electrolytes powder packets 10mg sodium zero sugar,1,1,100.0000%,5,5,0,,0.00,0,0,0.0000%,0,0,0,0
"Feb 01, 2026","Feb 01, 2026",Sachets,USD,NM  - SP - GPT - 4 Pack - Phrase - B0DJ3J2CKX - Jan 2026,NM  - SP - GPT - 4 Pack - Phrase - B0DJ3J2CKX - Jan 2026,Amazon,United States,hydration packets,PHRASE,rapid hydration packets,6,1,16.6667%,1,1,0,,0.00,0,0,0.0000%,0,0,0,0
"Feb 25, 2026","Feb 25, 2026",Jars,USD,NM - SP - Auto - HLP  Audience - Multi - Offense - Jars - July 2025,NM - SP - Jars - Auto - HLP  Audience - Multi - Offense - July 2025,Amazon,United States,close-match,-,raspberry collagen,1,1,100.0000%,5,5,0,,0.00,0,0,0.0000%,0,0,0,0
"Mar 01, 2026","Mar 11, 2026",Jars,USD,NM - SP - Auto - HLP  Audience - Multi - Offense - Jars - July 2025,NM - SP - Jars - Auto - HLP  Audience - Multi - Offense - July 2025,Amazon,United States,close-match,-,raspberry collagen powder,4,2,50.0000%,4,8,0,,0.00,0,0,0.0000%,0,0,0,0
"Feb 05, 2026","Feb 05, 2026",Jars,USD,NM - SP - Auto - CAC  Audience - Multi - Offense - Jars - July 2025,NM - SP - Jars - Auto - CAC  Audience - Multi - Offense - July 2025,Amazon,United States,loose-match,-,raspberry electrolyte plus creatine,1,1,100.0000%,3,3,0,,0.00,0,0,0.0000%,0,0,0,0
"Feb 03, 2026","Feb 03, 2026",Sachets,USD,NM  - SP - 12 Pack - MMT - MDF - Branded - May 2025 - B0DY6K7RQH,NM  - SP - 12 Pack - MMT - Branded - Apr 2025 - B0DY6K7RQH,Amazon,United States,+harlo,BROAD,raspberry harlo,1,1,100.0000%,0,0,10,4.5226%,22.11,1,1,100.0000%,1,0,10,0
"Mar 15, 2026","Mar 15, 2026",Jars,USD,NM - SP - Auto - HLP  Audience - Multi - Offense - Jars - July 2025,NM - SP - Jars - Auto - HLP  Audience - Multi - Offense - July 2025,Amazon,United States,loose-match,-,raspberry salt lmnt,1,1,100.0000%,5,5,0,,0.00,0,0,0.0000%,0,0,0,0
"Mar 01, 2026","Mar 01, 2026",Jars,USD,NM - SP - Auto - HLP  Audience - Multi - Offense - Jars - July 2025,NM - SP - Jars - Auto - HLP  Audience - Multi - Offense - July 2025,Amazon,United States,close-match,-,raspberry zero sugar powder,3,1,33.3333%,6,6,45,13.2814%,7.53,1,1,100.0000%,1,0,45,0
"Mar 10, 2026","Mar 10, 2026",No Portfolio,USD,NM - SP - Auto - All Products Test w/o Collagen - March 2026,NM - SP - Auto - All Products Test w/o Collagen - March 2026,Amazon,United States,loose-match,-,recover+organic+hydration+180,1,1,100.0000%,2,2,0,,0.00,0,0,0.0000%,0,0,0,0
"Mar 11, 2026","Mar 11, 2026",Jars,USD,NM - SP - Auto - HLP  Audience - Multi - Offense - Jars - July 2025,NM - SP - Jars - Auto - HLP  Audience - Multi - Offense - July 2025,Amazon,United States,loose-match,-,recovery drink for long runs,2,1,50.0000%,5,5,0,,0.00,0,0,0.0000%,0,0,0,0
"Mar 18, 2026","Mar 18, 2026",Stick Packs,USD,AUTO TEST MARCH 17 26,STICK PACKS,Amazon,United States,loose-match,-,recovery hydration complex creatine,2,1,50.0000%,6,6,0,,0.00,0,0,0.0000%,0,0,0,0
"Feb 17, 2026","Feb 17, 2026",Jars,USD,NM - SP - Auto - CAC  Audience - Multi - Offense - Jars - July 2025,NM - SP - Jars - Auto - CAC  Audience - Multi - Offense - July 2025,Amazon,United States,substitutes,-,recovery powder,1,1,100.0000%,4,4,0,,0.00,0,0,0.0000%,0,0,0,0
"Mar 11, 2026","Mar 11, 2026",Jars,USD,NM - SP - Auto - HLP  Audience - Multi - Offense - Jars - July 2025,NM - SP - Jars - Auto - HLP  Audience - Multi - Offense - July 2025,Amazon,United States,loose-match,-,recovery salt,1,1,100.0000%,5,5,0,,0.00,0,0,0.0000%,0,0,0,0
"Feb 21, 2026","Feb 21, 2026",Jars,USD,NM - SP - Auto - HLP  Audience - Multi - Offense - Jars - July 2025,NM - SP - Jars - Auto - HLP  Audience - Multi - Offense - July 2025,Amazon,United States,loose-match,-,redlyte salty palmer,1,1,100.0000%,4,4,0,,0.00,0,0,0.0000%,0,0,0,0
"Mar 02, 2026","Mar 02, 2026",No Portfolio,USD,NM - SP - Phrase - All Products Test w/o Collagen - March 2026,NM - SP - Phrase - All Products Test w/o Collagen - March 2026,Amazon,United States,electrolyte drink mix,PHRASE,rehydrate electrolyte drink mix,87,1,1.1494%,2,2,0,,0.00,0,0,0.0000%,0,0,0,0
"Feb 25, 2026","Feb 25, 2026",Jars,USD,NM - SP - Auto - HLP  Audience - Multi - Offense - Jars - July 2025,NM - SP - Jars - Auto - HLP  Audience - Multi - Offense - July 2025,Amazon,United States,close-match,-,relyte electrolyte creatine,3,1,33.3333%,3,3,0,,0.00,0,0,0.0000%,0,0,0,0
"Mar 12, 2026","Mar 12, 2026",Jars,USD,NM - SP - Auto - HLP  Audience - Multi - Offense - Jars - July 2025,NM - SP - Jars - Auto - HLP  Audience - Multi - Offense - July 2025,Amazon,United States,loose-match,-,relyte electrolyte mix,2,1,50.0000%,2,2,0,,0.00,0,0,0.0000%,0,0,0,0
"Mar 16, 2026","Mar 16, 2026",Jars,USD,NM - SP - Auto - HLP  Audience - Multi - Offense - Jars - July 2025,NM - SP - Jars - Auto - HLP  Audience - Multi - Offense - July 2025,Amazon,United States,loose-match,-,rice water powder,2,1,50.0000%,2,2,0,,0.00,0,0,0.0000%,0,0,0,0
"Feb 01, 2026","Feb 01, 2026",Jars,USD,NM - SP - Auto - CAC  Audience - Multi - Offense - Jars - July 2025,NM - SP - Jars - Auto - CAC  Audience - Multi - Offense - July 2025,Amazon,United States,loose-match,-,rosabella electrolytes,1,1,100.0000%,3,3,0,,0.00,0,0,0.0000%,0,0,0,0
"Feb 17, 2026","Feb 17, 2026",Jars,USD,NM - SP - Auto - PBP  Audience - Multi - Offense - Jars - July 2025,NM - SP - Jars - Auto - PBP  Audience - Multi - Offense - July 2025,Amazon,United States,loose-match,-,rosoletta￼ electrolytes,1,1,100.0000%,4,4,0,,0.00,0,0,0.0000%,0,0,0,0
"Feb 12, 2026","Feb 12, 2026",Jars,USD,NM - SP - Auto - PBP  Audience - Multi - Offense - Jars - July 2025,NM - SP - Jars - Auto - PBP  Audience - Multi - Offense - July 2025,Amazon,United States,loose-match,-,roundhouse hydration,1,1,100.0000%,4,4,0,,0.00,0,0,0.0000%,0,0,0,0
"Mar 01, 2026","Mar 15, 2026",Jars,USD,NM - SP - Auto - HLP  Audience - Multi - Offense - Jars - July 2025,NM - SP - Jars - Auto - HLP  Audience - Multi - Offense - July 2025,Amazon,United States,close-match,-,running accessories,229,4,1.7467%,6,23,0,,0.00,0,0,0.0000%,0,0,0,0
"Mar 01, 2026","Mar 16, 2026",Jars,USD,NM - SP - Auto - HLP  Audience - Multi - Offense - Jars - July 2025,NM - SP - Jars - Auto - HLP  Audience - Multi - Offense - July 2025,Amazon,United States,close-match,-,running accessories for women,940,7,0.7447%,4,31,0,,0.00,0,0,0.0000%,0,0,0,0
"Mar 15, 2026","Mar 15, 2026",No Portfolio,USD,NM - SP - Auto - All Products Test w/o Collagen - March 2026,NM - SP - Auto - All Products Test w/o Collagen - March 2026,Amazon,United States,close-match,-,running accessories for women,43,1,2.3256%,2,2,0,,0.00,0,0,0.0000%,0,0,0,0
"Feb 27, 2026","Mar 02, 2026",Jars,USD,NM - SP - Auto - HLP  Audience - Multi - Offense - Jars - July 2025,NM - SP - Jars - Auto - HLP  Audience - Multi - Offense - July 2025,Amazon,United States,close-match,-,running essentials for women,176,4,2.2727%,6,24,0,,0.00,0,0,0.0000%,0,0,0,0
"Mar 13, 2026","Mar 16, 2026",No Portfolio,USD,NM - SP - Auto - All Products Test w/o Collagen - March 2026,NM - SP - Auto - All Products Test w/o Collagen - March 2026,Amazon,United States,close-match,-,running essentials for women,88,2,2.2727%,2,5,0,,0.00,0,0,0.0000%,0,0,0,0
"Feb 23, 2026","Feb 23, 2026",Jars,USD,NM - SP - Phrase 3 - MDF - Jars - Sep 2025,NM - SP - Jars - Phrase 3 - Sep 2025,Amazon,United States,electrolytes powder with,PHRASE,ryze electrolytes powder packets,2,1,50.0000%,4,4,0,,0.00,0,0,0.0000%,0,0,0,0
"Feb 10, 2026","Feb 10, 2026",Jars,USD,NM - SP - Auto - PBP  Audience - Multi - Offense - Jars - July 2025,NM - SP - Jars - Auto - PBP  Audience - Multi - Offense - July 2025,Amazon,United States,loose-match,-,sali minerali per sport,2,1,50.0000%,3,3,0,,0.00,0,0,0.0000%,0,0,0,0
"Feb 25, 2026","Feb 25, 2026",Jars,USD,NM - SP - Auto - HLP  Audience - Multi - Offense - Jars - July 2025,NM - SP - Jars - Auto - HLP  Audience - Multi - Offense - July 2025,Amazon,United States,close-match,-,salmon collagen tea,1,1,100.0000%,0,0,0,,,0,0,0.0000%,0,0,0,0
"Mar 14, 2026","Mar 14, 2026",Jars,USD,NM - SP - Auto - HLP  Audience - Multi - Offense - Jars - July 2025,NM - SP - Jars - Auto - HLP  Audience - Multi - Offense - July 2025,Amazon,United States,loose-match,-,salt electrolyte lemonade,1,1,100.0000%,5,5,0,,0.00,0,0,0.0000%,0,0,0,0
"Mar 13, 2026","Mar 13, 2026",No Portfolio,USD,NM - SP - Phrase - All Products Test w/o Collagen - March 2026,NM - SP - Phrase - All Products Test w/o Collagen - March 2026,Amazon,United States,electrolyte supplement,PHRASE,salt electrolyte supplements,4,1,25.0000%,2,2,0,,0.00,0,0,0.0000%,0,0,0,0
"Feb 07, 2026","Feb 07, 2026",Jars,USD,NM - SP - Auto - HLP  Audience - Multi - Offense - Jars - July 2025,NM - SP - Jars - Auto - HLP  Audience - Multi - Offense - July 2025,Amazon,United States,close-match,-,salt hydration with creatine￼,2,1,50.0000%,7,7,0,,0.00,0,0,0.0000%,0,0,0,0
"Feb 28, 2026","Feb 28, 2026",Jars,USD,NM - SP - Auto - HLP  Audience - Multi - Offense - Jars - July 2025,NM - SP - Jars - Auto - HLP  Audience - Multi - Offense - July 2025,Amazon,United States,loose-match,-,salt nutri shop,1,1,100.0000%,4,4,45,8.4316%,11.86,1,1,100.0000%,1,0,45,0
"Mar 05, 2026","Mar 05, 2026",No Portfolio,USD,NM - SP - Auto - All Products Test w/o Collagen - March 2026,NM - SP - Auto - All Products Test w/o Collagen - March 2026,Amazon,United States,close-match,-,salt stick,65,1,1.5385%,2,2,0,,0.00,0,0,0.0000%,0,0,0,0
"Mar 06, 2026","Mar 08, 2026",No Portfolio,USD,NM - SP - Phrase - All Products Test w/o Collagen - March 2026,NM - SP - Phrase - All Products Test w/o Collagen - March 2026,Amazon,United States,electrolyte drink mix,PHRASE,salt stick electrolyte drink mix,36,2,5.5556%,4,8,0,,0.00,0,0,0.0000%,0,0,0,0
"Mar 16, 2026","Mar 16, 2026",No Portfolio,USD,NM - SP - Auto - All Products Test w/o Collagen - March 2026,NM - SP - Auto - All Products Test w/o Collagen - March 2026,Amazon,United States,close-match,-,salt stick powder,6,1,16.6667%,2,2,0,,0.00,0,0,0.0000%,0,0,0,0
"Feb 19, 2026","Feb 19, 2026",Jars,USD,NM - SP - Auto - PBP  Audience - Multi - Offense - Jars - July 2025,NM - SP - Jars - Auto - PBP  Audience - Multi - Offense - July 2025,Amazon,United States,loose-match,-,salt to drink. on water,1,1,100.0000%,4,4,0,,0.00,0,0,0.0000%,0,0,0,0
"Mar 17, 2026","Mar 17, 2026",No Portfolio,USD,NM - SP - Auto - All Products Test w/o Collagen - March 2026,NM - SP - Auto - All Products Test w/o Collagen - March 2026,Amazon,United States,close-match,-,salt watermelon,3,1,33.3333%,3,3,0,,0.00,0,0,0.0000%,0,0,0,0
"Mar 08, 2026","Mar 08, 2026",No Portfolio,USD,NM - SP - Auto - All Products Test w/o Collagen - March 2026,NM - SP - Auto - All Products Test w/o Collagen - March 2026,Amazon,United States,close-match,-,salts electrolytes,9,1,11.1111%,2,2,0,,0.00,0,0,0.0000%,0,0,0,0
"Mar 02, 2026","Mar 02, 2026",No Portfolio,USD,NM - SP - Auto - All Products Test w/o Collagen - March 2026,NM - SP - Auto - All Products Test w/o Collagen - March 2026,Amazon,United States,loose-match,-,salts for training,2,1,50.0000%,2,2,0,,0.00,0,0,0.0000%,0,0,0,0
"Mar 15, 2026","Mar 15, 2026",No Portfolio,USD,NM - SP - Auto - All Products Test w/o Collagen - March 2026,NM - SP - Auto - All Products Test w/o Collagen - March 2026,Amazon,United States,loose-match,-,salud hydration bulk,1,1,100.0000%,1,1,0,,0.00,0,0,0.0000%,0,0,0,0
"Mar 04, 2026","Mar 04, 2026",No Portfolio,USD,NM - SP - Auto - All Products Test w/o Collagen - March 2026,NM - SP - Auto - All Products Test w/o Collagen - March 2026,Amazon,United States,loose-match,-,salud variety pack,2,1,50.0000%,2,2,0,,0.00,0,0,0.0000%,0,0,0,0
"Mar 02, 2026","Mar 02, 2026",Jars,USD,NM - SP - Auto - HLP  Audience - Multi - Offense - Jars - July 2025,NM - SP - Jars - Auto - HLP  Audience - Multi - Offense - July 2025,Amazon,United States,close-match,-,same day delivery items prime,4,1,25.0000%,6,6,0,,0.00,0,0,0.0000%,0,0,0,0
"Feb 09, 2026","Feb 09, 2026",Sachets,USD,NM  - SP - STR - 4 Pack - PT 7 - B0DJ3J2CKX - Jan 2026,NM  - SP - STR - 4 Pack - PT 7 - B0DJ3J2CKX - Jan 2026,Amazon,United States,"asin=""B08JN8TSHH""",-,sample fitness,1,1,100.0000%,0,0,0,,0.00,0,0,0.0000%,0,0,0,0
"Feb 24, 2026","Feb 24, 2026",Jars,USD,NM - SP - Auto - PBP  Audience - Multi - Offense - Jars - July 2025,NM - SP - Jars - Auto - PBP  Audience - Multi - Offense - July 2025,Amazon,United States,loose-match,-,sample packs,4,1,25.0000%,2,2,0,,0.00,0,0,0.0000%,0,0,0,0
"Feb 04, 2026","Feb 04, 2026",Sachets,USD,NM  - SP - 4 Pack - Auto - CAC  Audience - Offense - B0DJ3J2CKX - July 2025,NM  - SP - 4 Pack - Auto - CAC  Audience - Offense - B0DJ3J2CKX - July 2025,Amazon,United States,substitutes,-,samples,8,1,12.5000%,0,0,5,3.6364%,27.50,1,1,100.0000%,1,0,5,0
"Mar 05, 2026","Mar 05, 2026",No Portfolio,USD,NM - SP - Auto - All Products Test w/o Collagen - March 2026,NM - SP - Auto - All Products Test w/o Collagen - March 2026,Amazon,United States,close-match,-,samples,12,2,16.6667%,2,4,0,,0.00,0,0,0.0000%,0,0,0,0
"Feb 22, 2026","Feb 22, 2026",Jars,USD,NM - SP - Auto - HLP  Audience - Multi - Offense - Jars - July 2025,NM - SP - Jars - Auto - HLP  Audience - Multi - Offense - July 2025,Amazon,United States,loose-match,-,"santa cruz, creatine",1,1,100.0000%,4,4,0,,0.00,0,0,0.0000%,0,0,0,0
"Feb 06, 2026","Feb 06, 2026",Sachets,USD,NM  - SP - STR - 12 Pack - PT 5 - B0DY6K7RQH - Jan 2026,NM  - SP - STR - 12 Pack - PT 5 - B0DY6K7RQH - Jan 2026,Amazon,United States,"asin=""B0DPRCCKJK""",-,sea moss electrolytes,2,1,50.0000%,4,4,0,,0.00,0,0,0.0000%,0,0,0,0
"Feb 04, 2026","Feb 04, 2026",Sachets,USD,NM  - SP - STR - 12 Pack - PT 5 - B0DY6K7RQH - Jan 2026,NM  - SP - STR - 12 Pack - PT 5 - B0DY6K7RQH - Jan 2026,Amazon,United States,"asin=""B0DPRCCKJK""",-,sea moss electrolytes packets,4,1,25.0000%,1,1,0,,0.00,0,0,0.0000%,0,0,0,0
"Mar 08, 2026","Mar 08, 2026",Jars,USD,NM - SP - Auto - HLP  Audience - Multi - Offense - Jars - July 2025,NM - SP - Jars - Auto - HLP  Audience - Multi - Offense - July 2025,Amazon,United States,loose-match,-,sea salt and coconut water electrolytes,1,1,100.0000%,2,2,0,,0.00,0,0,0.0000%,0,0,0,0
"Mar 08, 2026","Mar 08, 2026",No Portfolio,USD,NM - SP - Auto - All Products Test w/o Collagen - March 2026,NM - SP - Auto - All Products Test w/o Collagen - March 2026,Amazon,United States,loose-match,-,sea salt and coconut water electrolytes,1,1,100.0000%,2,2,0,,0.00,0,0,0.0000%,0,0,0,0
"Mar 14, 2026","Mar 14, 2026",No Portfolio,USD,NM - SP - Auto - All Products Test w/o Collagen - March 2026,NM - SP - Auto - All Products Test w/o Collagen - March 2026,Amazon,United States,loose-match,-,single serve electrolyte and creatine packet,3,1,33.3333%,1,1,0,,0.00,0,0,0.0000%,0,0,0,0
"Feb 02, 2026","Feb 02, 2026",Sachets,USD,NM  - SP - GPT - 12 Pack - Phrase - B0DY6K7RQH - Jan 2026,NM  - SP - GPT - 12 Pack - Phrase - B0DY6K7RQH - Jan 2026,Amazon,United States,hydration packets,PHRASE,single serve hydration packets,2,1,50.0000%,1,1,0,,0.00,0,0,0.0000%,0,0,0,0
"Mar 04, 2026","Mar 04, 2026",No Portfolio,USD,NM - SP - Phrase - All Products Test w/o Collagen - March 2026,NM - SP - Phrase - All Products Test w/o Collagen - March 2026,Amazon,United States,creatine monohydrate powder,PHRASE,sister creatine monohydrate powder,3,1,33.3333%,2,2,0,,0.00,0,0,0.0000%,0,0,0,0
"Mar 01, 2026","Mar 01, 2026",Jars,USD,NM - SP - Auto - PBP  Audience - Multi - Offense - Jars - July 2025,NM - SP - Jars - Auto - PBP  Audience - Multi - Offense - July 2025,Amazon,United States,loose-match,-,skin care collagen and dehydration drink,1,1,100.0000%,2,2,0,,0.00,0,0,0.0000%,0,0,0,0
"Feb 12, 2026","Feb 12, 2026",Jars,USD,NM - SP - Citrus Salt - BMM - Offense - Jars - Aug 2024,NM - Jars - Auto - BMM,Amazon,United States,+electrolytes +creatine +powder,BROAD,smoothie powder with electrolytes and creatine,1,1,100.0000%,7,7,0,,0.00,0,0,0.0000%,0,0,0,0
"Feb 25, 2026","Feb 25, 2026",Jars,USD,NM - SP - Auto - HLP  Audience - Multi - Offense - Jars - July 2025,NM - SP - Jars - Auto - HLP  Audience - Multi - Offense - July 2025,Amazon,United States,loose-match,-,sodium citrate dihydrate,1,1,100.0000%,3,3,0,,0.00,0,0,0.0000%,0,0,0,0
"Feb 17, 2026","Feb 17, 2026",Jars,USD,NM - SP - Auto - HLP  Audience - Multi - Offense - Jars - July 2025,NM - SP - Jars - Auto - HLP  Audience - Multi - Offense - July 2025,Amazon,United States,close-match,-,sodium electrolyte powder,3,1,33.3333%,3,3,0,,0.00,0,0,0.0000%,0,0,0,0
"Feb 24, 2026","Feb 24, 2026",Jars,USD,NM - SP - Auto - HLP  Audience - Multi - Offense - Jars - July 2025,NM - SP - Jars - Auto - HLP  Audience - Multi - Offense - July 2025,Amazon,United States,loose-match,-,sodium electrolyte powder with carb,1,1,100.0000%,4,4,0,,0.00,0,0,0.0000%,0,0,0,0
"Feb 16, 2026","Feb 16, 2026",Jars,USD,NM - SP - Auto - PBP  Audience - Multi - Offense - Jars - July 2025,NM - SP - Jars - Auto - PBP  Audience - Multi - Offense - July 2025,Amazon,United States,loose-match,-,sodium for cycling,1,1,100.0000%,4,4,0,,0.00,0,0,0.0000%,0,0,0,0
"Feb 17, 2026","Feb 17, 2026",Jars,USD,NM - SP - Auto - HLP  Audience - Multi - Offense - Jars - July 2025,NM - SP - Jars - Auto - HLP  Audience - Multi - Offense - July 2025,Amazon,United States,loose-match,-,sodium gym,2,1,50.0000%,4,4,0,,0.00,0,0,0.0000%,0,0,0,0
"Mar 01, 2026","Mar 01, 2026",Jars,USD,NM - SP - Auto - HLP  Audience - Multi - Offense - Jars - July 2025,NM - SP - Jars - Auto - HLP  Audience - Multi - Offense - July 2025,Amazon,United States,close-match,-,sodium hydration,2,1,50.0000%,3,3,20,15.1378%,6.61,1,1,100.0000%,0,1,0,20
"Mar 18, 2026","Mar 18, 2026",Jars,USD,NM - SP - Auto - HLP  Audience - Multi - Offense - Jars - July 2025,NM - SP - Jars - Auto - HLP  Audience - Multi - Offense - July 2025,Amazon,United States,loose-match,-,sodium potassium electrolytes,5,1,20.0000%,3,3,0,,0.00,0,0,0.0000%,0,0,0,0
"Feb 06, 2026","Feb 06, 2026",Sachets,USD,NM  - SP - 12 Pack - Auto - PBP  Audience - MDF - Offense - B0DY6K7RQH - July 2025,NM  - SP - 12 Pack - Auto - PBP  Audience - Offense - B0DY6K7RQH - July 2025,Amazon,United States,loose-match,-,sodium replacement for training,1,1,100.0000%,1,1,0,,0.00,0,0,0.0000%,0,0,0,0
"Mar 07, 2026","Mar 07, 2026",No Portfolio,USD,NM - SP - Auto - All Products Test w/o Collagen - March 2026,NM - SP - Auto - All Products Test w/o Collagen - March 2026,Amazon,United States,loose-match,-,sports medicine,11,1,9.0909%,2,2,0,,0.00,0,0,0.0000%,0,0,0,0
"Feb 14, 2026","Feb 14, 2026",Jars,USD,NM - SP - Auto - PBP  Audience - Multi - Offense - Jars - July 2025,NM - SP - Jars - Auto - PBP  Audience - Multi - Offense - July 2025,Amazon,United States,loose-match,-,sports stuff healthy,1,1,100.0000%,3,3,0,,0.00,0,0,0.0000%,0,0,0,0
"Mar 11, 2026","Mar 11, 2026",Jars,USD,NM - SP - Auto - HLP  Audience - Multi - Offense - Jars - July 2025,NM - SP - Jars - Auto - HLP  Audience - Multi - Offense - July 2025,Amazon,United States,loose-match,-,stacked water supplements,1,1,100.0000%,5,5,0,,0.00,0,0,0.0000%,0,0,0,0
"Mar 04, 2026","Mar 04, 2026",No Portfolio,USD,NM - SP - Phrase - All Products Test w/o Collagen - March 2026,NM - SP - Phrase - All Products Test w/o Collagen - March 2026,Amazon,United States,energy drink powder,PHRASE,stevia energy drink powder,8,1,12.5000%,3,3,0,,0.00,0,0,0.0000%,0,0,0,0
"Feb 02, 2026","Feb 02, 2026",Jars,USD,NM - SP - Phrase 3 - MDF - Jars - Sep 2025,NM - SP - Jars - Phrase 3 - Sep 2025,Amazon,United States,electrolytes powder with,PHRASE,stevia+free+electrolyte+powder,2,1,50.0000%,6,6,0,,0.00,0,0,0.0000%,0,0,0,0
"Feb 28, 2026","Feb 28, 2026",Jars,USD,NM - SP - Auto - HLP  Audience - Multi - Offense - Jars - July 2025,NM - SP - Jars - Auto - HLP  Audience - Multi - Offense - July 2025,Amazon,United States,loose-match,-,sugar free collagen and electrolytes,2,1,50.0000%,3,3,0,,0.00,0,0,0.0000%,0,0,0,0
"Feb 12, 2026","Feb 12, 2026",Jars,USD,NM - SP - Auto - PBP  Audience - Multi - Offense - Jars - July 2025,NM - SP - Jars - Auto - PBP  Audience - Multi - Offense - July 2025,Amazon,United States,loose-match,-,sugar free creatine drink mix,1,1,100.0000%,4,4,0,,0.00,0,0,0.0000%,0,0,0,0
"Mar 13, 2026","Mar 13, 2026",No Portfolio,USD,NM - SP - Auto - All Products Test w/o Collagen - March 2026,NM - SP - Auto - All Products Test w/o Collagen - March 2026,Amazon,United States,close-match,-,sugar free drink packets for water,1,1,100.0000%,2,2,0,,0.00,0,0,0.0000%,0,0,0,0
"Mar 04, 2026","Mar 04, 2026",No Portfolio,USD,NM - SP - Auto - All Products Test w/o Collagen - March 2026,NM - SP - Auto - All Products Test w/o Collagen - March 2026,Amazon,United States,loose-match,-,sugar free electrolyte powder packets,9,1,11.1111%,2,2,0,,0.00,0,0,0.0000%,0,0,0,0
"Mar 13, 2026","Mar 13, 2026",Jars,USD,NM - SP - Auto - HLP  Audience - Multi - Offense - Jars - July 2025,NM - SP - Jars - Auto - HLP  Audience - Multi - Offense - July 2025,Amazon,United States,loose-match,-,sugar free electrolyte powder with collagen,1,1,100.0000%,5,5,0,,0.00,0,0,0.0000%,0,0,0,0
"Mar 17, 2026","Mar 17, 2026",Jars,USD,NM - SP - Auto - HLP  Audience - Multi - Offense - Jars - July 2025,NM - SP - Jars - Auto - HLP  Audience - Multi - Offense - July 2025,Amazon,United States,loose-match,-,sugar free gatorade zero powder,3,1,33.3333%,3,3,0,,0.00,0,0,0.0000%,0,0,0,0
"Mar 18, 2026","Mar 18, 2026",No Portfolio,USD,NM - SP - Auto - All Products Test w/o Collagen - March 2026,NM - SP - Auto - All Products Test w/o Collagen - March 2026,Amazon,United States,close-match,-,sugar free hydration,4,1,25.0000%,3,3,0,,0.00,0,0,0.0000%,0,0,0,0
"Mar 04, 2026","Mar 04, 2026",No Portfolio,USD,NM - SP - Auto - All Products Test w/o Collagen - March 2026,NM - SP - Auto - All Products Test w/o Collagen - March 2026,Amazon,United States,loose-match,-,sugar free hydration packets for water,3,1,33.3333%,2,2,0,,0.00,0,0,0.0000%,0,0,0,0
"Mar 18, 2026","Mar 18, 2026",Jars,USD,NM - SP - Auto - HLP  Audience - Multi - Offense - Jars - July 2025,NM - SP - Jars - Auto - HLP  Audience - Multi - Offense - July 2025,Amazon,United States,loose-match,-,sugar free hydration powder with collagen,1,1,100.0000%,3,3,0,,0.00,0,0,0.0000%,0,0,0,0
"Mar 17, 2026","Mar 17, 2026",No Portfolio,USD,NM - SP - Auto - All Products Test w/o Collagen - March 2026,NM - SP - Auto - All Products Test w/o Collagen - March 2026,Amazon,United States,close-match,-,sugar free protein hydration drink,4,1,25.0000%,2,2,0,,0.00,0,0,0.0000%,0,0,0,0
"Mar 12, 2026","Mar 12, 2026",Jars,USD,NM - SP - Auto - HLP  Audience - Multi - Offense - Jars - July 2025,NM - SP - Jars - Auto - HLP  Audience - Multi - Offense - July 2025,Amazon,United States,loose-match,-,sugar-free collagen berry drink￼,1,1,100.0000%,4,4,0,,0.00,0,0,0.0000%,0,0,0,0
"Mar 04, 2026","Mar 04, 2026",No Portfolio,USD,NM - SP - Phrase - All Products Test w/o Collagen - March 2026,NM - SP - Phrase - All Products Test w/o Collagen - March 2026,Amazon,United States,creatine powder,PHRASE,sunwarrior creatine powder packets,8,1,12.5000%,2,2,0,,0.00,0,0,0.0000%,0,0,0,0
"Mar 09, 2026","Mar 09, 2026",Jars,USD,NM - SP - Auto - HLP  Audience - Multi - Offense - Jars - July 2025,NM - SP - Jars - Auto - HLP  Audience - Multi - Offense - July 2025,Amazon,United States,loose-match,-,sustain electrolytes,1,1,100.0000%,4,4,0,,0.00,0,0,0.0000%,0,0,0,0
"Mar 08, 2026","Mar 08, 2026",Jars,USD,NM - SP - Auto - HLP  Audience - Multi - Offense - Jars - July 2025,NM - SP - Jars - Auto - HLP  Audience - Multi - Offense - July 2025,Amazon,United States,loose-match,-,taurine and creatine,1,1,100.0000%,3,3,0,,0.00,0,0,0.0000%,0,0,0,0
"Mar 10, 2026","Mar 10, 2026",No Portfolio,USD,NM - SP - Phrase - All Products Test w/o Collagen - March 2026,NM - SP - Phrase - All Products Test w/o Collagen - March 2026,Amazon,United States,creatine powder,PHRASE,taurine and creatine powder packets,3,1,33.3333%,3,3,0,,0.00,0,0,0.0000%,0,0,0,0
"Mar 14, 2026","Mar 14, 2026",No Portfolio,USD,NM - SP - Auto - All Products Test w/o Collagen - March 2026,NM - SP - Auto - All Products Test w/o Collagen - March 2026,Amazon,United States,loose-match,-,taurine hydrate,1,1,100.0000%,1,1,0,,0.00,0,0,0.0000%,0,0,0,0
"Mar 02, 2026","Mar 02, 2026",Jars,USD,NM - SP - Auto - HLP  Audience - Multi - Offense - Jars - July 2025,NM - SP - Jars - Auto - HLP  Audience - Multi - Offense - July 2025,Amazon,United States,loose-match,-,teplenza replenisher,3,1,33.3333%,2,2,0,,0.00,0,0,0.0000%,0,0,0,0
"Feb 17, 2026","Feb 17, 2026",Jars,USD,NM - SP - STR - Phrase - Jars - Jan 2026,NM - SP - STR - Phrase - Jars - Jan 2026,Amazon,United States,creatine and electrolytes,PHRASE,thorne creatine electrolytes,1,1,100.0000%,2,2,33,4.7951%,20.85,1,1,100.0000%,0,1,0,33
"Feb 24, 2026","Feb 24, 2026",Jars,USD,NM - SP - Auto - PBP  Audience - Multi - Offense - Jars - July 2025,NM - SP - Jars - Auto - PBP  Audience - Multi - Offense - July 2025,Amazon,United States,loose-match,-,to hydrate arms,1,1,100.0000%,4,4,0,,0.00,0,0,0.0000%,0,0,0,0
"Feb 24, 2026","Feb 27, 2026",Sachets,USD,NM  - SP - 12 Pack - Phrase - MDF - B0DY6K7RQH - Sep 2025,NM  - SP - 12 Pack - Phrase - B0DY6K7RQH - Sep 2025,Amazon,United States,creatine and collagen,PHRASE,travel creatine and collagen packets,6,2,33.3333%,2,5,0,,0.00,0,0,0.0000%,0,0,0,0
"Feb 26, 2026","Feb 26, 2026",Sachets,USD,NM  - SP - STR - 4 Pack - PT 3 - B0DJ3J2CKX - Jan 2026,NM  - SP - STR - 4 Pack - PT 3 - B0DJ3J2CKX - Jan 2026,Amazon,United States,"asin=""B0DPKFB3NP""",-,travel creatine packets,2,1,50.0000%,1,1,0,,0.00,0,0,0.0000%,0,0,0,0
"Mar 14, 2026","Mar 14, 2026",No Portfolio,USD,NM - SP - Auto - All Products Test w/o Collagen - March 2026,NM - SP - Auto - All Products Test w/o Collagen - March 2026,Amazon,United States,close-match,-,travel creatine packets,6,1,16.6667%,2,2,0,,0.00,0,0,0.0000%,0,0,0,0
"Mar 04, 2026","Mar 04, 2026",No Portfolio,USD,NM - SP - Auto - All Products Test w/o Collagen - March 2026,NM - SP - Auto - All Products Test w/o Collagen - March 2026,Amazon,United States,loose-match,-,travel creatine packets,37,1,2.7027%,2,2,0,,0.00,0,0,0.0000%,0,0,0,0
"Mar 03, 2026","Mar 05, 2026",No Portfolio,USD,NM - SP - Auto - All Products Test w/o Collagen - March 2026,NM - SP - Auto - All Products Test w/o Collagen - March 2026,Amazon,United States,loose-match,-,travel essentials,435,2,0.4598%,2,4,0,,0.00,0,0,0.0000%,0,0,0,0
"Mar 03, 2026","Mar 03, 2026",Jars,USD,NM - SP - Auto - HLP  Audience - Multi - Offense - Jars - July 2025,NM - SP - Jars - Auto - HLP  Audience - Multi - Offense - July 2025,Amazon,United States,close-match,-,travel must haves,21,1,4.7619%,7,7,0,,0.00,0,0,0.0000%,0,0,0,0
"Feb 05, 2026","Feb 05, 2026",Sachets,USD,NM  - SP - 4 Pack - Phrase 3 - MDF - B0DJ3J2CKX - Sep 2025,NM  - SP - 4 Pack - Phrase 3 - B0DJ3J2CKX - Sep 2025,Amazon,United States,creatine powder packets,PHRASE,travel protein creatine powder packets,4,1,25.0000%,2,2,0,,0.00,0,0,0.0000%,0,0,0,0
"Mar 05, 2026","Mar 05, 2026",No Portfolio,USD,NM - SP - Auto - All Products Test w/o Collagen - March 2026,NM - SP - Auto - All Products Test w/o Collagen - March 2026,Amazon,United States,loose-match,-,travel protein powder,97,1,1.0309%,2,2,0,,0.00,0,0,0.0000%,0,0,0,0
"Feb 05, 2026","Feb 05, 2026",Sachets,USD,NM  - SP - STR - 12 Pack - PT 5 - B0DY6K7RQH - Jan 2026,NM  - SP - STR - 12 Pack - PT 5 - B0DY6K7RQH - Jan 2026,Amazon,United States,"asin=""B0DPRCCKJK""",-,true sea moss electrolytes hydration packets,2,1,50.0000%,4,4,0,,0.00,0,0,0.0000%,0,0,0,0
"Feb 06, 2026","Feb 06, 2026",Sachets,USD,NM  - SP - STR - 12 Pack - PT - B0DY6K7RQH - Jan 2026,NM  - SP - STR - 12 Pack - PT - B0DY6K7RQH - Jan 2026,Amazon,United States,"asin=""B01IIGQ5KG""",-,ultima,1,1,100.0000%,1,1,0,,0.00,0,0,0.0000%,0,0,0,0
"Mar 03, 2026","Mar 03, 2026",Jars,USD,NM - SP - Auto - HLP  Audience - Multi - Offense - Jars - July 2025,NM - SP - Jars - Auto - HLP  Audience - Multi - Offense - July 2025,Amazon,United States,close-match,-,ultima electrolytes,54,1,1.8519%,7,7,0,,0.00,0,0,0.0000%,0,0,0,0
"Mar 12, 2026","Mar 12, 2026",Jars,USD,NM - SP - Auto - HLP  Audience - Multi - Offense - Jars - July 2025,NM - SP - Jars - Auto - HLP  Audience - Multi - Offense - July 2025,Amazon,United States,loose-match,-,ultima replenisher with protein,2,1,50.0000%,2,2,0,,0.00,0,0,0.0000%,0,0,0,0
"Mar 17, 2026","Mar 17, 2026",Jars,USD,NM - SP - Auto - HLP  Audience - Multi - Offense - Jars - July 2025,NM - SP - Jars - Auto - HLP  Audience - Multi - Offense - July 2025,Amazon,United States,loose-match,-,"ultima replenisher, 90-serving tub",2,1,50.0000%,5,5,0,,0.00,0,0,0.0000%,0,0,0,0
"Mar 12, 2026","Mar 12, 2026",Jars,USD,NM - SP - Auto - HLP  Audience - Multi - Offense - Jars - July 2025,NM - SP - Jars - Auto - HLP  Audience - Multi - Offense - July 2025,Amazon,United States,loose-match,-,ultima ropeelectrolyte tea,1,1,100.0000%,4,4,0,,0.00,0,0,0.0000%,0,0,0,0
"Mar 09, 2026","Mar 09, 2026",No Portfolio,USD,NM - SP - Auto - All Products Test w/o Collagen - March 2026,NM - SP - Auto - All Products Test w/o Collagen - March 2026,Amazon,United States,loose-match,-,unflavored creatine,37,1,2.7027%,2,2,0,,0.00,0,0,0.0000%,0,0,0,0
"Mar 14, 2026","Mar 14, 2026",No Portfolio,USD,NM - SP - Auto - All Products Test w/o Collagen - March 2026,NM - SP - Auto - All Products Test w/o Collagen - March 2026,Amazon,United States,close-match,-,unflavored hydration packets,5,1,20.0000%,2,2,0,,0.00,0,0,0.0000%,0,0,0,0
"Mar 05, 2026","Mar 05, 2026",No Portfolio,USD,NM - SP - Auto - All Products Test w/o Collagen - March 2026,NM - SP - Auto - All Products Test w/o Collagen - March 2026,Amazon,United States,loose-match,-,unwell hydration drinks,1,1,100.0000%,2,2,0,,0.00,0,0,0.0000%,0,0,0,0
"Mar 17, 2026","Mar 17, 2026",No Portfolio,USD,NM - SP - Auto - All Products Test w/o Collagen - March 2026,NM - SP - Auto - All Products Test w/o Collagen - March 2026,Amazon,United States,close-match,-,venture pal hydration packets,7,1,14.2857%,3,3,0,,0.00,0,0,0.0000%,0,0,0,0
"Feb 07, 2026","Feb 07, 2026",Sachets,USD,NM  - SP - 12 Pack - Phrase - MDF - B0DY6K7RQH - Sep 2025,NM  - SP - 12 Pack - Phrase - B0DY6K7RQH - Sep 2025,Amazon,United States,collagen for women,PHRASE,verisol collagen for women,2,1,50.0000%,2,2,0,,0.00,0,0,0.0000%,0,0,0,0
"Mar 01, 2026","Mar 01, 2026",Sachets,USD,NM  - SP - 12 Pack - Phrase - MDF - B0DY6K7RQH - Sep 2025,NM  - SP - 12 Pack - Phrase - B0DY6K7RQH - Sep 2025,Amazon,United States,collagen creatine electrolytes,PHRASE,vitamin c collagen creatine electrolytes,1,1,100.0000%,4,4,0,,0.00,0,0,0.0000%,0,0,0,0
"Feb 11, 2026","Feb 11, 2026",Sachets,USD,NM  - SP - STR - 12 Pack - PT 5 - B0DY6K7RQH - Jan 2026,NM  - SP - STR - 12 Pack - PT 5 - B0DY6K7RQH - Jan 2026,Amazon,United States,"asin=""B0DPRCCKJK""",-,vitamin sachets for water,1,1,100.0000%,4,4,0,,0.00,0,0,0.0000%,0,0,0,0
"Mar 04, 2026","Mar 04, 2026",No Portfolio,USD,NM - SP - Auto - All Products Test w/o Collagen - March 2026,NM - SP - Auto - All Products Test w/o Collagen - March 2026,Amazon,United States,loose-match,-,vitamin water powder mix,2,1,50.0000%,2,2,0,,0.00,0,0,0.0000%,0,0,0,0
"Mar 05, 2026","Mar 05, 2026",No Portfolio,USD,NM - SP - Auto - All Products Test w/o Collagen - March 2026,NM - SP - Auto - All Products Test w/o Collagen - March 2026,Amazon,United States,loose-match,-,water drink mix packets,9,1,11.1111%,2,2,0,,0.00,0,0,0.0000%,0,0,0,0
"Mar 03, 2026","Mar 03, 2026",Sachets,USD,NM  - SP - STR - 12 Pack - PT 3 - B0DY6K7RQH - Jan 2026,NM  - SP - STR - 12 Pack - PT 3 - B0DY6K7RQH - Jan 2026,Amazon,United States,"asin=""B0BRM8CT4N""",-,water enhancer protein,1,1,100.0000%,1,1,0,,0.00,0,0,0.0000%,0,0,0,0
"Feb 11, 2026","Feb 11, 2026",Sachets,USD,NM  - SP - 4 Pack - Auto - CAC  Audience - Offense - B0DJ3J2CKX - July 2025,NM  - SP - 4 Pack - Auto - CAC  Audience - Offense - B0DJ3J2CKX - July 2025,Amazon,United States,substitutes,-,water flavor packets,1,1,100.0000%,1,1,0,,0.00,0,0,0.0000%,0,0,0,0
"Feb 05, 2026","Feb 05, 2026",Sachets,USD,NM  - SP - 4 Pack - Auto - PBP  Audience - Offense - B0DJ3J2CKX - July 2025,NM  - SP - 4 Pack - Auto - PBP  Audience - Offense - B0DJ3J2CKX - July 2025,Amazon,United States,close-match,-,water flavoring packets,3,1,33.3333%,0,0,0,,0.00,0,0,0.0000%,0,0,0,0
"Mar 17, 2026","Mar 17, 2026",Jars,USD,NM - SP - Auto - HLP  Audience - Multi - Offense - Jars - July 2025,NM - SP - Jars - Auto - HLP  Audience - Multi - Offense - July 2025,Amazon,United States,loose-match,-,water flavoring powder,1,1,100.0000%,5,5,0,,0.00,0,0,0.0000%,0,0,0,0
"Mar 04, 2026","Mar 04, 2026",No Portfolio,USD,NM - SP - Auto - All Products Test w/o Collagen - March 2026,NM - SP - Auto - All Products Test w/o Collagen - March 2026,Amazon,United States,loose-match,-,water powder flavor packets,8,1,12.5000%,2,2,0,,0.00,0,0,0.0000%,0,0,0,0
"Mar 12, 2026","Mar 12, 2026",Jars,USD,NM - SP - Auto - HLP  Audience - Multi - Offense - Jars - July 2025,NM - SP - Jars - Auto - HLP  Audience - Multi - Offense - July 2025,Amazon,United States,loose-match,-,water stack collagen,1,1,100.0000%,2,2,0,,0.00,0,0,0.0000%,0,0,0,0
"Mar 16, 2026","Mar 16, 2026",Jars,USD,NM - SP - Auto - HLP  Audience - Multi - Offense - Jars - July 2025,NM - SP - Jars - Auto - HLP  Audience - Multi - Offense - July 2025,Amazon,United States,loose-match,-,water supplements with collagen clean ingredients,1,1,100.0000%,4,4,0,,0.00,0,0,0.0000%,0,0,0,0
"Mar 06, 2026","Mar 06, 2026",Jars,USD,NM - SP - Auto - HLP  Audience - Multi - Offense - Jars - July 2025,NM - SP - Jars - Auto - HLP  Audience - Multi - Offense - July 2025,Amazon,United States,close-match,-,watermelon collagen powder,1,1,100.0000%,3,3,0,,0.00,0,0,0.0000%,0,0,0,0
"Mar 14, 2026","Mar 14, 2026",Jars,USD,NM - SP - Auto - HLP  Audience - Multi - Offense - Jars - July 2025,NM - SP - Jars - Auto - HLP  Audience - Multi - Offense - July 2025,Amazon,United States,close-match,-,watermelon creatine,3,1,33.3333%,5,5,0,,0.00,0,0,0.0000%,0,0,0,0
"Mar 15, 2026","Mar 15, 2026",No Portfolio,USD,NM - SP - Auto - All Products Test w/o Collagen - March 2026,NM - SP - Auto - All Products Test w/o Collagen - March 2026,Amazon,United States,close-match,-,watermelon electrolyte powder,19,1,5.2632%,2,2,0,,0.00,0,0,0.0000%,0,0,0,0
"Mar 12, 2026","Mar 12, 2026",No Portfolio,USD,NM - SP - Auto - All Products Test w/o Collagen - March 2026,NM - SP - Auto - All Products Test w/o Collagen - March 2026,Amazon,United States,close-match,-,watermelon electrolytes,56,1,1.7857%,3,3,0,,0.00,0,0,0.0000%,0,0,0,0
"Mar 08, 2026","Mar 11, 2026",No Portfolio,USD,NM - SP - Auto - All Products Test w/o Collagen - March 2026,NM - SP - Auto - All Products Test w/o Collagen - March 2026,Amazon,United States,close-match,-,watermelon electrolytes powder,404,2,0.4950%,2,4,0,,0.00,0,0,0.0000%,0,0,0,0
"Mar 08, 2026","Mar 08, 2026",Jars,USD,NM - SP - Auto - HLP  Audience - Multi - Offense - Jars - July 2025,NM - SP - Jars - Auto - HLP  Audience - Multi - Offense - July 2025,Amazon,United States,loose-match,-,watermelon flavored collagen,1,1,100.0000%,3,3,0,,0.00,0,0,0.0000%,0,0,0,0
"Mar 10, 2026","Mar 14, 2026",No Portfolio,USD,NM - SP - Auto - All Products Test w/o Collagen - March 2026,NM - SP - Auto - All Products Test w/o Collagen - March 2026,Amazon,United States,close-match,-,watermelon hydration powder,165,3,1.8182%,2,6,0,,0.00,0,0,0.0000%,0,0,0,0
"Mar 17, 2026","Mar 17, 2026",No Portfolio,USD,NM - SP - Auto - All Products Test w/o Collagen - March 2026,NM - SP - Auto - All Products Test w/o Collagen - March 2026,Amazon,United States,close-match,-,watermelon powder,53,1,1.8868%,3,3,0,,0.00,0,0,0.0000%,0,0,0,0
"Mar 14, 2026","Mar 14, 2026",Jars,USD,NM - SP - Auto - HLP  Audience - Multi - Offense - Jars - July 2025,NM - SP - Jars - Auto - HLP  Audience - Multi - Offense - July 2025,Amazon,United States,loose-match,-,watermelon protein collagen,1,1,100.0000%,5,5,0,,0.00,0,0,0.0000%,0,0,0,0
"Feb 04, 2026","Mar 01, 2026",Jars,USD,NM - SP - Auto - HLP  Audience - Multi - Offense - Jars - July 2025,NM - SP - Jars - Auto - HLP  Audience - Multi - Offense - July 2025,Amazon,United States,close-match,-,watermelon salt,49,4,8.1633%,4,16,0,,0.00,0,0,0.0000%,0,0,0,0
"Mar 11, 2026","Mar 14, 2026",No Portfolio,USD,NM - SP - Auto - All Products Test w/o Collagen - March 2026,NM - SP - Auto - All Products Test w/o Collagen - March 2026,Amazon,United States,close-match,-,watermelon salt,79,2,2.5316%,2,3,0,,0.00,0,0,0.0000%,0,0,0,0
"Mar 06, 2026","Mar 06, 2026",No Portfolio,USD,NM - SP - Auto - All Products Test w/o Collagen - March 2026,NM - SP - Auto - All Products Test w/o Collagen - March 2026,Amazon,United States,loose-match,-,watermelon salt,1,1,100.0000%,2,2,0,,0.00,0,0,0.0000%,0,0,0,0
"Mar 12, 2026","Mar 12, 2026",No Portfolio,USD,NM - SP - Auto - All Products Test w/o Collagen - March 2026,NM - SP - Auto - All Products Test w/o Collagen - March 2026,Amazon,United States,close-match,-,watermelon salt electrolyte,4,1,25.0000%,2,2,0,,0.00,0,0,0.0000%,0,0,0,0
"Feb 16, 2026","Feb 16, 2026",Jars,USD,NM - SP - Auto - HLP  Audience - Multi - Offense - Jars - July 2025,NM - SP - Jars - Auto - HLP  Audience - Multi - Offense - July 2025,Amazon,United States,close-match,-,watermelon salts,1,1,100.0000%,6,6,0,,0.00,0,0,0.0000%,0,0,0,0
"Feb 28, 2026","Feb 28, 2026",Sachets,USD,NM  - SP - STR - 4 Pack - PT - B0DJ3J2CKX - Jan 2026,NM  - SP - STR - 4 Pack - PT - B0DJ3J2CKX - Jan 2026,Amazon,United States,"asin=""B01IIGQ5KG""",-,wellah electrolytes,1,1,100.0000%,1,1,0,,0.00,0,0,0.0000%,0,0,0,0
"Mar 11, 2026","Mar 11, 2026",Jars,USD,NM - SP - Auto - HLP  Audience - Multi - Offense - Jars - July 2025,NM - SP - Jars - Auto - HLP  Audience - Multi - Offense - July 2025,Amazon,United States,loose-match,-,whole food electrolyte drink,1,1,100.0000%,5,5,0,,0.00,0,0,0.0000%,0,0,0,0
"Feb 20, 2026","Feb 20, 2026",Jars,USD,NM - SP - Auto - HLP  Audience - Multi - Offense - Jars - July 2025,NM - SP - Jars - Auto - HLP  Audience - Multi - Offense - July 2025,Amazon,United States,close-match,-,whole food electrolytes,1,1,100.0000%,6,6,0,,0.00,0,0,0.0000%,0,0,0,0
"Feb 16, 2026","Feb 16, 2026",Jars,USD,NM - SP - Auto - HLP  Audience - Multi - Offense - Jars - July 2025,NM - SP - Jars - Auto - HLP  Audience - Multi - Offense - July 2025,Amazon,United States,close-match,-,within you hydration,1,1,100.0000%,6,6,0,,0.00,0,0,0.0000%,0,0,0,0
"Feb 23, 2026","Feb 23, 2026",Jars,USD,NM - SP - Auto - CAC  Audience - Multi - Offense - Jars - July 2025,NM - SP - Jars - Auto - CAC  Audience - Multi - Offense - July 2025,Amazon,United States,substitutes,-,women fitness,1,1,100.0000%,4,4,0,,0.00,0,0,0.0000%,0,0,0,0
"Mar 04, 2026","Mar 04, 2026",No Portfolio,USD,NM - SP - Phrase - All Products Test w/o Collagen - March 2026,NM - SP - Phrase - All Products Test w/o Collagen - March 2026,Amazon,United States,creatine powder,PHRASE,women's creatine powder flavored,2,1,50.0000%,2,2,0,,0.00,0,0,0.0000%,0,0,0,0
"Mar 03, 2026","Mar 03, 2026",No Portfolio,USD,NM - SP - Phrase - All Products Test w/o Collagen - March 2026,NM - SP - Phrase - All Products Test w/o Collagen - March 2026,Amazon,United States,creatine powder,PHRASE,womens creatine powder,11,1,9.0909%,3,3,0,,0.00,0,0,0.0000%,0,0,0,0
"Mar 04, 2026","Mar 04, 2026",No Portfolio,USD,NM - SP - Auto - All Products Test w/o Collagen - March 2026,NM - SP - Auto - All Products Test w/o Collagen - March 2026,Amazon,United States,close-match,-,womens creatine supplements,3,1,33.3333%,2,2,0,,0.00,0,0,0.0000%,0,0,0,0
"Mar 15, 2026","Mar 15, 2026",No Portfolio,USD,NM - SP - Auto - All Products Test w/o Collagen - March 2026,NM - SP - Auto - All Products Test w/o Collagen - March 2026,Amazon,United States,close-match,-,womens essentials,16,1,6.2500%,2,2,0,,0.00,0,0,0.0000%,0,0,0,0
"Mar 02, 2026","Mar 09, 2026",No Portfolio,USD,NM - SP - Phrase - All Products Test w/o Collagen - March 2026,NM - SP - Phrase - All Products Test w/o Collagen - March 2026,Amazon,United States,pre workout powder,PHRASE,womens pre workout powder,34,2,5.8824%,3,6,0,,0.00,0,0,0.0000%,0,0,0,0
"Mar 09, 2026","Mar 09, 2026",No Portfolio,USD,NM - SP - Auto - All Products Test w/o Collagen - March 2026,NM - SP - Auto - All Products Test w/o Collagen - March 2026,Amazon,United States,loose-match,-,womens running snacks,3,1,33.3333%,2,2,0,,0.00,0,0,0.0000%,0,0,0,0
"Mar 05, 2026","Mar 05, 2026",No Portfolio,USD,NM - SP - Auto - All Products Test w/o Collagen - March 2026,NM - SP - Auto - All Products Test w/o Collagen - March 2026,Amazon,United States,loose-match,-,womens workout,11,1,9.0909%,1,1,0,,0.00,0,0,0.0000%,0,0,0,0
"Mar 01, 2026","Mar 02, 2026",Jars,USD,NM - SP - Auto - HLP  Audience - Multi - Offense - Jars - July 2025,NM - SP - Jars - Auto - HLP  Audience - Multi - Offense - July 2025,Amazon,United States,close-match,-,workout,244,2,0.8197%,5,9,0,,0.00,0,0,0.0000%,0,0,0,0
"Mar 16, 2026","Mar 19, 2026",Jars,USD,NM - SP - Auto - HLP  Audience - Multi - Offense - Jars - July 2025,NM - SP - Jars - Auto - HLP  Audience - Multi - Offense - July 2025,Amazon,United States,close-match,-,workout essentials,20,2,10.0000%,4,9,0,,0.00,0,0,0.0000%,0,0,0,0
"Mar 02, 2026","Mar 02, 2026",Jars,USD,NM - SP - Auto - HLP  Audience - Multi - Offense - Jars - July 2025,NM - SP - Jars - Auto - HLP  Audience - Multi - Offense - July 2025,Amazon,United States,close-match,-,workout essentials for women,42,1,2.3810%,6,6,0,,0.00,0,0,0.0000%,0,0,0,0
"Mar 04, 2026","Mar 04, 2026",No Portfolio,USD,NM - SP - Auto - All Products Test w/o Collagen - March 2026,NM - SP - Auto - All Products Test w/o Collagen - March 2026,Amazon,United States,loose-match,-,workout essentials for women,33,1,3.0303%,2,2,0,,0.00,0,0,0.0000%,0,0,0,0
"Feb 19, 2026","Feb 19, 2026",Jars,USD,NM - SP - Auto - HLP  Audience - Multi - Offense - Jars - July 2025,NM - SP - Jars - Auto - HLP  Audience - Multi - Offense - July 2025,Amazon,United States,close-match,-,workout recovery drink,6,1,16.6667%,4,4,45,9.2770%,10.78,1,1,100.0000%,0,1,0,45
"Mar 14, 2026","Mar 14, 2026",Jars,USD,NM - SP - Auto - HLP  Audience - Multi - Offense - Jars - July 2025,NM - SP - Jars - Auto - HLP  Audience - Multi - Offense - July 2025,Amazon,United States,loose-match,-,workout recovery drink natural sweetener,2,1,50.0000%,5,5,0,,0.00,0,0,0.0000%,0,0,0,0
"Mar 14, 2026","Mar 14, 2026",Jars,USD,NM - SP - Auto - HLP  Audience - Multi - Offense - Jars - July 2025,NM - SP - Jars - Auto - HLP  Audience - Multi - Offense - July 2025,Amazon,United States,loose-match,-,workout relief recovery,1,1,100.0000%,5,5,0,,0.00,0,0,0.0000%,0,0,0,0
"Feb 03, 2026","Feb 03, 2026",Sachets,USD,NM  - SP - STR - 4 Pack - PT 7 - B0DJ3J2CKX - Jan 2026,NM  - SP - STR - 4 Pack - PT 7 - B0DJ3J2CKX - Jan 2026,Amazon,United States,"asin=""B08JN8TSHH""",-,workout sample packs,1,1,100.0000%,1,1,0,,0.00,0,0,0.0000%,0,0,0,0
"Feb 01, 2026","Feb 01, 2026",Sachets,USD,NM  - SP - 4 Pack - Auto - CAC  Audience - Offense - B0DJ3J2CKX - July 2025,NM  - SP - 4 Pack - Auto - CAC  Audience - Offense - B0DJ3J2CKX - July 2025,Amazon,United States,loose-match,-,workout sample women,2,1,50.0000%,1,1,0,,0.00,0,0,0.0000%,0,0,0,0
"Mar 03, 2026","Mar 08, 2026",No Portfolio,USD,NM - SP - Auto - All Products Test w/o Collagen - March 2026,NM - SP - Auto - All Products Test w/o Collagen - March 2026,Amazon,United States,loose-match,-,workout sets for women,138,2,1.4493%,2,4,0,,0.00,0,0,0.0000%,0,0,0,0
"Feb 08, 2026","Feb 08, 2026",Sachets,USD,NM  - SP - STR - 4 Pack - PT - B0DJ3J2CKX - Jan 2026,NM  - SP - STR - 4 Pack - PT - B0DJ3J2CKX - Jan 2026,Amazon,United States,"asin=""B0DQWLCR5J""",-,workout supplement samples,0,1,,1,1,5,12.3232%,8.11,1,1,100.0000%,1,0,5,0
"Feb 13, 2026","Feb 13, 2026",Jars,USD,NM - SP - Auto - HLP  Audience - Multi - Offense - Jars - July 2025,NM - SP - Jars - Auto - HLP  Audience - Multi - Offense - July 2025,Amazon,United States,close-match,-,zero carbs hydration high sodium,2,1,50.0000%,6,6,0,,0.00,0,0,0.0000%,0,0,0,0
"Mar 03, 2026","Mar 03, 2026",Jars,USD,NM - SP - Auto - HLP  Audience - Multi - Offense - Jars - July 2025,NM - SP - Jars - Auto - HLP  Audience - Multi - Offense - July 2025,Amazon,United States,close-match,-,zero sodium electrolyte powder,1,1,100.0000%,3,3,0,,0.00,0,0,0.0000%,0,0,0,0
"Mar 12, 2026","Mar 12, 2026",Jars,USD,NM - SP - Auto - HLP  Audience - Multi - Offense - Jars - July 2025,NM - SP - Jars - Auto - HLP  Audience - Multi - Offense - July 2025,Amazon,United States,loose-match,-,zero sugar and carb collagen best,1,1,100.0000%,5,5,0,,0.00,0,0,0.0000%,0,0,0,0
"Mar 01, 2026","Mar 12, 2026",Jars,USD,NM - SP - Auto - HLP  Audience - Multi - Offense - Jars - July 2025,NM - SP - Jars - Auto - HLP  Audience - Multi - Offense - July 2025,Amazon,United States,close-match,-,zero sugar collagen powder,3,2,66.6667%,6,12,0,,0.00,0,0,0.0000%,0,0,0,0
"Mar 12, 2026","Mar 12, 2026",No Portfolio,USD,NM - SP - Auto - All Products Test w/o Collagen - March 2026,NM - SP - Auto - All Products Test w/o Collagen - March 2026,Amazon,United States,close-match,-,zero sugar creatine powder,3,1,33.3333%,3,3,0,,0.00,0,0,0.0000%,0,0,0,0
"Mar 01, 2026","Mar 01, 2026",Jars,USD,NM - SP - Auto - HLP  Audience - Multi - Offense - Jars - July 2025,NM - SP - Jars - Auto - HLP  Audience - Multi - Offense - July 2025,Amazon,United States,close-match,-,zero sugar creatine￼,1,1,100.0000%,5,5,0,,0.00,0,0,0.0000%,0,0,0,0
"Mar 05, 2026","Mar 05, 2026",No Portfolio,USD,NM - SP - Phrase - All Products Test w/o Collagen - March 2026,NM - SP - Phrase - All Products Test w/o Collagen - March 2026,Amazon,United States,electrolyte drink mix,PHRASE,zero sugar electrolyte drink mix,76,1,1.3158%,5,5,0,,0.00,0,0,0.0000%,0,0,0,0
"Feb 01, 2026","Feb 01, 2026",Sachets,USD,NM  - SP - STR - 4 Pack - PT - B0DJ3J2CKX - Jan 2026,NM  - SP - STR - 4 Pack - PT - B0DJ3J2CKX - Jan 2026,Amazon,United States,"asin=""B01IIGQ5KG""",-,zero sugar electrolyte solution,2,1,50.0000%,1,1,0,,0.00,0,0,0.0000%,0,0,0,0
"Mar 06, 2026","Mar 06, 2026",Jars,USD,NM - SP - Auto - HLP  Audience - Multi - Offense - Jars - July 2025,NM - SP - Jars - Auto - HLP  Audience - Multi - Offense - July 2025,Amazon,United States,close-match,-,zero sugar electrolytes and collagen,2,1,50.0000%,5,5,0,,0.00,0,0,0.0000%,0,0,0,0
"Mar 04, 2026","Mar 04, 2026",No Portfolio,USD,NM - SP - Phrase - All Products Test w/o Collagen - March 2026,NM - SP - Phrase - All Products Test w/o Collagen - March 2026,Amazon,United States,electrolyte drink mix,PHRASE,zyn electrolyte drink mix,23,3,13.0435%,5,15,0,,0.00,0,0,0.0000%,0,0,0,0
"Mar 09, 2026","Mar 09, 2026",Jars,USD,NM - SP - Pineapple Salt - BMM - MDF - Collagen KWs - Offense - Jars - Mar 2025,NM - SP - Jars - Pineapple Salt - BMM - Collagen KWs - Mar 2025,Amazon,United States,+collagen +electrolytes,BROAD,￼claritin plus collagen plus electrolytes,1,1,100.0000%,0,0,0,,0.00,0,0,0.0000%,0,0,0,0
"Mar 04, 2026","Mar 04, 2026",Sachets,USD,NM  - SP - 12 Pack - Phrase - MDF - B0DY6K7RQH - Sep 2025,NM  - SP - 12 Pack - Phrase - B0DY6K7RQH - Sep 2025,Amazon,United States,creatine and collagen,PHRASE,￼creatine and collagen packet,1,1,100.0000%,3,3,0,,0.00,0,0,0.0000%,0,0,0,0
"Mar 06, 2026","Mar 06, 2026",Jars,USD,NM - SP - Auto - HLP  Audience - Multi - Offense - Jars - July 2025,NM - SP - Jars - Auto - HLP  Audience - Multi - Offense - July 2025,Amazon,United States,loose-match,-,￼creating collagen electrolytes to put in my water,1,1,100.0000%,3,3,0,,0.00,0,0,0.0000%,0,0,0,0
"Mar 14, 2026","Mar 14, 2026",Jars,USD,NM - SP - STR - Phrase - Jars - Jan 2026,NM - SP - STR - Phrase - Jars - Jan 2026,Amazon,United States,electrolytes collagen,PHRASE,￼electrolyte collagen and protein mix,1,1,100.0000%,3,3,0,,0.00,0,0,0.0000%,0,0,0,0
"Mar 02, 2026","Mar 02, 2026",No Portfolio,USD,NM - SP - Auto - All Products Test w/o Collagen - March 2026,NM - SP - Auto - All Products Test w/o Collagen - March 2026,Amazon,United States,close-match,-,￼electrolyte powder,2,1,50.0000%,2,2,0,,0.00,0,0,0.0000%,0,0,0,0
"Feb 22, 2026","Feb 22, 2026",Jars,USD,NM - SP - Citrus Salt - Exact - MDF - Offense - Harvest - Jars - Oct 2024,NM - Jars - Citrus Salt - Exact - Harvest - Oct 2024,Amazon,United States,electrolyte creatine,EXACT,￼electrolytes and creatine,5,1,20.0000%,5,5,45,11.1235%,8.99,1,1,100.0000%,0,1,0,45
"Feb 21, 2026","Feb 21, 2026",Jars,USD,NM - SP - Auto - HLP  Audience - Multi - Offense - Jars - July 2025,NM - SP - Jars - Auto - HLP  Audience - Multi - Offense - July 2025,Amazon,United States,close-match,-,￼electrolytes powder,2,1,50.0000%,6,6,0,,0.00,0,0,0.0000%,0,0,0,0
"Mar 03, 2026","Mar 03, 2026",Jars,USD,NM - SP - Auto - HLP  Audience - Multi - Offense - Jars - July 2025,NM - SP - Jars - Auto - HLP  Audience - Multi - Offense - July 2025,Amazon,United States,close-match,-,￼electrolytes with collagen,3,1,33.3333%,4,4,0,,0.00,0,0,0.0000%,0,0,0,0
"Mar 07, 2026","Mar 07, 2026",Jars,USD,NM - SP - Citrus Salt - Exact - MDF - Offense - Harvest - Jars - Oct 2024,NM - Jars - Citrus Salt - Exact - Harvest - Oct 2024,Amazon,United States,electrolyte creatine,EXACT,￼electrolytes with creatine,2,1,50.0000%,3,3,0,,0.00,0,0,0.0000%,0,0,0,0
"Mar 18, 2026","Mar 18, 2026",Jars,USD,NM - SP - Auto - HLP  Audience - Multi - Offense - Jars - July 2025,NM - SP - Jars - Auto - HLP  Audience - Multi - Offense - July 2025,Amazon,United States,loose-match,-,￼protein collagen electrolyte mix,1,1,100.0000%,5,5,0,,0.00,0,0,0.0000%,0,0,0,0
"Feb 15, 2026","Feb 15, 2026",Jars,USD,NM - SP - Auto - HLP  Audience - Multi - Offense - Jars - July 2025,NM - SP - Jars - Auto - HLP  Audience - Multi - Offense - July 2025,Amazon,United States,loose-match,-,￼what is the hydration drink mix with the lowest sugar and no artificial sweetener￼,1,1,100.0000%,4,4,0,,0.00,0,0,0.0000%,0,0,0,0